time,exp1_s1,exp1_s2,exp2_s1,exp2_s2,exp3_s1,exp3_s2,exp4_s1,exp4_s2,exp5_s1,exp5_s2,exp6_s1,exp6_s2,exp7_s1,exp7_s2,exp8_s1,exp8_s2,exp9_s1,exp9_s2,exp10_s1,exp10_s2
0,2,122,1,118,2,84,2,87,3,110,2,118,3,138,2,154,3,137,2,124
0,3,112,3,89,1,46,3,105,3,133,3,113,2,86,1,93,3,91,2,117
0,2,111,3,93,2,74,2,129,3,114,2,98,3,130,2,114,1,96,3,133
0,2,90,2,61,1,100,3,141,2,88,1,103,3,119,3,125,1,119,2,128
0,2,122,2,42,2,90,2,67,2,77,3,143,1,64,2,119,2,70,3,90
0,3,92,3,96,2,141,2,114,2,130,2,93,2,122,3,138,2,124,2,67
0,2,109,2,84,3,120,2,111,2,94,2,117,1,111,2,130,2,142,2,125
0,1,68,1,67,1,80,1,62,2,115,2,85,3,144,1,98,1,80,3,141
0,1,68,1,105,3,148,3,127,3,112,3,142,1,99,3,137,3,114,2,107
0,1,76,3,119,2,134,3,143,3,118,1,143,2,85,1,65,1,114,2,65
0,2,94,2,123,1,47,2,114,2,75,2,97,2,91,3,66,1,84,3,186
0,3,78,2,86,3,128,3,74,2,74,1,70,3,83,2,92,3,95,2,135
0,2,90,1,122,1,87,1,70,3,94,1,71,1,79,3,125,2,101,2,81
0,3,100,1,79,1,79,2,133,3,98,2,98,1,67,3,141,1,85,2,104
0,2,71,2,81,1,120,2,118,2,71,3,89,2,109,2,98,2,78,2,106
0,2,100,2,36,3,112,1,98,1,113,2,87,3,94,2,119,1,92,2,80
0,3,109,2,159,1,43,2,105,2,105,2,92,3,122,1,105,2,48,2,84
0,1,77,1,72,2,81,2,130,3,153,2,110,2,94,2,83,2,122,2,76
0,2,95,1,123,3,65,1,33,3,97,1,115,2,82,2,64,3,121,3,137
0,3,93,2,81,2,128,2,114,2,95,3,134,1,134,2,116,1,106,3,131
0,2,59,2,91,2,145,2,80,3,102,3,144,2,110,3,138,3,77,3,117
0,2,101,2,80,2,127,1,77,2,112,1,94,2,66,2,76,3,90,1,90
0,1,93,1,59,1,118,2,83,2,117,1,76,3,88,3,110,1,132,2,144
0,3,128,1,128,2,36,2,106,2,48,1,74,2,66,3,126,1,89,2,93
0,3,109,1,41,1,103,2,105,3,132,1,117,2,117,3,59,3,70,3,74
0,2,112,2,125,2,119,2,115,2,72,1,86,2,75,2,61,2,112,3,103
0,2,92,1,112,2,124,2,85,1,69,3,72,1,81,1,69,1,70,2,101
0,2,63,2,133,2,135,1,64,3,80,2,112,2,94,3,141,2,88,1,75
0,2,108,1,84,2,37,2,94,1,75,1,80,2,53,3,104,1,90,3,143
0,3,105,3,127,2,130,2,83,2,86,2,133,2,132,3,84,2,98,1,102
0,2,75,1,75,3,74,2,43,3,85,1,120,1,72,2,84,3,145,2,69
0,3,141,3,119,2,120,1,87,1,58,3,119,2,81,2,63,3,116,3,143
0,2,109,3,147,2,50,2,101,1,47,1,88,2,67,1,85,1,137,1,73
0,2,89,1,96,2,153,2,94,2,70,1,83,2,139,1,85,2,70,1,49
0,2,76,3,142,2,129,2,111,3,119,3,129,1,87,1,48,2,117,2,137
0,2,92,3,95,2,156,2,147,3,128,2,75,1,146,2,104,2,96,3,160
0,2,80,2,104,3,67,2,114,2,150,1,89,1,74,1,61,1,186,2,95
0,2,108,1,63,1,78,1,132,1,90,3,90,1,119,3,104,1,108,2,109
0,1,35,2,95,1,105,1,139,1,61,2,105,2,73,1,105,1,112,2,147
0,3,145,1,107,1,117,3,120,2,116,2,131,2,150,2,97,2,48,2,91
0,2,150,2,93,1,108,2,89,2,81,2,122,3,121,2,99,1,105,2,99
0,2,88,3,98,3,121,1,95,2,108,2,74,2,164,2,129,3,102,3,105
0,1,88,1,93,3,110,2,100,3,156,1,88,1,32,2,76,2,142,1,81
0,2,94,3,139,1,109,1,90,1,73,2,78,2,52,2,92,1,68,1,35
0,2,140,3,92,3,86,3,103,2,92,2,106,2,103,2,106,1,128,2,115
0,3,139,3,156,2,108,2,79,1,53,3,81,2,94,2,79,2,74,1,102
0,1,95,2,101,1,98,2,104,2,86,2,144,2,104,2,144,2,94,3,128
0,1,89,3,116,1,71,2,90,3,110,3,78,2,103,2,105,2,89,2,164
0,1,119,2,131,2,91,1,93,1,136,2,97,3,97,2,116,1,70,1,83
0,3,121,3,61,3,186,2,118,2,100,1,90,1,15,2,77,3,136,1,136
0,2,107,1,78,2,104,1,101,2,108,2,33,2,102,2,87,2,75,2,135
0,2,110,2,105,1,78,3,81,3,126,1,67,1,93,2,90,3,149,1,105
0,2,100,2,104,1,41,3,137,1,105,1,91,3,86,3,81,2,93,2,107
0,3,105,1,46,1,137,2,80,2,137,1,51,2,131,1,134,3,70,1,92
0,1,137,1,114,1,79,3,129,3,135,2,85,2,105,2,125,3,92,1,114
0,2,125,2,59,2,61,2,77,2,120,3,81,2,111,2,70,3,118,2,65
0,2,85,1,87,3,101,3,125,1,98,3,112,2,66,3,158,2,68,1,72
0,3,141,1,146,2,96,1,107,3,88,3,119,1,128,2,143,3,133,3,109
0,2,104,2,121,3,130,2,123,1,102,1,111,2,72,3,69,2,63,1,77
0,3,100,2,127,1,120,2,86,1,65,1,118,2,104,3,110,1,114,2,85
0,2,106,3,43,2,90,2,61,2,96,3,115,2,161,3,131,2,90,2,103
0,3,132,2,122,3,98,1,82,1,75,3,110,2,75,1,111,2,66,2,94
0,3,83,2,85,3,113,2,86,2,94,2,151,1,89,2,85,1,89,3,157
0,3,135,2,111,3,103,2,113,2,145,1,68,1,141,3,123,1,112,2,111
0,2,73,2,92,2,86,2,104,1,73,2,99,2,122,1,76,3,159,2,112
0,2,80,3,156,3,139,2,118,2,132,2,135,3,107,2,102,2,59,3,80
0,3,154,3,160,3,95,3,140,2,127,3,163,2,103,2,99,2,55,2,80
0,1,118,2,72,2,147,2,111,2,127,1,125,1,114,2,92,2,103,1,83
0,2,74,1,91,1,101,2,63,2,127,2,87,1,88,1,101,3,89,3,132
0,2,110,2,123,1,61,2,135,2,90,1,103,3,109,2,74,2,39,1,114
0,2,69,2,72,2,97,1,36,2,85,2,72,2,77,2,103,2,129,3,92
0,1,40,2,92,3,130,1,65,1,112,2,64,3,111,1,72,2,147,3,117
0,2,77,1,39,2,76,3,114,2,52,1,73,1,59,2,63,1,129,1,53
0,1,18,3,153,2,68,3,114,2,90,2,56,2,98,1,57,1,103,3,100
0,2,51,2,128,2,75,2,70,1,17,1,76,1,54,3,150,2,117,1,54
0,1,91,3,138,3,106,3,89,1,80,2,93,2,93,1,92,2,56,2,70
0,1,57,3,76,2,68,3,127,2,133,3,134,2,82,3,136,2,90,2,80
0,2,69,1,102,2,110,2,52,2,93,2,131,3,145,1,34,1,67,2,126
0,2,115,1,122,3,85,3,155,2,149,1,56,3,73,1,141,2,61,3,110
0,1,111,3,100,2,135,2,125,1,107,3,101,2,85,1,72,3,125,2,108
0,2,97,1,61,2,119,2,120,2,79,1,96,1,67,2,105,2,67,2,50
0,2,156,3,157,3,125,2,131,3,77,2,181,3,124,1,115,3,135,3,132
0,2,82,3,103,2,72,3,108,3,97,2,71,3,151,2,132,2,57,1,86
0,1,52,2,95,2,103,2,134,2,137,2,80,2,103,1,43,3,96,2,98
0,2,128,2,121,3,91,3,124,2,179,3,108,2,107,1,51,2,113,2,114
0,2,142,2,156,2,59,2,60,2,95,1,71,2,102,1,70,2,80,1,75
0,2,64,3,88,2,128,2,109,1,98,3,75,2,93,2,61,1,74,1,71
0,2,115,3,87,3,124,3,119,3,117,3,111,2,73,1,119,2,109,3,111
0,2,42,1,96,1,77,2,193,2,98,1,64,2,78,1,104,1,161,1,85
0,2,74,2,103,3,75,3,62,1,105,3,90,3,105,2,123,2,104,3,123
0,3,112,1,120,1,106,2,126,3,129,2,138,2,92,2,62,2,122,2,78
0,1,77,3,146,3,70,2,112,3,94,3,114,2,96,2,123,1,106,2,125
0,1,29,1,52,3,132,1,126,1,90,1,75,1,91,2,101,2,135,3,136
0,3,145,1,65,2,127,2,103,3,175,2,127,2,92,1,62,2,70,2,55
0,2,99,2,114,2,113,2,63,1,82,3,129,3,111,2,120,3,124,2,127
0,2,123,2,104,1,83,2,88,1,111,2,101,2,98,2,161,2,167,2,67
0,2,106,2,137,2,59,2,112,2,153,2,107,1,81,2,86,2,99,2,100
0,2,99,2,114,2,147,2,130,2,115,2,115,3,110,1,117,2,99,3,105
0,1,44,1,91,3,64,1,45,2,53,1,113,3,148,2,131,3,104,1,73
0,1,71,1,102,1,100,1,104,2,86,1,86,3,152,2,92,1,95,3,178
10,2,106,2,58,2,129,2,135,3,132,2,103,2,100,2,102,2,109,2,100
10,1,102,3,88,3,108,2,141,2,74,2,134,3,125,3,74,2,87,2,144
10,1,117,3,122,2,76,3,129,1,82,2,86,1,105,2,105,2,101,2,148
10,3,126,2,138,2,125,3,96,2,89,1,65,2,96,2,76,2,73,1,143
10,3,85,3,92,3,133,3,106,2,146,1,40,2,63,3,96,1,101,2,95
10,1,90,3,152,3,124,3,99,3,147,3,113,3,102,2,87,2,86,2,89
10,2,121,2,102,2,78,2,109,2,121,2,122,1,62,2,114,3,160,2,130
10,3,163,2,108,2,70,3,110,1,40,1,115,2,51,1,59,2,125,2,89
10,3,71,2,57,3,116,2,75,3,116,2,135,2,95,2,96,3,106,1,87
10,3,131,2,115,3,45,2,183,1,125,3,107,3,68,1,106,2,105,3,89
10,2,104,2,119,2,113,2,84,3,168,1,40,2,137,2,99,2,79,1,70
10,3,158,2,117,3,93,1,103,1,88,2,91,3,170,2,108,2,88,1,111
10,3,143,2,141,1,67,2,93,1,94,2,92,3,130,3,145,2,163,1,126
10,2,158,2,57,1,85,2,121,1,76,3,98,2,80,2,103,3,102,3,138
10,2,114,2,101,2,105,2,95,1,90,1,98,1,73,3,148,1,92,1,89
10,2,132,2,163,2,118,3,100,1,62,3,143,2,92,1,60,2,108,3,97
10,3,71,2,102,2,81,2,123,2,83,3,153,3,106,1,74,2,75,2,71
10,2,69,2,52,2,77,1,66,2,140,2,120,3,96,3,89,1,61,2,87
10,2,106,2,125,3,77,2,144,3,94,2,90,2,77,2,76,2,111,3,166
10,3,146,3,106,2,153,2,69,2,88,3,79,2,64,1,94,1,111,3,75
10,2,95,3,116,3,83,1,89,2,81,2,92,1,101,1,136,1,75,2,112
10,3,88,1,84,3,92,2,97,3,102,2,80,2,103,1,100,2,137,1,55
10,2,130,2,90,1,77,1,64,1,70,3,140,3,118,1,61,2,106,2,45
10,2,119,2,145,3,120,3,115,2,88,2,106,2,70,3,93,3,110,2,56
10,2,91,1,62,2,72,2,117,3,62,3,92,2,130,2,119,2,61,2,124
10,2,102,1,101,1,64,2,166,2,75,3,93,1,108,1,52,2,175,1,60
10,3,143,2,96,2,138,2,54,2,60,2,72,3,105,1,75,3,61,1,96
10,3,88,2,64,2,125,2,142,2,135,3,140,2,121,3,120,2,76,1,56
10,3,133,1,78,2,119,1,93,2,106,2,81,2,85,2,56,2,50,3,102
10,2,76,3,84,1,53,2,151,3,111,3,143,2,105,2,92,1,53,1,90
10,1,106,2,88,2,93,3,101,1,79,1,91,3,119,2,126,2,165,2,85
10,3,103,2,102,2,166,2,86,1,48,3,134,3,92,3,115,2,60,2,117
10,3,125,3,97,2,59,3,125,2,89,1,81,3,101,2,68,2,118,2,122
10,2,121,2,57,2,110,2,126,3,139,1,67,1,96,2,95,1,92,2,78
10,2,83,2,89,2,136,2,96,1,111,3,90,1,63,2,111,2,145,1,106
10,1,122,3,96,3,131,2,119,3,40,2,109,3,96,2,101,1,94,3,117
10,2,102,2,77,3,166,2,74,1,92,2,73,2,99,3,119,2,75,3,119
10,2,64,2,113,3,94,2,113,3,150,2,118,2,51,2,116,2,115,3,128
10,3,108,3,116,2,138,3,121,2,71,3,104,3,120,2,131,3,100,2,131
10,3,144,1,75,3,174,1,140,3,144,1,78,2,141,2,74,3,108,2,84
10,3,100,2,81,2,76,1,101,1,40,2,100,1,76,2,78,2,93,2,97
10,2,83,2,84,2,97,2,90,2,120,1,83,3,127,2,88,2,104,3,117
10,2,129,3,137,2,109,3,117,1,89,3,111,3,64,2,80,1,83,2,84
10,3,158,2,67,3,112,2,121,2,90,2,94,2,151,1,136,2,69,2,71
10,3,95,1,77,3,95,3,93,1,86,3,116,3,114,2,58,3,124,2,110
10,1,112,2,144,3,142,2,115,2,59,2,73,3,109,2,51,2,139,3,136
10,2,85,2,78,1,61,2,120,2,132,2,85,3,49,2,184,3,83,1,116
10,3,149,1,105,1,97,1,71,2,61,3,136,2,85,2,112,1,54,1,91
10,3,121,1,134,1,80,2,85,2,133,1,71,3,130,1,49,2,135,2,87
10,2,96,1,77,2,138,3,107,1,98,2,63,1,97,3,51,2,56,1,88
10,3,121,1,115,2,110,2,67,2,35,3,124,2,38,2,124,2,145,2,56
10,2,128,3,101,2,104,3,164,2,41,2,140,2,112,3,79,2,95,3,99
10,2,93,2,131,2,63,2,116,2,119,2,55,2,106,3,132,3,138,2,129
10,2,77,2,101,2,85,2,115,2,58,2,81,3,169,1,110,2,69,3,158
10,1,72,1,111,3,111,2,95,1,63,2,136,3,77,2,126,2,83,3,78
10,2,129,3,150,2,125,2,138,2,96,2,82,3,130,2,104,2,73,2,79
10,2,121,2,69,2,73,2,88,3,148,3,158,2,94,3,87,3,133,1,91
10,1,44,2,133,1,61,2,88,3,96,3,121,2,61,2,112,2,102,1,146
10,1,76,3,159,2,74,1,68,2,77,2,99,2,113,3,129,2,96,2,50
10,1,26,3,147,2,82,1,76,1,68,3,122,2,76,2,111,3,137,2,42
10,1,50,3,140,2,126,2,100,3,114,2,107,3,93,2,159,2,96,2,54
10,3,106,2,122,2,102,1,64,3,139,1,70,2,64,3,60,2,117,2,131
10,2,117,3,89,2,99,3,71,3,100,3,135,3,90,1,99,1,73,3,85
10,2,92,2,134,2,73,2,106,2,141,3,99,3,76,1,140,2,186,2,98
10,3,128,2,130,3,117,2,176,1,52,1,98,3,154,2,133,2,85,2,57
10,2,65,3,118,3,121,1,56,2,79,1,131,2,76,2,115,2,91,2,132
10,1,50,1,32,3,152,2,107,2,92,2,89,2,98,1,60,2,66,3,114
10,1,105,1,101,1,124,2,131,3,128,2,116,3,115,1,66,2,112,1,154
10,1,69,3,192,1,84,2,76,3,139,1,37,2,83,3,125,2,42,1,104
10,1,134,2,80,1,41,2,48,3,115,3,171,1,127,2,97,2,98,3,110
10,1,94,1,80,3,132,2,98,2,108,1,86,2,81,3,100,2,141,3,131
10,3,116,1,90,2,107,3,106,2,109,2,134,1,51,3,116,1,105,2,113
10,2,122,2,109,3,114,3,125,2,123,3,137,2,41,1,141,2,61,2,94
10,3,100,2,110,1,95,2,67,3,84,1,76,2,86,2,102,2,82,2,83
10,2,41,1,96,3,113,2,100,1,103,2,101,2,108,1,98,1,118,2,56
10,1,103,1,16,1,66,3,105,3,100,2,127,1,71,2,59,3,85,2,139
10,1,116,2,85,1,31,2,127,3,108,2,113,2,83,3,112,2,92,3,70
10,2,58,3,119,3,101,2,95,1,95,3,79,3,120,3,149,2,99,2,117
10,2,88,2,89,3,100,2,124,2,86,3,154,1,142,2,95,2,115,3,113
10,3,157,2,108,3,75,2,105,3,132,2,161,2,95,2,88,3,128,1,112
10,2,103,1,94,2,118,1,80,1,73,2,72,3,95,2,125,1,66,2,93
10,3,147,2,80,2,87,2,120,2,68,2,105,1,80,1,89,1,50,2,87
10,1,82,2,131,3,112,3,95,3,106,1,96,2,91,3,111,2,70,2,80
10,2,51,2,128,3,108,3,98,3,148,3,83,1,90,2,100,2,79,2,64
10,2,106,2,92,1,65,2,65,2,77,3,89,2,52,1,61,2,46,2,135
10,3,115,3,84,3,147,2,100,1,91,2,117,3,87,1,94,3,110,1,122
10,1,111,2,136,2,93,2,78,2,66,1,111,2,95,1,88,1,88,1,43
10,2,85,2,77,3,116,3,134,3,145,2,80,1,117,2,55,1,58,3,96
10,1,104,2,99,1,82,3,106,3,147,3,112,1,117,1,123,2,100,2,141
10,2,108,2,97,3,119,2,84,2,102,3,132,2,131,2,112,2,139,1,60
10,2,111,3,126,2,114,2,67,2,104,2,69,3,112,2,142,3,110,1,37
10,2,83,3,97,3,128,2,97,2,73,2,97,1,107,2,53,3,123,1,56
10,2,59,2,84,1,93,1,92,2,97,3,128,2,128,3,110,2,84,2,149
10,2,107,2,105,2,87,1,42,1,104,1,82,3,84,1,122,2,80,3,93
10,2,117,2,105,3,119,2,134,3,139,2,98,3,96,2,161,1,69,2,114
10,3,115,3,132,2,84,2,165,2,130,2,130,2,68,2,107,3,110,2,82
10,1,25,1,105,1,101,3,73,2,74,2,74,1,124,2,127,3,100,3,81
10,2,113,3,112,3,110,3,143,3,140,2,125,2,116,1,71,2,89,1,64
10,2,57,2,155,2,110,1,76,3,58,1,113,3,165,1,99,2,125,2,97
10,2,143,2,75,1,85,3,158,2,155,3,54,2,100,2,137,1,77,3,103
20,1,129,1,92,2,131,3,130,1,101,2,128,1,101,2,142,3,150,2,91
20,2,110,2,109,3,147,3,147,2,56,1,95,1,95,2,123,2,123,1,90
20,2,82,2,86,3,130,1,102,3,66,1,67,3,135,2,153,3,132,2,154
20,3,118,3,137,3,120,1,128,2,127,1,68,2,147,3,73,1,46,2,108
20,1,107,2,155,3,105,2,102,3,102,2,98,3,100,3,96,1,80,2,94
20,2,116,2,109,2,79,3,125,1,73,2,178,3,133,1,93,2,82,1,82
20,2,67,2,105,3,99,3,166,1,84,2,71,2,84,1,103,2,149,1,74
20,2,175,2,139,1,54,2,98,3,104,2,81,2,97,2,86,2,115,2,110
20,2,59,2,75,3,97,3,115,2,121,2,133,2,106,1,104,1,76,3,90
20,3,129,2,106,1,119,3,142,3,123,2,124,3,149,1,106,2,84,1,96
20,3,137,1,112,1,26,3,104,3,114,2,118,1,76,1,69,1,91,2,114
20,3,97,1,63,2,81,1,129,1,137,3,140,2,89,3,163,2,113,2,96
20,3,76,3,109,3,65,1,99,2,123,2,152,3,139,2,85,1,87,1,82
20,2,130,1,90,2,90,1,84,3,143,3,126,3,111,1,57,3,112,1,104
20,2,88,2,83,2,128,2,133,2,111,2,90,3,125,2,61,2,126,2,157
20,2,80,3,80,2,107,2,70,2,131,3,102,2,33,3,155,2,162,2,99
20,2,71,2,89,2,104,1,67,2,83,2,117,1,91,2,76,2,107,2,94
20,2,113,2,144,2,103,3,81,1,62,3,102,1,62,2,121,2,132,2,142
20,2,100,3,75,2,92,1,60,2,59,2,99,2,84,2,131,2,125,1,59
20,2,115,3,84,3,114,2,101,3,155,1,80,3,103,1,100,3,87,2,142
20,3,81,3,164,3,121,1,59,1,82,3,109,2,95,3,141,3,179,2,108
20,1,77,2,103,1,149,3,136,2,112,3,82,2,106,2,70,1,82,2,132
20,2,130,2,116,1,83,3,138,1,55,2,108,3,113,3,144,2,147,2,85
20,3,103,2,62,3,122,2,74,1,72,2,93,3,106,3,124,2,127,1,110
20,3,125,2,112,3,170,2,83,2,113,2,93,2,129,2,78,3,126,3,137
20,3,112,2,84,2,72,1,106,2,75,2,123,1,106,2,45,2,81,2,57
20,2,83,1,89,2,72,2,130,2,120,3,111,3,160,1,92,3,147,1,91
20,2,90,2,124,2,85,2,85,3,59,2,114,2,123,1,112,2,78,2,60
20,2,47,2,124,3,142,2,120,2,130,2,133,2,128,2,44,2,62,2,108
20,1,58,2,93,2,104,2,132,1,123,2,62,3,167,1,47,1,72,2,77
20,3,84,3,142,3,102,2,98,2,95,2,114,2,113,2,48,3,116,2,145
20,1,47,2,44,2,108,2,121,2,98,1,91,3,93,2,94,3,123,2,104
20,2,74,3,99,2,67,1,110,1,104,2,107,2,109,3,59,3,114,1,90
20,2,109,1,96,1,89,2,107,3,114,3,150,2,91,3,141,1,89,2,95
20,2,88,2,155,3,137,3,100,3,103,2,128,2,86,3,175,3,115,2,132
20,3,165,1,109,1,87,1,130,3,75,2,141,1,77,2,90,2,86,3,109
20,2,84,2,132,2,106,2,131,3,117,2,79,2,126,3,127,3,138,2,89
20,3,135,1,124,3,90,2,96,1,90,3,123,2,97,1,130,1,95,2,137
20,3,102,2,97,2,146,2,165,2,98,3,95,3,162,3,129,2,128,2,79
20,1,73,3,88,1,120,2,79,2,72,2,120,3,109,3,108,3,158,2,125
20,2,101,1,38,3,110,1,79,2,102,2,89,2,139,3,72,2,113,2,120
20,2,121,3,133,3,160,3,98,1,108,2,112,1,106,2,86,2,82,1,74
20,1,132,2,90,1,86,2,77,2,110,1,101,1,73,3,121,2,75,2,124
20,1,99,3,74,2,80,2,100,1,76,3,122,1,100,2,125,3,137,2,85
20,2,150,3,115,2,68,3,135,2,132,1,39,3,145,1,116,2,137,3,137
20,1,86,3,146,1,75,3,110,1,84,2,84,2,69,2,120,1,56,3,111
20,1,95,3,98,2,144,3,125,2,77,2,125,1,78,2,122,2,65,3,176
20,2,115,2,113,1,100,3,110,2,65,2,153,2,108,3,167,1,58,2,91
20,2,148,3,113,2,132,2,88,2,100,3,112,3,77,2,116,2,91,2,93
20,2,73,2,60,1,120,1,111,1,43,3,90,2,88,2,136,2,121,2,120
20,3,131,3,145,2,106,2,167,1,51,2,106,2,130,1,91,3,88,2,122
20,2,90,1,61,1,96,2,95,2,124,2,56,2,120,2,140,2,104,1,159
20,2,126,2,61,1,64,2,111,3,189,3,84,2,112,3,128,2,72,3,151
20,2,80,3,127,2,114,2,58,1,109,3,76,3,140,2,104,2,79,2,98
20,2,64,2,93,1,121,2,141,2,93,3,172,2,107,2,124,2,47,1,106
20,1,108,1,89,3,99,3,113,3,106,2,89,1,118,2,110,3,129,3,132
20,1,82,2,140,3,132,1,53,2,67,2,131,2,141,2,68,1,41,2,151
20,3,112,2,99,2,68,3,158,3,118,2,94,2,118,3,151,1,62,2,107
20,2,98,2,118,3,99,2,128,3,182,3,118,2,137,3,153,2,117,2,108
20,2,88,3,134,2,89,2,55,3,133,2,85,2,129,1,132,2,133,2,92
20,1,101,3,178,1,158,3,93,3,166,3,125,1,101,3,92,2,129,2,84
20,1,66,2,127,2,100,2,135,2,121,3,107,2,94,2,164,3,127,3,103
20,2,129,3,102,2,166,2,72,2,125,1,67,3,118,3,97,3,106,3,123
20,3,90,2,136,2,111,3,120,2,100,2,64,2,136,2,94,2,73,2,119
20,2,84,3,164,2,102,2,101,1,112,2,118,2,134,3,109,1,87,3,157
20,2,140,1,118,2,138,3,97,3,91,2,101,3,138,1,82,3,152,3,110
20,2,119,2,122,2,110,2,67,2,63,3,166,1,100,2,125,3,101,2,83
20,3,152,2,88,2,95,3,148,2,140,2,99,3,135,2,105,3,117,2,61
20,2,142,3,107,2,89,2,130,2,89,2,90,2,143,2,103,3,64,3,111
20,2,135,1,84,1,88,2,66,3,95,1,120,3,116,3,86,2,92,2,119
20,3,85,1,84,2,92,3,91,2,68,2,87,2,103,2,108,2,165,2,109
20,2,137,1,86,2,103,3,99,2,48,2,106,3,123,2,108,1,32,2,82
20,2,104,2,62,2,111,3,147,1,90,3,138,3,115,1,61,2,102,3,107
20,3,105,2,164,2,139,3,84,2,120,2,79,3,135,1,115,2,79,3,140
20,2,88,3,153,2,124,3,114,3,114,2,90,3,103,2,108,3,116,2,115
20,2,104,1,33,2,155,3,147,2,132,3,125,1,82,2,93,2,91,1,55
20,3,139,1,44,3,64,2,125,2,154,2,109,3,90,1,59,3,139,1,68
20,1,133,3,93,1,110,2,107,2,123,2,129,2,118,2,85,1,101,2,155
20,3,103,3,99,2,123,2,112,1,119,2,54,2,147,2,144,3,112,2,109
20,2,130,2,131,2,119,3,91,2,96,2,77,2,120,2,128,2,43,2,128
20,2,179,2,117,3,135,1,113,2,130,1,80,2,95,2,66,3,125,2,107
20,1,104,3,110,2,81,1,100,1,90,1,127,2,134,2,84,3,121,2,88
20,2,43,1,115,1,92,2,83,2,129,3,166,1,85,2,84,2,102,3,124
20,3,159,2,118,2,115,1,76,2,97,3,123,1,80,2,108,1,145,2,64
20,2,94,3,92,2,150,3,106,2,101,3,166,2,132,1,133,2,74,3,128
20,1,99,2,48,1,91,3,159,1,70,2,101,3,181,1,128,2,66,2,71
20,2,96,3,132,2,126,2,95,2,140,2,84,2,56,3,155,1,76,2,118
20,2,91,3,153,3,146,2,94,2,80,3,102,3,187,1,107,1,110,1,122
20,1,67,2,99,2,102,3,169,2,114,2,122,3,142,1,57,3,118,2,73
20,2,87,1,92,3,120,1,49,2,58,3,111,2,98,3,98,1,112,1,65
20,2,87,2,93,2,102,2,127,3,106,3,148,1,133,2,88,3,138,3,165
20,2,124,3,176,3,114,3,110,2,80,2,95,1,99,3,145,1,93,3,143
20,2,100,3,91,2,80,1,131,2,53,1,103,2,127,2,69,1,119,3,89
20,1,82,2,132,3,143,3,127,1,30,2,87,3,88,2,66,3,163,1,75
20,3,144,2,97,1,78,2,91,3,161,2,102,1,99,3,115,3,97,2,151
20,2,107,2,144,3,81,2,95,1,72,1,148,3,85,3,92,2,97,2,108
20,2,121,3,128,2,95,2,102,2,77,2,124,2,106,3,169,1,63,2,95
20,3,78,2,122,3,56,2,84,2,60,2,119,2,90,2,64,2,97,3,119
20,3,106,2,27,3,120,2,117,3,143,1,73,1,66,3,86,3,141,1,99
20,2,138,2,74,2,131,2,71,2,57,2,123,2,72,2,92,2,124,3,184
30,2,123,2,134,2,138,1,84,1,99,3,112,2,103,1,127,1,133,3,133
30,1,63,3,125,2,98,2,76,1,50,3,120,2,142,2,77,2,83,1,60
30,3,119,2,106,1,63,3,68,2,128,3,108,2,107,1,84,2,84,2,103
30,2,128,2,108,2,97,2,156,1,73,1,77,1,84,3,131,1,100,2,121
30,3,141,2,99,2,101,2,47,1,96,1,105,2,73,3,141,1,99,2,111
30,2,74,1,123,2,136,2,79,2,100,2,68,3,155,1,135,2,60,3,67
30,1,118,3,167,3,194,3,113,1,123,2,74,2,120,1,116,2,129,2,124
30,2,130,1,109,2,84,3,145,3,124,3,112,1,64,2,79,2,122,2,96
30,1,24,2,136,1,101,3,113,2,154,3,127,2,82,3,113,2,114,3,154
30,1,163,3,174,3,117,2,122,2,120,1,90,2,100,2,136,3,131,2,109
30,2,79,2,142,2,120,2,117,3,125,2,166,2,83,2,54,3,108,1,93
30,2,122,2,156,2,134,2,95,1,101,3,79,1,94,3,97,3,127,3,140
30,2,92,2,70,1,88,2,111,2,108,2,161,3,115,2,102,3,129,3,126
30,2,146,2,102,1,85,2,94,1,101,2,110,2,116,2,84,2,129,2,127
30,1,46,2,109,1,61,2,118,2,138,2,173,2,90,2,141,2,82,3,147
30,3,125,3,129,2,133,2,116,2,131,2,188,3,111,3,108,2,111,3,72
30,1,103,3,83,2,117,2,101,3,126,3,121,2,121,2,98,1,67,2,117
30,3,89,3,117,3,110,3,74,2,151,2,142,2,118,3,93,1,116,3,139
30,1,111,3,138,3,142,2,84,2,124,2,80,1,49,2,62,2,137,1,69
30,1,80,1,83,1,72,2,61,3,132,2,93,2,119,2,90,1,152,2,130
30,3,139,3,127,3,98,2,93,2,90,2,132,2,84,2,148,2,128,2,109
30,2,123,1,122,2,139,2,153,3,103,3,133,3,169,2,114,3,144,2,94
30,2,133,2,166,2,114,2,95,2,127,2,145,1,127,3,125,1,105,1,74
30,3,112,3,131,2,98,1,92,2,119,3,106,2,78,2,98,3,94,2,91
30,2,178,3,110,3,100,3,177,1,98,2,87,3,132,2,130,1,60,2,74
30,2,122,2,68,2,118,3,64,3,110,2,74,2,124,2,116,2,140,2,107
30,2,58,3,95,3,130,2,93,2,66,3,143,3,85,2,93,3,105,2,69
30,2,139,2,97,1,69,1,133,2,81,2,75,1,85,3,106,2,99,2,100
30,3,72,1,44,2,82,1,70,3,110,3,122,2,103,2,110,3,159,3,104
30,1,53,3,123,2,63,3,122,3,72,2,93,1,127,3,104,1,69,2,75
30,2,117,2,127,2,74,2,121,2,58,2,107,2,72,3,137,1,96,1,41
30,2,130,2,120,1,81,2,122,1,110,1,71,3,87,3,69,2,125,2,107
30,2,125,1,129,2,68,2,83,3,112,2,149,1,68,2,87,3,97,2,56
30,2,56,2,99,3,117,3,67,2,114,3,91,2,140,1,105,1,46,2,109
30,2,121,2,133,2,116,2,106,3,121,3,129,3,128,1,76,2,83,1,102
30,2,135,2,139,2,92,3,94,1,78,3,95,2,77,3,124,2,148,3,58
30,2,142,3,132,1,72,1,55,3,113,3,139,1,113,2,136,3,168,2,128
30,2,68,3,170,2,161,1,74,2,83,3,78,1,72,1,66,2,116,2,108
30,3,131,3,47,2,68,2,118,3,149,2,104,1,131,1,80,1,100,2,80
30,3,131,1,66,1,35,2,111,1,61,2,89,2,92,2,116,2,145,3,143
30,3,142,2,135,2,89,2,76,2,158,1,81,2,116,2,121,2,104,3,75
30,3,124,3,93,1,106,3,106,3,103,2,109,2,53,1,50,3,144,2,115
30,3,172,3,108,3,80,2,146,3,126,1,131,2,134,2,79,1,47,2,99
30,1,61,3,148,3,118,3,122,2,94,1,111,3,123,3,132,1,74,3,105
30,2,97,1,111,2,86,1,60,2,119,2,39,3,70,2,55,2,155,2,59
30,2,78,2,115,2,71,3,156,1,92,2,79,2,78,3,129,1,114,2,130
30,3,101,2,70,3,147,1,76,2,86,2,98,1,66,1,74,3,86,3,131
30,2,151,2,51,3,111,1,74,2,74,2,127,2,149,1,107,2,90,1,143
30,2,118,3,96,3,107,1,114,1,95,1,66,1,117,2,83,2,75,2,128
30,2,71,1,59,1,104,2,122,1,114,2,129,3,85,1,92,3,135,3,92
30,3,119,2,86,2,116,1,134,1,78,1,44,2,99,2,121,3,150,3,121
30,1,96,2,135,3,117,3,150,3,107,3,96,2,113,2,95,3,99,2,158
30,2,83,2,97,2,119,2,104,3,176,3,167,2,107,2,105,2,100,2,99
30,2,108,1,67,3,77,2,93,2,134,3,137,3,153,2,103,3,134,2,78
30,3,127,2,60,2,53,2,113,2,111,2,71,2,98,2,80,2,107,2,75
30,2,136,1,94,2,96,2,112,1,90,2,113,1,85,1,85,2,137,2,90
30,3,83,1,121,2,99,1,54,3,81,3,125,2,65,1,103,2,115,2,121
30,1,69,1,82,2,104,3,186,1,104,1,108,2,136,3,128,3,163,3,107
30,2,106,2,126,2,110,2,85,1,77,1,98,2,126,3,122,3,146,1,102
30,2,76,2,157,1,96,2,124,2,110,2,98,2,87,2,138,3,149,2,126
30,1,76,3,112,2,130,1,65,2,142,2,94,3,149,2,81,2,111,2,130
30,1,99,3,127,2,100,3,125,1,65,2,160,1,110,1,52,1,83,3,112
30,2,123,3,165,3,107,2,59,2,106,3,143,2,104,2,137,3,98,1,44
30,1,75,1,58,2,86,3,116,2,45,2,116,2,124,2,112,1,90,3,98
30,3,95,2,105,3,110,2,100,3,131,2,160,2,150,2,55,1,34,2,107
30,2,103,1,100,3,113,2,95,3,118,3,54,3,153,1,121,3,103,2,158
30,2,70,2,120,3,128,2,147,1,70,2,136,3,129,3,99,1,116,1,53
30,1,111,3,136,1,126,2,119,2,74,2,76,2,93,3,121,3,112,3,171
30,2,138,1,67,2,119,2,121,1,52,1,83,2,63,2,130,3,81,1,104
30,3,111,2,89,3,111,3,104,1,86,1,126,2,72,2,91,2,100,2,128
30,3,95,2,132,1,92,2,100,2,138,1,75,1,59,2,93,1,104,2,135
30,2,99,1,80,1,73,3,122,1,76,2,132,1,108,2,91,3,50,2,30
30,2,143,3,104,2,97,3,111,2,106,2,129,2,120,2,81,3,92,1,100
30,3,94,2,82,3,136,1,117,2,132,1,92,1,62,3,127,3,126,2,71
30,2,137,2,100,1,71,2,63,1,63,1,87,2,109,1,160,1,45,2,105
30,3,76,2,103,3,160,2,110,3,70,3,145,2,119,2,77,3,111,1,84
30,2,73,2,79,3,135,2,130,2,88,2,62,2,145,3,104,3,125,1,39
30,2,126,1,93,2,117,3,94,2,90,3,117,2,55,1,85,1,105,1,74
30,2,78,1,64,3,83,1,84,2,119,1,74,1,77,2,144,2,73,1,71
30,1,127,3,113,2,100,2,134,1,72,3,101,2,141,1,77,3,82,3,167
30,2,107,2,126,3,135,2,112,3,102,1,46,2,65,2,102,1,88,2,65
30,3,145,2,77,3,134,2,113,1,104,2,87,2,150,1,87,2,148,2,121
30,1,96,2,121,3,100,3,173,2,130,1,70,2,124,2,113,2,128,2,103
30,1,60,2,88,1,46,2,103,3,117,3,147,1,84,2,150,2,58,3,130
30,3,99,2,97,2,103,2,91,1,97,1,60,2,67,3,175,3,87,2,89
30,3,127,3,118,2,86,1,144,2,82,3,140,2,85,3,112,3,120,2,72
30,2,93,2,72,2,110,1,75,2,110,3,141,1,38,3,120,2,62,2,128
30,1,115,1,53,1,102,2,73,2,66,3,209,2,69,2,107,2,107,2,103
30,3,81,2,119,1,124,2,143,2,115,1,102,3,90,2,146,3,133,2,113
30,2,123,3,134,3,123,2,92,2,145,2,62,2,97,2,111,3,148,2,133
30,3,108,1,72,3,111,2,133,2,109,2,105,1,37,3,144,3,128,2,123
30,1,80,2,155,2,81,2,136,1,87,2,88,2,134,2,137,3,113,2,160
30,2,127,2,101,2,119,2,118,1,107,2,128,2,75,2,127,2,61,1,72
30,2,95,2,124,1,112,2,105,3,85,3,157,1,60,1,72,2,99,2,123
30,3,77,2,78,3,73,2,112,1,135,3,118,3,152,2,60,3,118,1,95
30,2,108,2,111,2,97,1,135,3,121,3,98,2,50,2,99,2,139,2,65
30,1,72,3,132,3,118,2,104,2,95,2,146,3,151,3,110,3,144,3,196
30,2,115,3,126,2,81,2,132,1,76,2,102,2,90,2,51,1,120,2,148
30,2,73,3,167,2,80,2,98,3,125,2,132,3,135,3,166,3,125,1,109
30,2,79,2,83,1,112,2,106,2,162,1,93,1,66,2,127,1,112,1,71
40,2,64,2,143,1,67,2,80,2,113,2,107,2,102,2,63,2,109,2,107
40,3,141,2,71,2,92,2,97,2,105,3,135,2,96,3,145,2,95,3,156
40,2,72,2,71,3,121,2,108,3,126,2,125,2,96,3,125,2,147,3,63
40,3,152,3,137,3,136,3,133,2,95,1,91,3,145,1,102,2,88,3,133
40,2,128,3,175,2,99,2,79,3,113,2,96,2,115,3,97,2,84,2,104
40,2,60,2,75,2,96,1,135,1,52,3,86,2,150,1,61,2,73,2,107
40,2,117,3,83,1,47,2,97,3,74,3,106,2,78,3,140,2,115,1,94
40,3,104,3,117,3,142,2,95,2,96,3,98,1,101,3,119,2,124,1,86
40,2,72,2,91,3,136,3,78,2,111,2,116,2,114,2,89,2,86,2,104
40,2,124,3,141,2,93,2,130,1,61,1,82,3,120,1,71,3,149,2,78
40,2,72,2,120,1,90,3,82,2,87,2,84,2,137,2,102,2,113,2,118
40,3,76,1,82,3,138,1,117,3,91,1,130,2,103,2,124,2,116,2,86
40,1,88,2,146,2,98,2,67,2,148,2,156,2,72,2,102,3,109,2,98
40,1,118,1,99,2,107,2,71,3,104,3,110,3,120,2,119,1,86,2,115
40,1,142,2,117,1,148,2,104,2,114,1,65,2,132,2,93,3,124,2,70
40,2,107,1,110,2,101,3,161,2,111,3,135,2,128,2,45,1,49,2,121
40,2,110,3,130,2,98,3,93,2,136,3,153,1,47,3,135,1,156,1,80
40,1,59,2,110,2,92,1,142,2,99,2,66,2,98,3,76,1,60,3,144
40,1,66,3,126,2,61,2,91,2,96,3,140,2,71,2,77,2,64,2,77
40,1,122,2,103,1,102,1,56,3,121,2,110,2,94,3,118,3,73,1,46
40,1,61,3,95,2,134,1,97,1,104,2,128,2,124,2,118,2,94,2,111
40,1,128,3,139,2,93,2,141,2,100,2,91,2,155,2,109,2,104,2,114
40,2,138,2,115,2,80,3,108,2,115,1,117,1,142,2,94,1,87,3,73
40,2,99,3,59,3,118,1,59,3,156,2,142,2,128,2,118,2,172,2,80
40,2,100,1,74,1,69,2,129,3,156,2,125,3,112,2,112,1,90,3,113
40,2,116,3,195,2,129,3,144,3,89,2,112,3,74,2,92,3,157,3,103
40,2,104,2,114,2,158,3,128,2,119,3,188,1,93,3,97,2,54,1,97
40,1,110,1,62,2,98,3,85,3,138,3,165,2,144,3,158,2,90,1,118
40,1,59,2,85,3,71,3,97,2,92,1,77,1,74,1,98,2,82,2,90
40,2,117,2,114,3,143,1,44,2,70,2,107,1,105,1,116,3,73,2,78
40,2,70,3,117,2,100,1,87,2,87,3,116,3,170,3,167,2,112,2,119
40,2,116,3,143,1,131,2,109,3,96,1,64,3,146,2,121,1,140,1,89
40,1,118,1,120,2,129,2,92,2,118,1,103,3,110,3,132,3,141,2,143
40,3,130,2,148,3,141,2,136,2,77,2,127,3,164,1,69,2,85,1,78
40,3,141,3,138,1,89,1,99,2,149,1,111,2,135,2,123,1,78,2,132
40,2,107,2,104,3,126,2,94,3,98,2,59,2,202,2,121,2,137,2,95
40,2,140,1,72,3,84,2,172,2,114,3,136,2,140,2,107,2,112,1,74
40,1,94,3,147,3,78,1,82,2,114,1,165,2,126,3,126,1,135,2,124
40,2,136,2,83,2,133,3,114,2,130,2,102,2,118,2,74,1,117,1,104
40,2,90,3,173,1,86,2,95,2,111,3,150,1,121,1,119,2,132,2,60
40,2,105,2,97,3,113,3,88,2,100,2,148,2,96,2,76,2,123,3,94
40,2,114,1,55,1,95,1,140,2,81,3,123,2,151,2,102,1,116,2,80
40,2,120,2,77,2,121,2,96,1,117,1,77,2,87,3,137,2,131,2,92
40,1,81,3,140,2,103,3,109,3,85,2,136,2,88,2,150,3,113,2,100
40,2,93,2,171,2,104,3,153,3,137,1,104,2,130,2,101,2,135,3,97
40,3,135,2,79,2,140,2,91,1,117,1,70,1,105,2,106,2,102,3,108
40,1,89,3,74,2,79,2,102,2,73,1,60,1,73,2,127,2,101,2,126
40,3,120,1,87,1,66,1,67,3,79,1,94,2,110,2,51,2,62,1,98
40,2,161,2,102,1,126,2,81,2,104,2,126,2,94,1,93,2,123,2,78
40,2,159,2,113,3,110,2,86,3,140,2,106,2,81,1,125,2,46,3,104
40,2,114,2,120,3,127,2,132,2,84,3,157,3,112,3,135,2,71,2,115
40,3,144,1,150,2,128,2,97,2,83,3,155,1,111,2,84,2,62,1,98
40,2,100,3,105,2,81,2,58,2,132,2,95,1,80,3,62,2,125,3,118
40,1,105,3,59,1,128,2,57,1,107,2,166,2,111,2,113,3,131,2,111
40,2,113,3,116,2,155,2,131,3,94,2,64,1,50,2,122,2,133,1,65
40,1,36,2,118,3,127,2,131,2,106,2,122,2,102,1,87,1,70,3,131
40,2,69,3,132,2,112,2,97,2,125,3,120,3,160,1,103,1,82,2,96
40,2,138,2,134,3,70,2,156,2,146,2,118,2,52,2,159,1,112,2,68
40,2,127,3,93,1,123,2,69,1,82,3,146,2,133,2,136,2,104,3,130
40,3,199,2,91,1,125,2,121,2,113,2,67,1,61,1,49,3,134,2,134
40,2,107,2,89,1,134,3,140,3,123,2,106,1,95,2,145,3,94,1,91
40,3,78,1,109,2,116,2,121,2,144,3,81,3,134,2,65,1,104,3,110
40,1,92,2,123,2,99,3,115,2,108,2,115,1,79,3,142,2,85,1,89
40,1,75,2,119,1,63,2,84,2,107,1,56,1,70,3,122,2,112,1,134
40,2,112,3,116,2,82,2,101,3,129,2,146,1,71,1,77,2,116,3,143
40,3,106,3,110,3,96,1,74,2,105,1,147,2,86,3,123,2,63,2,127
40,1,108,3,104,2,108,2,45,3,95,3,101,3,133,3,116,2,95,3,140
40,3,89,1,111,2,81,2,72,3,108,1,54,2,101,2,76,1,73,2,94
40,2,144,2,113,1,71,2,67,3,92,2,150,2,111,2,52,3,82,1,78
40,3,108,3,139,2,102,1,106,3,119,2,61,2,57,3,170,3,128,2,96
40,3,136,2,65,3,142,1,127,1,119,2,84,2,175,3,123,1,93,1,85
40,1,85,2,96,1,124,3,81,2,114,2,95,2,77,2,131,3,129,2,124
40,1,87,3,125,3,136,2,121,2,92,2,123,2,139,1,112,2,67,2,95
40,2,136,2,93,3,106,2,100,2,58,1,73,2,115,3,97,1,129,2,85
40,2,126,2,159,2,72,2,76,3,135,2,158,1,129,2,158,3,72,2,103
40,3,180,3,98,2,122,2,116,1,86,2,72,2,96,2,115,2,102,2,72
40,2,63,2,75,3,121,3,95,2,114,2,123,2,106,2,113,2,99,3,121
40,3,119,2,97,3,104,2,121,3,101,2,115,1,98,2,100,3,102,2,91
40,1,75,2,153,1,88,3,141,1,119,1,94,2,129,3,93,2,86,2,135
40,2,109,1,97,3,119,2,99,2,113,2,152,2,108,3,151,1,77,2,107
40,1,57,3,123,2,107,2,107,3,122,1,89,1,92,3,116,2,142,1,59
40,2,105,1,57,1,133,1,106,2,94,2,80,1,76,2,150,2,81,3,162
40,1,72,3,146,3,130,3,119,3,101,2,94,2,136,2,90,2,91,3,128
40,2,89,3,129,2,112,3,76,1,73,2,53,1,100,2,173,1,52,3,172
40,2,139,3,102,3,118,3,163,3,100,2,115,2,84,3,133,1,112,2,108
40,2,60,2,126,2,113,3,194,3,114,3,65,2,153,3,151,2,95,2,110
40,2,107,3,149,2,62,1,126,1,36,2,139,1,93,2,104,3,119,1,101
40,1,132,2,114,2,81,2,158,2,106,2,91,2,98,2,126,2,114,2,114
40,3,123,3,131,2,140,2,67,1,108,2,125,3,118,3,108,2,79,3,108
40,3,128,2,53,2,120,2,123,1,93,2,100,2,116,3,74,2,79,1,136
40,2,82,1,107,2,82,1,128,1,82,3,83,2,116,2,100,2,86,1,41
40,3,136,3,104,3,87,2,57,3,149,3,92,1,62,1,119,2,135,1,44
40,2,125,1,161,1,103,2,113,2,152,3,166,2,106,3,126,2,102,1,148
40,2,102,2,102,2,103,1,71,1,94,2,85,2,89,2,142,1,111,2,110
40,1,74,3,154,1,114,2,116,1,121,3,149,2,89,2,118,2,100,2,109
40,2,122,3,156,2,88,2,142,3,99,3,148,3,94,2,120,1,62,1,96
40,3,96,3,128,3,105,2,101,2,103,2,123,3,110,2,111,2,128,3,90
40,1,70,3,129,2,98,2,134,2,96,2,115,1,87,2,108,2,130,3,52
40,2,103,2,100,1,61,3,115,3,81,2,99,3,164,3,111,2,115,2,127
40,3,83,2,33,1,89,2,109,1,97,3,145,3,137,2,46,2,158,1,133
50,3,127,1,152,3,162,3,153,2,88,1,144,3,98,1,89,3,85,1,61
50,2,139,2,83,2,155,1,85,3,109,2,119,1,117,3,98,2,123,2,87
50,1,88,1,90,2,137,1,112,1,99,1,58,1,99,2,121,3,167,2,143
50,2,146,1,70,2,124,1,69,3,91,1,97,1,99,2,88,2,110,2,130
50,2,112,2,110,2,93,2,102,1,107,1,87,1,91,2,105,3,76,2,104
50,1,79,2,111,2,107,1,106,2,104,2,104,2,151,2,102,2,101,2,105
50,2,134,3,94,2,159,2,116,1,104,2,86,3,118,3,90,1,72,3,59
50,3,140,1,53,2,69,3,113,3,133,2,92,2,117,2,102,1,78,1,105
50,3,140,1,95,3,129,3,136,3,88,2,164,2,136,2,74,1,108,1,103
50,2,84,2,96,2,94,1,90,1,143,2,134,2,80,3,122,3,96,2,101
50,3,144,2,90,2,70,3,139,2,98,3,91,2,70,1,116,2,102,1,104
50,2,125,1,61,2,57,2,113,1,88,1,98,2,119,2,108,3,131,2,114
50,3,133,3,172,1,91,3,96,2,93,3,141,1,68,1,73,3,160,2,129
50,1,100,1,106,2,44,2,112,2,125,2,162,1,105,3,120,2,94,3,128
50,2,76,2,102,2,97,2,59,1,86,2,91,3,126,3,139,3,152,2,59
50,3,148,1,74,3,140,2,86,2,151,2,116,2,62,1,129,2,65,3,150
50,1,89,2,120,3,92,1,81,1,96,2,115,2,138,1,135,3,144,1,106
50,2,99,2,106,2,84,1,54,2,62,2,147,1,118,2,105,1,99,2,79
50,2,138,2,101,2,124,2,130,3,159,3,128,2,130,2,111,2,148,2,90
50,2,61,2,113,1,116,2,95,2,102,3,143,2,133,1,161,3,138,2,148
50,3,134,2,106,2,88,2,82,2,77,3,119,3,118,2,87,2,101,2,91
50,1,127,2,75,2,99,3,125,1,70,1,79,2,77,2,162,1,77,2,116
50,2,103,3,142,2,111,2,70,1,74,1,82,2,86,3,122,1,95,1,86
50,2,118,1,84,3,57,3,146,3,99,3,155,2,104,2,78,2,55,1,56
50,1,101,3,123,2,114,3,123,2,130,2,104,1,120,2,117,3,145,1,134
50,1,115,1,86,2,147,3,111,2,99,2,112,2,71,1,80,3,114,3,131
50,3,71,2,86,1,104,1,72,1,56,2,142,3,101,2,109,1,101,2,113
50,3,78,2,34,3,104,2,94,1,98,3,138,3,171,3,125,3,127,3,115
50,3,86,3,153,2,109,2,115,1,133,1,107,1,84,1,105,2,83,2,120
50,1,100,1,90,2,102,3,114,2,65,3,96,2,136,1,77,2,96,3,72
50,2,93,1,108,2,94,2,67,3,160,1,113,2,69,2,147,2,91,1,140
50,1,108,2,85,2,102,1,124,3,109,3,129,1,141,1,92,2,117,2,159
50,3,169,2,91,3,132,2,91,3,130,2,117,2,76,1,71,1,75,3,119
50,3,71,2,145,1,145,2,67,2,160,3,112,2,135,3,96,2,93,3,93
50,3,124,2,124,1,121,2,109,2,124,2,58,1,52,2,107,1,95,1,85
50,2,92,1,93,2,92,2,102,2,69,2,107,2,42,2,128,3,149,1,59
50,2,100,1,98,3,94,1,90,2,164,3,91,2,92,2,120,1,115,2,94
50,1,110,1,76,1,63,2,121,2,85,2,140,3,160,2,156,2,73,1,55
50,2,110,2,128,2,149,1,46,1,89,2,116,3,78,2,115,3,130,2,91
50,3,91,2,89,2,105,3,135,1,91,2,130,2,148,2,127,3,168,3,152
50,2,117,1,69,2,63,1,127,2,110,3,99,2,101,2,114,2,87,1,111
50,1,64,2,87,2,75,3,152,2,62,1,104,2,120,3,111,2,49,1,116
50,2,85,2,48,2,96,1,82,3,65,2,146,2,147,1,103,2,113,1,69
50,3,122,1,103,1,56,2,77,2,98,2,54,2,140,2,134,2,107,2,132
50,3,155,2,121,2,107,2,122,1,113,3,120,2,63,3,162,2,73,3,100
50,3,103,3,123,2,51,2,122,1,122,2,67,2,77,1,78,2,115,3,152
50,2,89,2,143,2,91,3,84,1,57,1,88,2,108,1,116,3,99,3,109
50,2,47,1,73,2,99,1,91,3,144,1,75,1,72,2,62,2,78,3,121
50,3,109,2,96,2,103,3,101,1,73,3,123,3,143,1,126,2,95,3,99
50,2,102,2,126,2,140,2,128,2,110,2,103,1,80,3,115,3,124,2,135
50,2,70,2,105,2,78,1,81,2,131,1,127,2,125,2,95,2,84,2,156
50,1,46,3,126,2,117,2,57,3,123,2,124,1,44,2,90,1,82,2,108
50,1,88,2,131,3,122,3,88,2,81,1,129,2,108,2,110,1,67,1,57
50,1,73,2,112,2,47,3,97,2,122,3,132,1,144,2,126,2,100,2,134
50,1,94,2,55,3,61,2,78,1,103,2,87,3,97,3,136,2,119,2,132
50,3,133,3,92,2,140,2,69,2,126,2,91,2,88,2,82,2,89,2,143
50,2,107,2,146,3,160,2,151,2,104,2,98,3,96,3,126,2,61,3,81
50,3,126,3,112,3,202,2,101,3,107,1,93,2,81,1,86,2,130,1,80
50,3,91,3,111,2,124,3,82,3,176,1,84,3,85,3,140,3,116,2,115
50,3,78,3,141,3,95,2,124,2,127,2,97,3,135,2,127,2,68,1,83
50,2,99,1,55,2,125,2,87,2,96,2,90,1,97,3,165,2,117,3,133
50,1,89,1,61,2,77,3,119,3,121,2,93,2,108,1,126,2,137,3,110
50,2,95,1,100,1,83,3,109,2,91,3,90,2,79,2,149,2,117,1,46
50,2,109,2,63,2,88,1,97,1,102,1,84,3,99,3,105,1,64,1,156
50,2,64,2,110,1,99,1,80,2,153,2,113,2,123,2,103,3,148,3,102
50,2,99,2,85,3,131,3,80,1,46,2,76,1,47,3,135,1,119,1,119
50,3,54,2,76,3,153,2,85,2,98,3,124,3,118,3,139,2,111,2,75
50,2,53,1,126,1,70,1,86,3,104,2,71,2,80,2,134,2,114,2,58
50,1,40,3,129,2,126,1,133,2,133,2,141,1,78,3,114,1,146,3,109
50,2,102,2,109,3,64,2,136,2,95,3,120,2,102,2,98,2,91,3,97
50,3,112,1,105,2,95,1,107,2,135,2,85,2,126,2,136,3,201,1,117
50,2,143,2,83,2,127,3,133,2,86,2,99,2,94,3,110,2,112,3,86
50,2,98,2,170,2,153,2,123,3,83,2,124,3,155,3,76,2,76,2,88
50,3,150,2,138,2,87,1,46,1,83,2,125,3,100,3,87,1,41,2,92
50,2,114,2,115,2,127,1,105,2,92,3,146,1,117,3,113,2,116,3,123
50,1,92,1,119,3,104,2,83,3,73,3,86,3,146,1,96,2,127,2,119
50,2,112,1,87,2,133,2,86,3,128,3,82,1,126,2,123,2,98,1,103
50,2,140,3,127,2,129,2,63,1,127,2,69,2,125,1,123,2,84,2,46
50,3,117,2,79,3,110,1,113,3,125,2,107,3,113,3,184,3,109,3,171
50,1,110,3,132,2,98,1,96,2,88,2,85,2,52,3,136,1,77,3,93
50,3,106,1,106,2,115,3,109,1,56,2,143,2,70,1,163,3,139,2,101
50,1,89,2,45,2,136,2,124,2,101,2,93,1,128,1,51,2,143,3,125
50,2,101,3,97,3,66,3,120,3,98,1,86,1,108,3,113,1,85,2,99
50,3,146,1,52,2,71,2,175,2,103,3,61,1,83,3,80,2,75,2,137
50,2,99,1,99,1,119,2,86,3,71,2,126,2,112,3,63,2,116,3,170
50,1,98,2,93,1,94,1,74,3,112,1,116,2,101,1,123,2,134,1,68
50,2,124,2,132,2,61,2,122,3,159,3,125,2,89,2,133,1,88,2,114
50,2,110,1,40,2,112,3,88,3,151,2,48,1,99,2,89,1,78,1,90
50,2,118,2,84,2,84,3,110,2,120,1,56,2,107,2,113,1,73,1,98
50,3,175,2,107,3,71,2,105,3,137,2,88,3,134,3,126,2,99,2,104
50,2,118,2,135,3,142,2,103,1,100,2,92,3,160,2,128,2,100,2,64
50,2,117,1,139,3,97,3,56,1,137,1,72,3,165,2,76,1,39,1,96
50,2,100,2,87,2,146,2,111,2,102,1,68,1,103,2,134,2,108,1,63
50,2,114,2,92,1,96,2,50,1,89,2,97,3,73,3,148,2,125,2,77
50,2,73,1,156,3,124,2,93,1,53,2,118,3,102,2,65,2,139,2,54
50,3,85,3,118,3,130,2,69,1,86,1,76,2,58,1,128,3,81,2,95
50,2,120,2,141,2,79,3,151,3,109,3,96,3,86,2,101,2,101,2,78
50,3,152,3,135,2,132,2,54,1,104,2,108,2,108,1,101,3,139,2,95
50,2,67,3,155,2,104,2,169,3,114,1,107,1,123,2,87,2,132,3,65
50,2,171,2,87,2,111,2,96,2,124,3,140,2,96,3,104,3,126,2,72
60,2,94,2,122,1,84,3,106,2,86,3,130,3,157,2,84,2,88,3,109
60,3,114,3,60,3,108,1,79,2,80,2,107,1,172,1,85,3,118,1,51
60,2,132,2,69,1,77,1,63,2,187,1,146,2,95,1,69,2,71,1,131
60,2,99,3,103,3,63,3,124,2,96,2,53,3,118,1,53,3,102,2,137
60,2,113,1,93,2,89,2,92,3,105,2,143,2,107,2,97,2,105,1,154
60,2,106,2,125,2,111,2,110,3,102,1,77,2,95,2,145,2,136,2,148
60,3,166,1,74,2,76,3,76,2,78,3,113,2,107,1,69,1,87,2,71
60,1,63,1,102,3,97,3,114,2,75,1,95,2,90,2,146,2,79,3,92
60,1,113,3,128,2,129,3,107,3,101,1,105,1,63,3,135,2,79,3,116
60,2,86,3,151,2,104,1,57,1,85,2,131,2,128,2,87,3,126,3,88
60,1,96,1,50,2,109,3,127,3,132,2,123,2,120,2,89,2,147,1,80
60,2,144,1,43,1,96,2,115,2,97,1,69,2,104,2,80,3,130,1,84
60,2,162,2,128,2,69,2,161,1,67,1,92,2,93,2,153,2,112,3,153
60,2,74,2,126,2,86,1,124,3,116,1,78,2,85,1,110,2,84,3,102
60,3,159,2,77,3,138,2,154,1,86,1,82,2,119,2,97,3,82,2,142
60,2,120,2,66,1,73,2,71,2,141,3,106,2,99,2,110,2,85,2,140
60,1,136,2,107,3,157,1,51,2,100,2,88,2,85,2,142,1,117,1,85
60,3,104,2,95,3,121,2,59,2,49,2,104,2,126,2,90,2,114,2,79
60,2,92,2,51,3,142,2,112,2,96,1,44,2,104,2,114,3,204,1,57
60,1,86,3,123,2,136,1,72,1,154,1,96,1,82,1,84,2,88,1,103
60,3,109,1,50,1,82,2,62,2,109,2,72,1,90,1,109,1,88,3,135
60,2,114,1,134,1,69,1,56,2,134,2,138,1,115,2,61,2,76,1,145
60,3,119,2,138,3,85,1,94,1,95,2,123,2,144,3,134,2,156,1,126
60,2,141,2,143,3,126,2,89,3,157,2,64,1,147,2,43,1,56,3,126
60,2,110,1,105,2,54,2,71,2,150,3,87,1,60,3,87,3,64,3,99
60,2,88,2,91,2,53,3,134,1,47,1,125,2,99,3,42,1,100,3,80
60,3,144,2,95,2,75,2,142,2,86,2,93,3,173,2,76,1,100,1,68
60,2,101,3,123,2,78,2,133,2,119,1,78,1,138,2,90,3,109,1,74
60,3,180,1,85,1,98,2,132,1,90,2,132,2,99,3,97,3,96,3,145
60,3,127,1,92,1,67,2,127,2,99,2,104,3,72,1,81,1,89,1,96
60,2,64,1,73,2,43,3,110,2,93,2,85,3,115,3,133,3,100,2,83
60,3,141,2,99,2,94,1,64,1,116,1,67,2,106,3,141,2,77,1,41
60,3,137,3,109,1,93,3,114,2,121,2,64,2,142,2,104,2,82,1,62
60,1,78,1,70,2,130,2,81,3,124,3,151,2,165,1,103,2,56,3,145
60,2,111,2,139,1,117,2,97,3,136,2,56,3,98,3,148,1,77,2,131
60,1,109,3,84,1,61,3,151,2,140,2,116,2,118,3,117,1,50,1,73
60,2,108,3,64,2,170,2,82,2,132,2,74,3,87,2,116,3,93,3,68
60,1,73,2,124,2,106,2,87,3,172,1,78,2,107,1,106,3,156,1,136
60,3,133,1,65,2,125,2,79,2,113,1,115,1,85,2,143,3,104,3,105
60,1,63,1,100,1,96,2,86,2,110,2,95,1,98,1,139,3,106,3,94
60,2,98,2,105,2,94,1,35,2,57,1,55,2,40,2,67,1,56,3,119
60,3,118,2,69,3,80,2,124,1,51,2,116,2,104,2,113,3,147,1,125
60,2,127,2,99,2,63,2,125,2,98,3,127,2,103,3,82,2,113,2,117
60,2,53,2,54,1,123,1,62,2,93,2,85,2,93,1,99,1,66,2,128
60,2,148,1,64,2,118,2,91,3,122,3,134,2,51,2,119,1,54,1,59
60,2,94,3,106,3,85,3,107,1,111,2,110,3,126,1,104,1,102,1,84
60,2,49,2,99,2,101,2,83,1,64,2,144,2,139,2,100,2,146,3,132
60,3,112,2,91,2,92,3,121,3,127,3,128,2,58,2,159,3,49,1,93
60,1,51,3,128,2,105,1,71,3,96,1,71,2,83,3,117,2,65,2,85
60,1,137,2,76,3,167,2,51,1,56,1,99,1,81,2,97,2,94,2,42
60,1,30,2,131,2,143,3,124,3,130,1,95,2,135,2,172,2,127,1,86
60,2,122,1,69,1,67,3,106,1,46,1,89,3,126,2,62,2,96,2,108
60,3,115,1,98,3,95,3,100,2,67,2,140,1,122,3,114,2,93,3,84
60,3,129,2,112,3,170,1,105,3,102,2,93,3,154,2,94,2,124,1,114
60,3,152,1,88,3,103,3,92,1,97,2,111,1,84,2,122,2,139,2,104
60,2,95,1,87,2,54,2,144,2,124,2,102,2,63,1,154,3,147,3,81
60,2,120,2,107,2,95,2,105,2,89,2,53,2,110,1,106,3,125,3,134
60,3,176,3,111,2,95,2,96,1,109,1,100,3,88,2,77,3,133,3,94
60,1,134,2,121,2,98,2,74,1,104,2,126,3,119,3,129,2,138,1,72
60,2,114,2,114,2,91,2,139,2,103,3,100,1,90,3,122,2,128,2,163
60,2,157,2,123,2,134,2,114,3,92,2,93,1,96,2,102,1,87,2,115
60,2,109,3,107,1,56,1,64,1,79,2,83,3,163,1,90,2,111,3,170
60,3,92,2,76,1,93,3,189,3,145,1,56,2,107,3,144,1,73,2,116
60,2,133,3,134,2,80,2,101,1,87,2,91,2,89,2,72,2,63,3,169
60,2,78,2,100,1,70,1,91,1,105,2,143,2,101,3,123,3,146,1,85
60,2,119,2,91,3,63,2,97,3,101,2,91,1,136,2,97,3,139,2,102
60,2,82,2,93,1,86,3,136,3,79,2,135,2,110,3,151,3,154,2,91
60,1,91,2,88,1,93,1,90,2,120,1,81,2,138,2,146,2,75,3,115
60,2,104,2,94,1,77,2,142,2,88,3,136,2,90,2,81,2,88,2,47
60,3,133,2,77,3,121,3,104,3,88,2,98,2,116,1,88,1,125,2,118
60,2,134,1,78,3,100,2,91,1,78,3,107,1,106,1,107,2,147,2,138
60,2,70,2,125,1,90,1,78,3,110,2,127,2,113,3,149,2,89,2,93
60,2,80,2,113,2,79,2,75,2,99,3,147,2,116,2,62,2,83,3,99
60,1,101,2,100,2,75,3,108,2,166,3,99,3,84,3,159,1,150,2,118
60,2,98,1,71,3,106,2,105,2,114,1,80,2,93,3,124,2,125,3,122
60,1,99,3,161,1,100,2,77,2,105,1,61,2,134,2,104,2,114,2,81
60,2,90,2,113,2,152,3,125,2,113,2,123,3,134,2,114,2,149,2,91
60,3,148,3,184,2,77,2,86,2,101,2,133,2,121,2,77,2,95,2,109
60,2,119,2,150,2,109,3,139,1,101,3,126,2,113,2,66,2,63,2,110
60,1,58,2,128,3,140,1,144,1,128,1,28,2,130,3,135,1,121,2,83
60,2,150,2,88,3,157,2,97,2,123,2,44,2,96,1,136,2,126,1,100
60,2,131,1,56,1,43,2,122,2,93,2,100,3,157,2,111,3,109,2,103
60,2,80,3,163,1,88,2,107,3,122,2,133,2,64,2,85,2,89,1,119
60,2,107,3,128,3,107,3,113,1,36,3,96,3,128,1,86,3,114,1,68
60,3,111,2,152,3,90,1,107,1,100,2,84,3,165,2,125,2,77,2,94
60,2,100,1,112,3,83,1,103,1,95,1,80,3,52,1,66,1,149,2,79
60,3,114,2,129,2,84,2,99,2,166,3,90,3,150,1,118,3,169,1,91
60,2,60,2,148,3,91,1,73,3,107,2,96,2,113,1,69,3,128,1,116
60,2,120,3,120,1,60,2,125,3,113,2,131,2,139,1,91,3,123,2,103
60,3,150,2,76,3,92,1,88,1,53,3,111,2,63,2,90,2,73,3,157
60,2,61,3,111,1,94,1,55,2,78,3,76,3,169,2,74,3,100,3,136
60,3,116,2,86,1,73,2,74,2,70,2,148,2,129,2,115,2,182,1,69
60,2,101,3,138,2,111,1,54,2,103,2,139,3,140,2,84,3,140,1,147
60,3,135,3,128,1,97,2,134,2,133,2,88,1,84,3,70,1,84,2,92
60,1,59,2,144,2,53,1,67,3,155,2,91,2,121,2,95,2,90,1,128
60,3,146,1,71,3,151,2,158,2,63,3,96,2,81,3,112,2,101,3,104
60,2,69,1,105,1,116,2,57,2,100,2,130,2,102,2,139,3,116,1,92
60,1,56,1,73,2,105,2,69,1,64,1,103,1,59,2,93,1,86,3,127
60,2,138,2,142,1,82,2,83,2,103,3,83,2,114,3,142,2,96,1,128
60,2,119,2,91,3,121,2,122,2,106,2,58,1,39,2,108,2,109,2,90
75,1,144,3,83,2,43,3,143,2,71,3,123,3,91,3,151,1,62,3,73
75,3,167,3,96,1,65,2,132,3,119,2,109,2,110,2,68,3,130,2,114
75,1,76,2,89,1,59,3,149,3,128,2,105,2,91,3,112,1,83,2,70
75,3,115,3,138,3,141,2,62,2,80,3,86,3,112,2,78,1,91,3,141
75,1,120,2,67,3,155,1,75,2,154,2,165,3,107,2,94,2,94,1,74
75,1,64,2,91,2,109,3,93,2,82,2,105,2,100,2,90,1,77,1,163
75,1,95,1,101,3,113,2,103,1,100,3,127,2,147,2,68,1,160,2,138
75,3,198,2,41,3,78,2,118,2,52,2,114,3,142,1,67,2,73,2,144
75,2,141,3,80,3,93,3,139,2,107,3,122,2,74,2,70,1,94,2,112
75,2,153,3,100,1,50,2,94,2,115,3,117,2,70,2,156,2,124,1,112
75,2,119,2,108,1,73,2,147,3,66,2,97,3,71,2,120,1,102,2,97
75,1,108,3,102,2,105,2,89,1,105,2,87,3,112,3,139,3,129,2,101
75,2,118,1,49,2,60,2,95,1,70,1,112,1,123,3,85,2,70,2,119
75,1,114,1,107,3,142,3,145,2,118,2,73,2,100,2,112,2,77,1,77
75,2,65,1,87,2,127,3,122,3,93,3,81,2,106,2,119,1,79,2,95
75,2,97,2,119,2,109,2,47,3,139,3,118,1,93,1,109,3,75,3,116
75,2,91,3,115,3,138,3,71,3,153,3,111,1,106,1,71,3,101,3,49
75,3,79,3,138,3,136,1,126,2,112,2,83,3,109,2,113,1,73,3,140
75,2,108,3,70,3,148,3,116,2,81,2,86,1,112,1,90,3,134,2,94
75,1,72,2,88,2,96,2,114,3,145,3,136,3,125,2,129,2,121,3,122
75,3,81,1,77,2,141,3,80,2,115,3,87,1,47,2,50,1,90,1,85
75,1,127,1,83,2,130,3,63,2,134,2,81,3,127,1,61,1,108,3,79
75,1,76,2,111,2,150,1,71,1,152,2,99,3,143,2,159,3,103,2,87
75,2,108,2,106,1,54,3,121,1,109,3,129,2,156,3,113,3,163,1,122
75,2,148,3,87,2,73,1,132,2,147,2,107,2,87,2,131,2,127,2,61
75,2,148,2,74,2,165,2,159,2,91,3,94,1,57,2,111,3,145,2,99
75,2,84,1,71,3,79,2,92,2,69,3,84,2,110,3,99,1,106,2,100
75,1,58,3,59,1,85,2,62,3,90,1,89,1,91,3,178,2,102,3,119
75,2,85,2,110,3,144,2,98,2,118,1,113,2,95,3,156,2,100,2,73
75,2,91,2,111,2,69,2,75,2,77,2,92,3,104,1,115,3,142,2,91
75,3,80,1,51,2,95,2,131,2,115,2,104,1,59,1,117,3,107,2,103
75,3,130,3,120,3,107,2,54,2,60,2,63,1,130,2,88,2,110,3,119
75,3,94,3,146,2,125,2,98,2,143,2,64,3,92,2,101,2,54,2,109
75,2,148,2,47,1,116,2,109,2,128,1,72,1,110,3,125,3,116,3,121
75,2,48,2,100,1,86,2,98,3,73,3,94,2,146,3,130,3,163,2,97
75,1,52,2,98,2,135,2,143,3,116,2,30,2,98,2,110,1,69,2,140
75,2,62,3,106,2,65,2,120,2,104,1,101,2,86,2,134,2,63,1,68
75,3,159,2,92,2,118,3,125,3,118,2,114,3,125,1,116,3,96,2,51
75,1,53,1,56,2,77,3,131,2,147,2,61,1,122,3,95,1,80,2,81
75,2,84,3,89,1,120,2,62,1,91,2,102,2,98,2,112,2,80,3,130
75,3,144,2,65,3,120,1,71,2,71,2,77,2,103,2,57,2,86,2,102
75,1,81,3,109,2,94,2,128,2,114,2,146,3,123,1,55,2,107,2,86
75,2,90,1,16,2,117,1,71,1,107,2,67,2,105,2,58,3,85,3,163
75,2,20,3,77,2,100,1,52,3,131,1,111,3,75,2,58,2,97,2,56
75,1,96,3,138,2,89,3,95,3,63,3,72,2,69,2,162,3,148,2,98
75,3,145,2,104,2,108,3,151,2,106,1,67,2,104,2,111,1,104,1,93
75,3,162,3,134,2,117,3,116,2,64,3,155,2,101,3,93,3,100,3,89
75,2,65,3,49,2,112,3,116,2,97,2,136,2,114,3,115,3,148,1,72
75,3,66,2,138,2,73,3,188,1,122,2,46,2,132,2,87,2,126,1,68
75,2,135,2,51,3,98,2,113,2,76,2,69,1,67,2,97,1,122,1,88
75,2,132,2,81,1,146,1,101,3,118,3,121,1,79,2,81,3,127,1,116
75,3,169,2,67,3,83,2,111,2,89,2,128,1,76,1,92,3,207,3,123
75,3,62,3,92,2,52,3,116,2,78,1,126,2,133,2,99,3,56,2,136
75,2,123,3,113,2,82,2,106,2,144,1,82,3,140,2,71,2,61,2,71
75,2,61,2,104,2,73,3,127,1,109,3,82,2,129,2,102,2,132,1,79
75,2,58,1,88,3,112,1,94,2,130,2,96,2,154,1,165,2,96,2,135
75,1,71,2,139,2,126,1,29,1,72,2,104,2,108,1,73,1,61,1,104
75,2,109,1,121,2,80,3,117,1,72,3,136,3,86,2,74,3,60,2,121
75,2,79,2,171,2,150,3,115,2,157,1,84,2,120,1,82,1,72,2,87
75,3,100,2,114,1,140,3,92,3,145,2,106,3,116,1,149,2,95,2,163
75,2,145,2,141,2,137,2,117,1,72,2,84,3,81,3,102,3,161,2,134
75,1,64,3,119,1,91,2,112,1,85,3,73,1,95,2,130,3,122,3,80
75,3,170,3,126,2,111,2,94,2,107,2,145,1,47,1,79,2,36,3,126
75,1,25,1,58,3,152,2,115,1,75,2,65,3,96,3,125,2,124,2,104
75,2,42,3,120,2,71,1,121,2,96,2,94,1,58,1,71,2,86,1,65
75,2,60,1,108,2,83,1,86,2,126,2,102,2,112,1,74,2,85,1,127
75,1,78,2,109,3,171,1,51,1,86,1,150,2,147,1,67,2,107,2,111
75,2,26,2,70,2,105,1,103,2,103,2,107,2,91,2,116,2,95,2,84
75,2,76,2,96,1,79,3,153,3,151,2,86,3,120,2,104,2,102,3,136
75,2,90,3,150,2,112,1,107,3,135,2,63,3,120,2,97,3,115,2,90
75,2,66,2,136,2,85,2,116,2,87,1,77,3,145,2,107,1,107,3,132
75,1,126,1,99,3,163,3,116,1,75,3,109,1,84,3,98,3,96,2,109
75,1,148,1,79,2,132,1,99,2,69,3,119,1,96,1,105,3,121,2,127
75,2,107,3,96,2,70,2,107,2,109,1,110,2,171,2,49,1,126,3,128
75,2,87,2,115,3,141,2,98,2,120,2,59,3,118,2,121,2,111,2,135
75,1,97,2,138,3,104,2,75,2,119,2,72,3,105,2,123,2,141,2,49
75,2,122,1,104,3,137,2,110,2,108,2,131,1,80,1,109,3,127,1,56
75,2,95,1,66,3,83,3,139,2,80,2,46,3,47,3,102,2,118,2,58
75,1,107,1,115,2,56,2,171,3,115,2,110,2,144,3,125,1,93,2,96
75,1,102,3,59,2,101,2,111,2,106,1,168,1,62,1,100,2,64,3,110
75,2,117,2,72,1,56,1,62,1,56,3,100,3,163,1,76,2,119,3,122
75,3,129,2,97,1,111,2,89,1,147,1,116,2,111,2,110,2,125,3,122
75,1,85,2,89,2,72,2,42,1,91,2,90,1,110,1,76,2,134,3,125
75,1,96,1,91,3,122,2,171,3,75,3,66,3,122,2,55,3,95,3,130
75,2,74,3,162,1,88,2,95,2,71,2,87,2,138,2,81,1,74,3,124
75,2,121,3,142,2,118,2,129,3,136,1,66,2,155,3,102,3,93,2,133
75,3,43,1,92,2,142,2,147,1,141,2,58,1,89,2,110,2,117,2,99
75,2,104,2,109,1,69,2,135,3,126,3,105,1,115,1,61,2,82,3,84
75,1,104,2,99,2,115,3,117,2,116,2,96,1,58,3,123,1,103,2,104
75,2,157,2,94,1,55,2,100,2,133,3,133,1,61,1,79,1,80,3,114
75,1,73,2,144,3,86,3,191,2,87,2,80,3,185,1,57,2,66,2,120
75,2,73,3,110,2,106,2,98,2,110,3,125,2,106,3,169,2,122,3,125
75,2,88,3,111,3,87,2,68,1,64,2,91,1,44,3,72,2,112,2,113
75,3,95,2,120,2,88,1,89,1,81,1,147,1,62,1,120,2,135,3,88
75,1,132,2,94,3,137,3,99,2,111,2,52,3,123,3,152,1,93,2,124
75,3,106,1,108,1,106,1,77,1,84,3,106,3,133,3,74,2,111,2,68
75,2,109,1,108,3,79,2,55,1,82,2,97,2,113,2,61,1,86,2,123
75,1,63,3,144,3,101,1,145,3,81,1,108,2,56,2,69,1,54,2,110
75,2,137,2,121,3,115,3,118,1,117,1,96,1,72,3,115,2,75,3,136
75,3,118,3,123,2,113,2,52,1,100,2,80,3,138,3,134,2,128,2,142
90,1,102,2,140,2,103,3,156,2,123,2,105,3,78,2,92,2,84,1,109
90,1,75,2,99,2,47,2,67,2,87,3,104,2,84,3,80,2,84,3,137
90,1,33,2,143,1,107,2,90,2,83,2,61,2,83,2,141,1,87,3,133
90,3,114,2,113,3,137,2,106,2,104,1,125,1,90,3,157,2,165,2,95
90,2,134,2,103,1,66,1,95,1,114,2,71,1,118,2,51,1,112,2,132
90,1,61,2,120,2,123,3,113,2,75,2,63,3,118,2,117,2,64,2,73
90,2,76,3,80,1,59,1,95,2,75,2,80,3,83,2,110,3,102,1,72
90,2,123,1,133,2,110,3,179,3,95,1,71,2,98,1,30,3,127,2,100
90,2,126,3,81,1,97,2,113,2,117,2,72,3,156,2,83,3,109,1,81
90,1,90,1,59,2,85,1,90,3,142,1,81,2,87,1,116,2,127,1,135
90,1,99,2,98,2,70,3,124,1,70,1,116,2,131,1,77,2,129,2,111
90,3,99,1,91,3,108,3,136,2,99,2,114,3,131,1,111,2,96,1,108
90,2,122,2,92,2,131,2,157,1,70,2,110,3,134,1,110,3,138,3,133
90,2,94,2,100,3,142,3,112,3,121,2,107,3,109,2,105,1,76,1,90
90,2,108,1,95,1,76,3,95,3,126,2,64,1,162,1,105,3,73,2,109
90,1,97,1,91,2,102,2,115,3,132,2,69,2,135,3,62,2,83,1,162
90,2,124,2,73,2,55,1,52,1,110,3,96,3,145,2,110,3,94,2,82
90,2,80,3,107,2,141,2,134,3,171,3,156,2,80,2,131,2,66,3,95
90,1,62,2,170,2,124,2,102,1,74,2,81,3,109,1,103,1,91,1,69
90,2,139,2,106,1,57,2,77,2,86,2,112,2,68,2,80,3,116,2,81
90,1,118,1,84,2,141,3,94,3,137,3,113,2,102,2,122,3,129,1,56
90,1,92,2,100,1,75,1,90,1,128,1,150,2,107,3,139,3,144,3,109
90,3,128,2,59,1,44,2,104,1,100,2,88,3,173,2,90,3,87,1,179
90,1,64,3,151,3,99,3,160,2,133,2,82,2,36,2,121,3,84,2,104
90,3,113,2,120,2,65,2,58,3,106,1,80,2,48,1,95,3,115,2,139
90,3,116,2,106,2,72,2,80,3,105,3,151,3,55,1,104,1,147,1,41
90,3,129,3,118,1,54,2,119,2,89,1,107,2,95,2,74,2,68,2,148
90,2,103,3,115,1,67,2,53,2,125,3,90,2,114,1,53,1,115,2,90
90,2,108,2,116,3,129,3,139,2,89,3,121,2,108,3,69,2,100,1,104
90,2,118,1,95,2,131,3,106,1,80,2,110,2,152,2,67,3,187,2,111
90,2,120,3,117,2,111,2,96,1,92,3,95,2,95,2,107,2,109,1,56
90,2,162,1,111,2,100,1,60,1,68,2,66,3,113,2,139,3,144,2,155
90,2,96,3,145,2,79,2,94,3,139,1,62,3,112,2,135,3,75,2,109
90,1,110,1,89,1,73,2,145,1,48,1,52,1,52,1,59,3,60,3,144
90,2,77,2,88,1,95,2,89,2,150,3,92,3,104,1,109,2,76,1,141
90,1,67,3,152,3,136,2,65,2,122,2,105,1,65,2,89,1,124,1,82
90,2,122,3,151,2,92,2,143,3,115,3,105,1,95,2,94,2,118,3,129
90,3,87,1,125,3,164,3,75,2,148,3,65,2,105,2,105,3,117,2,91
90,2,109,2,95,1,69,2,84,2,100,3,111,2,142,2,103,3,128,3,139
90,3,100,2,124,1,114,2,106,1,129,1,117,2,72,2,149,2,98,1,96
90,2,86,2,94,2,100,2,85,1,88,2,153,2,72,2,127,2,120,2,68
90,1,84,2,92,2,102,2,103,3,92,2,172,2,106,2,84,2,157,2,121
90,1,92,2,141,1,107,2,98,1,134,1,49,2,104,1,54,3,150,2,123
90,1,121,2,75,2,109,2,93,1,98,2,46,1,92,1,91,2,67,2,68
90,1,49,2,154,3,92,3,117,2,122,3,98,2,90,1,89,1,64,2,119
90,3,108,1,48,2,121,2,96,1,83,3,90,2,96,1,81,2,68,3,175
90,3,149,2,118,1,119,1,103,2,130,1,47,3,134,1,65,2,106,2,83
90,2,131,2,129,1,121,2,92,2,53,1,68,1,99,1,131,3,116,2,99
90,2,71,2,93,1,39,1,97,2,119,2,57,1,42,2,72,2,127,2,88
90,2,124,2,58,1,71,1,106,2,115,3,112,2,84,1,90,1,103,2,153
90,3,120,2,78,1,123,2,104,1,84,3,131,2,92,2,110,2,109,3,153
90,1,84,2,75,2,76,2,117,3,141,2,131,1,72,2,49,1,62,2,83
90,2,63,1,119,2,119,3,164,3,120,3,111,3,83,3,115,1,82,2,131
90,2,124,2,76,1,102,2,101,2,101,2,102,1,107,2,143,2,85,2,118
90,2,92,1,57,3,118,2,99,2,125,1,79,2,145,1,86,1,111,1,76
90,1,86,2,71,2,67,3,136,3,172,1,86,1,56,3,82,2,145,3,98
90,3,112,2,50,2,119,2,113,2,139,3,117,3,114,3,95,2,90,1,65
90,2,119,2,85,3,151,1,99,3,111,1,58,3,131,3,132,2,94,1,73
90,1,83,2,115,2,150,2,88,2,109,1,85,3,56,1,92,1,106,3,102
90,1,63,2,91,1,80,2,112,3,156,2,76,2,133,2,127,2,146,2,134
90,2,135,1,97,2,133,1,54,2,138,2,142,1,56,1,122,3,132,3,123
90,3,159,2,88,2,110,2,120,2,114,2,104,2,78,1,52,1,80,2,111
90,1,60,1,55,2,115,1,95,3,149,2,77,2,71,2,48,2,79,2,113
90,3,104,2,145,2,86,2,97,2,111,2,77,3,59,2,135,3,176,1,96
90,3,85,2,102,2,72,3,116,1,48,2,83,3,112,3,139,3,117,2,92
90,3,160,2,101,2,74,3,104,2,96,2,91,1,95,1,90,3,168,2,90
90,1,95,3,131,2,97,2,143,2,97,1,113,1,93,2,70,2,97,2,92
90,2,82,3,107,2,136,2,92,2,109,2,65,1,45,3,71,1,103,3,92
90,2,165,1,147,2,106,1,95,1,70,2,108,3,121,2,105,3,120,3,151
90,2,51,2,126,2,47,1,51,2,59,3,129,3,106,1,97,2,146,2,97
90,2,122,3,101,1,71,2,94,2,102,1,89,3,117,2,132,3,107,2,146
90,2,78,3,104,2,88,2,86,2,61,2,115,2,154,2,107,2,92,2,122
90,2,118,2,86,2,101,2,143,2,83,2,73,1,51,1,139,2,135,2,46
90,2,96,3,111,2,98,3,105,1,132,1,85,2,112,2,71,2,113,2,98
90,3,145,2,94,2,143,2,70,3,84,2,79,1,50,2,105,1,115,2,56
90,1,102,3,122,2,106,2,105,2,33,2,145,2,58,2,113,3,160,2,144
90,3,121,2,62,2,102,3,119,2,96,3,159,1,76,2,93,1,79,1,64
90,2,96,1,40,1,72,2,105,3,144,1,110,2,97,3,123,2,142,2,153
90,1,118,3,105,3,88,2,86,2,76,1,62,3,124,2,84,1,153,2,92
90,2,103,3,108,2,74,2,123,3,111,3,128,1,91,3,53,2,89,3,122
90,1,72,2,102,2,62,1,110,2,147,2,143,2,123,2,57,2,109,1,34
90,2,61,3,108,2,127,2,117,2,123,3,82,1,142,1,112,3,95,2,107
90,2,86,3,80,3,125,1,80,1,86,2,137,2,154,2,98,2,100,2,125
90,1,91,2,81,1,117,2,121,1,88,3,82,3,62,2,79,2,127,2,129
90,3,129,2,121,2,70,3,139,1,62,1,116,2,116,3,111,3,141,2,81
90,3,141,2,148,1,95,1,116,1,56,1,117,3,113,3,159,3,87,3,136
90,2,60,2,91,3,110,2,49,1,82,2,125,2,76,2,123,3,87,3,116
90,2,65,1,73,2,72,2,100,1,106,2,91,1,107,2,95,3,127,2,120
90,2,172,3,117,3,99,2,117,2,105,2,117,1,98,2,79,2,92,2,134
90,1,62,2,108,2,122,3,112,1,126,1,110,2,137,3,94,1,126,3,106
90,2,77,1,77,1,62,3,89,1,76,3,103,1,43,1,93,3,156,2,76
90,2,86,2,132,3,134,2,104,2,139,2,129,2,95,2,101,2,130,2,132
90,3,98,3,123,2,134,2,105,3,74,3,98,1,92,2,105,2,93,2,110
90,2,55,2,68,3,157,2,79,2,73,3,116,1,60,2,118,3,144,1,73
90,1,105,2,104,2,115,2,86,1,80,2,114,1,82,2,141,3,130,2,123
90,3,100,2,104,3,109,2,129,3,108,3,164,2,96,1,90,3,89,1,98
90,2,147,1,78,2,76,3,124,3,94,1,62,2,121,3,141,2,77,2,112
90,1,42,2,97,2,117,3,148,2,145,3,119,2,91,2,75,1,101,2,106
90,1,114,3,114,1,75,1,108,2,73,2,86,2,89,1,75,2,129,2,144
90,1,58,1,103,1,55,2,106,2,89,2,123,3,155,2,152,3,154,1,88
120,1,103,1,102,2,95,1,53,1,51,2,133,2,81,1,66,2,115,3,114
120,1,122,2,108,1,109,3,82,2,133,3,129,2,149,2,110,1,70,3,155
120,3,146,2,90,2,53,1,44,1,95,1,126,1,51,3,153,3,92,3,116
120,2,123,2,133,2,90,2,92,3,70,1,94,2,125,2,98,1,51,2,123
120,2,101,2,133,2,93,2,97,2,90,3,105,3,114,2,101,2,148,1,110
120,1,47,3,96,2,89,1,88,2,135,1,115,1,117,1,123,1,74,1,79
120,2,147,2,103,2,94,2,133,3,139,1,102,3,139,3,110,2,156,2,91
120,3,118,3,90,2,104,3,168,3,105,2,79,2,129,2,104,2,53,2,149
120,1,132,1,84,3,97,3,121,1,48,3,95,2,75,2,64,2,98,2,135
120,3,180,2,131,1,62,2,113,3,192,2,94,3,121,3,95,2,145,3,133
120,2,76,2,73,3,139,2,136,2,101,3,127,3,134,2,116,2,120,2,106
120,2,105,2,110,1,48,3,91,3,127,3,144,2,98,3,129,1,56,2,84
120,2,108,2,88,2,96,2,97,3,95,3,122,2,86,3,117,3,119,2,92
120,3,92,1,92,2,60,2,127,3,156,2,105,2,103,3,157,1,127,3,151
120,3,104,2,85,1,73,2,102,2,93,2,78,1,123,2,80,3,135,2,74
120,1,33,3,127,3,133,2,92,1,109,3,90,3,111,2,102,3,122,3,125
120,1,35,2,131,2,93,2,37,3,89,2,109,3,121,2,106,2,107,3,151
120,1,60,2,117,2,106,3,17,2,107,2,85,3,83,3,118,2,96,2,73
120,2,123,2,113,2,100,2,79,2,126,3,92,2,121,2,122,3,76,3,110
120,2,115,2,112,2,104,2,43,2,135,1,63,3,141,1,78,1,116,2,110
120,2,79,2,81,2,124,1,108,2,95,2,65,2,96,3,125,2,65,2,94
120,3,71,3,116,2,120,3,135,2,145,3,111,3,123,2,92,3,129,1,84
120,3,165,2,91,1,65,2,120,2,99,1,58,1,67,2,96,2,128,2,122
120,3,101,3,34,3,127,3,135,3,87,2,65,1,109,1,123,2,129,2,103
120,3,121,2,109,1,105,2,107,2,117,2,94,2,108,2,103,3,101,3,157
120,2,37,1,117,2,101,1,91,1,107,2,74,3,123,1,79,1,87,3,142
120,2,87,1,62,3,75,1,107,2,105,2,161,2,137,2,70,1,95,3,108
120,1,114,2,160,2,67,2,131,3,115,3,80,2,88,2,122,3,150,2,116
120,2,150,2,122,1,66,2,85,1,60,3,154,3,97,1,128,2,66,2,118
120,2,84,3,102,1,146,3,137,3,107,2,79,1,62,3,116,2,103,2,70
120,2,130,2,114,2,116,2,71,3,103,1,83,2,85,3,122,2,106,2,93
120,2,73,3,164,1,70,1,128,2,103,2,55,2,85,2,134,2,78,2,99
120,1,136,1,105,1,101,2,93,1,116,3,109,2,134,2,42,3,100,3,111
120,2,142,1,104,1,128,2,52,2,120,2,62,1,82,2,97,3,129,1,61
120,3,128,3,187,1,126,3,109,2,112,3,143,1,110,3,131,2,153,3,119
120,2,124,2,45,2,99,2,103,2,124,3,97,1,61,2,142,2,116,2,116
120,2,111,3,100,3,135,2,104,1,106,2,107,2,100,2,71,1,114,3,135
120,3,131,2,100,2,109,2,124,1,65,1,109,2,99,1,94,1,145,1,115
120,2,101,2,117,2,57,2,94,2,108,3,114,2,112,1,103,1,63,1,67
120,3,152,2,140,2,113,3,82,1,51,2,111,2,121,1,86,1,82,3,136
120,3,153,2,80,2,70,2,81,1,118,3,119,2,88,1,84,2,73,2,101
120,2,125,2,78,2,100,2,85,2,85,3,91,2,136,3,121,3,126,2,79
120,2,59,2,129,3,101,2,120,1,87,3,128,2,81,2,94,2,97,3,114
120,2,99,1,129,2,73,1,123,3,79,2,127,3,95,2,68,2,71,2,155
120,2,131,2,79,3,111,2,132,1,68,1,67,3,109,2,112,2,94,1,67
120,2,73,2,135,1,94,2,114,2,100,3,138,1,89,3,163,1,79,1,106
120,1,75,2,95,3,60,2,81,1,74,1,37,2,112,2,108,1,92,1,129
120,2,106,1,50,2,131,2,110,1,45,2,97,3,117,2,67,3,105,3,122
120,3,148,2,37,2,77,2,128,2,109,1,86,3,128,2,168,1,146,2,111
120,2,148,2,72,2,79,1,93,3,159,2,140,1,53,3,166,2,77,2,89
120,2,44,2,136,2,101,1,88,1,98,2,102,3,124,3,145,3,113,3,139
120,1,79,3,87,2,135,3,100,2,65,2,101,2,73,2,148,3,83,2,91
120,3,114,1,30,2,145,3,146,3,129,3,113,2,83,3,63,1,84,2,48
120,1,98,2,103,1,80,2,138,3,74,2,82,3,150,2,152,1,89,2,117
120,2,89,3,136,2,103,2,119,3,110,3,109,1,48,2,129,2,127,2,128
120,2,57,3,110,1,107,2,101,1,65,3,157,3,118,1,101,2,138,2,96
120,2,87,1,82,1,97,1,116,2,131,1,73,2,121,2,99,2,104,2,48
120,2,95,2,109,2,58,2,104,3,134,1,54,2,52,2,117,2,91,1,80
120,1,100,2,100,3,82,2,114,1,114,1,68,3,116,1,114,3,127,2,86
120,1,78,2,74,3,112,1,144,2,131,3,102,3,85,1,102,2,95,2,107
120,2,124,2,83,3,115,1,64,2,113,2,88,3,113,3,132,3,83,1,65
120,1,100,2,84,1,29,3,170,2,75,1,115,2,110,2,130,2,138,2,141
120,2,73,1,73,2,128,3,103,1,89,2,133,3,103,1,45,2,98,1,114
120,3,121,1,74,1,94,2,90,2,125,2,162,2,118,2,102,1,99,3,90
120,3,157,1,67,2,116,3,178,2,136,2,144,2,74,1,118,1,90,3,102
120,2,43,3,95,1,80,1,98,2,129,3,98,2,145,1,78,3,121,2,93
120,3,119,2,89,2,64,3,123,2,117,2,124,2,110,3,122,2,57,1,65
120,2,146,2,132,1,120,1,132,2,153,2,104,3,92,2,103,2,57,1,112
120,1,142,2,121,3,114,1,77,3,95,2,72,2,126,1,77,2,107,2,41
120,2,81,2,124,2,152,2,103,3,133,3,103,2,113,2,106,2,94,2,90
120,2,84,2,120,3,121,2,100,2,84,3,145,3,128,2,78,3,109,3,53
120,3,82,3,107,3,126,2,106,3,146,2,132,3,102,1,84,3,136,2,78
120,2,170,3,88,3,120,2,82,1,63,2,99,2,114,1,62,2,96,2,146
120,2,88,1,107,1,77,2,162,2,81,2,52,3,141,3,87,2,87,1,105
120,2,122,1,91,1,55,1,99,1,79,2,104,2,144,1,124,2,114,2,125
120,2,73,2,93,3,113,2,85,2,80,3,144,2,110,3,164,2,67,2,119
120,1,109,1,109,2,77,2,72,3,116,1,63,1,67,3,134,1,63,1,48
120,3,120,1,95,2,118,3,119,1,75,1,88,2,104,2,153,1,86,3,143
120,2,65,2,111,1,89,3,100,1,96,1,63,2,92,3,136,2,100,1,68
120,3,159,2,70,3,161,1,47,2,154,1,112,2,119,2,97,2,84,1,93
120,1,84,2,83,2,106,3,113,1,120,2,104,3,148,3,129,1,124,3,138
120,3,132,2,76,3,89,2,92,2,96,1,45,2,98,3,163,3,136,2,130
120,2,201,1,90,2,98,2,73,2,112,1,70,3,176,2,77,3,91,2,97
120,1,51,2,104,3,103,3,49,2,88,2,101,1,114,1,98,1,93,3,129
120,3,115,2,72,2,67,2,67,3,152,2,101,2,97,3,154,3,154,2,82
120,1,67,3,143,2,95,1,91,2,113,1,86,1,139,3,176,1,140,1,91
120,1,80,2,102,2,87,2,115,1,110,2,113,2,89,1,113,1,83,1,89
120,2,90,2,75,2,94,1,68,2,130,1,88,2,112,2,133,2,81,2,119
120,2,147,3,141,2,96,2,93,3,142,1,48,3,98,2,114,1,102,1,99
120,3,109,2,105,2,96,2,120,2,87,2,160,2,108,2,101,3,125,2,133
120,3,105,2,111,2,98,2,142,2,70,2,134,3,88,2,73,3,156,2,60
120,2,114,1,85,2,125,2,94,2,100,1,96,2,121,1,99,1,139,3,111
120,1,71,1,31,2,54,3,97,2,91,2,96,3,114,3,114,3,117,3,121
120,1,104,3,147,2,112,3,134,1,61,1,143,2,112,2,118,3,142,1,85
120,2,68,2,100,2,116,2,174,3,81,1,73,2,106,3,132,2,114,3,78
120,2,116,1,99,1,109,2,73,2,141,2,72,3,108,2,92,3,92,1,42
120,3,116,2,159,2,118,2,101,3,116,1,83,3,80,1,108,2,80,3,113
120,1,82,3,132,3,128,1,137,2,91,1,97,1,80,2,127,2,120,1,130
120,2,89,1,91,1,96,1,170,3,57,3,115,1,105,2,123,1,51,1,62
120,1,76,3,91,2,58,3,81,2,71,2,122,3,92,2,120,1,91,2,133
150,2,138,3,61,3,109,2,55,2,114,3,85,2,65,3,69,2,108,3,98
150,2,115,2,109,2,105,2,84,2,60,1,85,1,72,2,79,2,148,2,78
150,3,133,2,98,2,96,2,91,1,125,2,94,1,50,3,165,2,35,2,133
150,1,69,3,171,2,88,1,87,1,105,2,92,2,62,1,74,3,143,2,127
150,2,73,2,95,1,117,1,130,1,78,2,125,2,85,2,148,3,54,2,95
150,2,97,2,64,3,102,3,78,1,70,1,84,2,103,2,140,3,125,1,67
150,2,65,2,68,3,105,2,155,3,132,2,122,1,76,2,115,1,85,2,101
150,2,81,2,104,2,136,2,92,2,143,3,129,3,90,2,109,3,114,2,120
150,2,109,3,110,2,124,1,54,1,48,2,130,3,102,2,76,1,43,2,118
150,2,155,2,90,2,106,1,85,3,145,2,92,3,92,2,111,2,143,2,157
150,2,88,3,90,1,75,2,129,2,51,2,58,1,79,3,128,2,109,2,98
150,2,96,2,122,2,121,2,121,1,128,3,139,1,63,2,91,2,79,1,43
150,3,142,3,84,3,138,2,128,2,131,2,116,2,69,2,150,1,41,2,91
150,2,122,3,133,3,133,2,111,2,122,3,113,2,124,2,131,2,111,1,52
150,2,113,1,48,1,145,1,82,1,80,3,111,3,147,3,105,2,119,2,98
150,2,104,2,139,2,107,1,129,2,80,2,126,3,115,3,122,3,138,2,100
150,1,122,3,153,2,98,2,71,2,119,1,79,2,124,3,90,2,96,1,117
150,1,106,2,143,1,35,1,45,1,135,2,105,1,106,2,151,2,84,2,118
150,1,80,2,114,2,95,1,141,3,116,3,168,2,117,2,92,1,106,3,141
150,1,108,3,95,2,76,2,117,2,101,2,89,2,132,1,62,1,77,2,113
150,3,139,2,136,2,77,1,59,1,105,1,87,2,51,2,75,1,92,2,113
150,3,90,2,113,2,81,2,105,1,74,1,103,3,110,2,107,1,74,2,84
150,3,109,3,161,2,127,2,83,2,90,2,109,2,113,3,133,1,97,3,95
150,2,86,2,118,2,40,2,72,2,60,2,113,1,112,1,84,3,128,2,91
150,1,53,1,100,2,86,2,104,1,101,2,116,2,122,2,64,3,107,2,105
150,2,68,2,120,2,83,3,43,1,47,2,109,1,104,3,151,2,119,1,94
150,2,85,3,138,2,93,2,133,3,105,2,76,3,145,2,95,2,121,3,154
150,2,103,2,135,3,154,3,171,2,130,1,91,2,99,2,103,2,63,2,73
150,1,110,2,67,1,79,2,162,1,65,1,75,2,123,1,187,1,81,1,62
150,1,52,1,110,1,110,2,78,2,75,2,68,2,45,2,85,3,64,3,113
150,1,52,2,44,1,59,1,31,1,74,2,124,2,99,2,73,2,94,1,97
150,3,161,2,104,1,101,2,130,1,72,2,77,1,45,3,107,1,83,3,118
150,3,122,2,108,2,90,2,127,2,137,2,117,1,87,2,88,3,101,2,56
150,2,77,2,98,2,108,2,144,2,136,2,93,1,101,2,97,2,77,1,85
150,2,66,3,153,1,114,3,108,3,123,2,101,1,58,2,128,2,148,3,64
150,3,125,2,54,2,77,1,127,3,172,2,90,2,176,3,158,2,113,2,68
150,3,150,3,122,2,112,2,88,3,132,3,102,3,119,1,102,1,80,1,93
150,3,96,3,149,3,117,3,130,3,50,2,120,2,130,2,99,3,161,1,118
150,1,44,2,88,2,107,2,41,3,88,2,78,2,96,3,121,2,111,1,134
150,3,97,2,65,3,123,2,146,1,72,1,77,3,155,2,117,1,121,2,99
150,2,57,2,88,1,94,2,92,2,130,1,22,1,52,2,90,1,63,3,87
150,2,95,1,71,2,76,2,115,2,118,1,114,3,85,2,66,1,56,2,113
150,2,103,3,96,2,75,1,82,1,67,3,71,2,108,3,129,3,144,1,102
150,2,81,3,112,1,48,3,138,1,95,3,68,1,38,1,79,2,99,2,120
150,3,133,2,99,2,159,1,48,2,90,2,56,2,132,2,76,2,100,3,103
150,1,71,3,123,1,104,3,45,2,91,2,60,2,77,3,185,3,90,3,83
150,2,181,1,36,3,114,1,103,2,115,2,106,2,114,3,117,3,87,1,82
150,2,85,3,81,3,40,2,104,3,108,3,100,1,96,3,97,2,92,2,119
150,1,72,2,148,2,133,1,76,1,120,1,47,2,83,1,110,3,151,2,114
150,3,126,2,112,1,66,1,89,2,111,3,141,1,31,2,102,3,123,2,176
150,2,107,1,51,2,108,2,96,3,99,2,55,1,63,2,134,3,89,3,181
150,3,147,2,116,3,101,2,97,3,89,1,88,3,130,2,132,2,86,2,103
150,1,76,1,98,2,101,3,100,3,114,3,136,2,136,2,88,1,102,3,84
150,2,101,2,114,3,185,1,30,2,110,1,68,3,139,2,121,2,101,3,109
150,2,122,2,87,2,145,2,67,2,97,1,124,2,73,1,79,2,115,2,111
150,1,82,3,125,3,158,1,129,2,78,3,129,2,100,1,84,2,110,3,93
150,2,116,3,60,3,143,3,172,3,151,3,143,2,112,3,64,2,138,2,132
150,1,48,2,50,3,136,2,80,2,80,2,112,2,100,2,131,1,124,3,158
150,3,94,2,64,1,49,3,87,2,92,2,107,2,124,1,104,1,109,1,101
150,1,81,2,92,3,110,2,63,3,148,3,97,2,87,1,90,1,116,2,153
150,1,73,3,139,2,121,2,116,1,139,2,77,1,93,2,67,2,72,3,95
150,3,142,1,84,3,186,2,146,1,107,1,105,2,113,2,154,2,83,3,86
150,1,108,2,60,2,117,1,96,3,165,1,88,1,54,2,157,3,142,2,87
150,2,92,3,103,2,139,1,61,2,43,2,90,2,92,1,55,3,63,1,140
150,2,110,3,124,2,31,2,93,2,124,2,97,1,61,2,113,3,96,1,69
150,2,120,2,116,3,151,2,96,3,129,1,84,3,111,1,59,1,149,3,144
150,2,158,2,112,1,58,1,117,2,122,2,124,2,95,1,102,3,109,1,89
150,1,105,2,91,1,114,2,100,2,94,2,119,2,111,1,94,1,68,2,133
150,2,76,2,77,2,67,1,101,2,120,2,131,3,114,2,48,2,110,1,71
150,1,95,2,126,3,95,2,47,2,101,2,114,3,140,1,125,2,153,2,127
150,1,64,1,62,1,67,2,135,2,141,2,132,3,124,2,42,2,106,2,94
150,3,87,1,49,2,117,1,73,2,104,2,89,2,130,3,98,2,110,3,154
150,3,80,1,107,2,60,2,115,2,120,2,93,3,80,2,73,2,85,2,93
150,2,98,1,83,2,144,2,105,2,59,1,88,2,90,2,108,2,152,2,74
150,2,64,3,102,2,91,3,59,2,62,1,79,2,107,3,138,2,165,1,99
150,1,65,2,109,2,80,2,131,1,41,2,105,2,93,3,78,1,65,1,79
150,1,88,1,89,2,118,1,46,2,108,2,121,1,148,1,103,3,124,1,70
150,2,50,1,99,1,134,2,51,3,115,2,40,3,71,2,88,1,88,2,134
150,2,74,2,80,2,73,2,105,1,41,2,93,2,74,2,107,3,94,1,110
150,2,119,1,57,1,94,1,52,2,130,2,98,2,108,2,90,3,107,2,129
150,1,127,2,127,2,126,2,117,1,124,2,147,3,160,2,65,2,86,2,95
150,3,144,3,118,2,123,3,136,2,132,2,141,1,133,2,61,2,82,2,91
150,2,126,1,76,2,80,1,95,2,65,2,58,2,67,3,92,2,67,3,189
150,2,129,2,71,1,89,2,105,1,125,2,89,2,66,2,87,1,118,2,100
150,3,107,2,124,1,85,2,112,1,72,2,67,2,61,1,93,3,105,2,119
150,2,102,2,134,2,94,2,89,2,104,1,48,3,91,2,123,3,111,2,88
150,1,144,2,113,2,141,1,101,2,105,2,133,1,45,3,114,3,162,1,88
150,3,105,2,138,2,85,2,84,2,57,3,106,2,94,2,135,1,96,1,39
150,1,90,1,102,2,66,3,124,2,109,2,57,2,141,1,76,2,59,2,120
150,1,56,3,102,1,87,2,123,1,78,2,76,3,84,2,80,1,62,2,117
150,3,96,2,84,1,143,3,93,2,101,2,114,2,104,2,73,1,91,3,80
150,2,100,3,89,1,46,2,96,3,108,3,74,2,71,2,132,1,67,2,94
150,2,68,2,86,3,78,3,122,1,59,1,80,2,116,2,78,2,66,3,121
150,2,146,2,54,3,140,2,100,2,59,3,154,2,109,1,49,2,55,3,131
150,3,54,2,129,1,62,2,72,3,105,2,108,1,112,1,121,2,102,3,146
150,1,105,1,105,2,97,3,122,1,73,2,76,2,110,3,121,1,30,2,61
150,1,70,2,108,2,83,1,151,2,86,3,91,2,120,2,67,1,72,2,82
150,2,102,2,109,2,98,3,127,3,79,1,120,2,89,2,84,2,67,3,95
150,1,110,3,92,1,108,2,95,2,148,2,145,2,117,2,126,2,87,2,93
150,3,145,1,116,2,122,1,65,2,91,1,66,1,114,1,99,2,148,2,63
180,2,119,2,149,1,72,3,111,1,78,2,95,1,75,2,63,1,99,2,131
180,3,138,3,119,3,132,2,56,3,73,2,125,2,125,2,74,2,127,2,115
180,2,137,3,111,3,119,2,93,2,112,2,92,2,114,3,108,3,117,2,98
180,3,129,3,85,2,58,2,122,1,58,1,83,2,112,3,105,3,160,2,107
180,1,66,1,78,2,100,1,112,2,111,2,89,3,123,2,107,2,150,2,121
180,1,88,2,73,2,122,2,137,3,93,3,115,2,124,2,101,2,96,3,89
180,2,113,1,83,2,41,3,149,1,44,1,83,1,142,2,81,3,133,3,148
180,1,75,2,117,3,108,2,91,2,112,3,137,2,98,2,128,2,124,3,88
180,1,57,1,81,3,154,2,102,2,114,2,79,3,118,3,118,1,49,2,76
180,2,90,3,112,1,87,3,124,2,83,2,82,1,94,3,115,2,68,2,78
180,1,81,2,79,2,90,2,50,3,149,2,99,3,154,3,123,2,105,3,150
180,3,103,2,120,3,134,2,115,2,86,1,145,3,101,1,84,1,82,2,86
180,3,150,2,85,1,48,3,93,2,127,2,38,1,73,1,158,2,123,2,99
180,2,100,3,141,2,119,2,94,1,74,1,62,3,135,3,100,2,72,2,40
180,3,150,3,149,2,92,2,31,2,86,2,145,2,108,3,103,2,88,2,78
180,2,94,2,162,1,79,2,58,2,142,1,69,2,120,1,112,3,157,2,76
180,2,84,3,102,1,48,3,127,2,165,1,39,3,133,3,147,2,101,3,137
180,1,72,2,76,2,169,2,129,2,124,2,82,1,106,1,74,2,121,3,137
180,2,63,1,43,3,124,2,67,3,104,1,62,2,85,2,138,3,101,2,129
180,1,142,3,63,2,144,2,63,3,139,3,60,1,75,3,168,2,108,3,191
180,3,137,3,151,3,82,2,100,2,88,2,100,3,65,2,79,2,149,3,111
180,2,99,1,102,1,84,1,87,3,83,1,90,1,70,2,81,3,112,2,94
180,1,125,1,117,3,96,3,179,1,55,1,40,2,169,2,88,3,155,2,115
180,2,127,2,129,2,83,1,67,2,80,2,70,3,93,3,150,3,101,2,113
180,1,74,3,99,1,67,3,133,1,45,1,53,2,141,2,108,1,83,3,113
180,3,179,2,70,3,106,1,120,1,103,2,138,2,141,1,57,2,68,2,117
180,1,123,2,108,2,78,2,98,2,109,1,81,1,62,2,116,2,80,2,122
180,2,101,1,171,2,74,2,166,2,106,2,143,2,53,3,129,2,83,1,129
180,2,92,2,117,3,117,1,76,3,129,2,111,1,48,2,130,2,59,2,131
180,2,93,2,105,3,102,1,91,3,146,2,86,1,86,1,112,2,103,2,133
180,2,54,1,93,2,121,3,117,2,108,3,152,1,45,2,135,3,135,3,125
180,1,52,2,66,3,113,2,113,1,76,1,99,2,118,3,99,1,89,3,95
180,2,103,1,103,2,133,3,84,3,128,3,131,2,92,2,151,3,128,1,85
180,2,68,1,99,1,114,1,78,2,116,2,175,3,160,1,135,2,86,3,139
180,2,74,1,66,1,92,1,83,2,93,2,128,2,103,2,132,2,97,1,70
180,3,91,2,74,2,145,2,82,2,109,2,99,2,66,1,68,1,69,3,111
180,2,72,2,145,2,91,2,116,2,113,3,146,2,99,3,135,2,85,2,159
180,2,82,1,51,1,104,2,138,2,73,1,49,3,132,2,127,2,108,2,119
180,2,71,3,109,3,71,3,114,1,51,1,55,2,95,2,103,3,112,1,50
180,2,104,1,58,1,51,1,113,3,110,3,112,2,81,2,126,2,105,2,97
180,2,82,3,112,2,102,2,119,2,82,3,96,3,110,2,87,3,111,1,65
180,1,52,2,111,3,106,2,83,2,74,3,128,3,97,2,74,2,88,3,105
180,3,112,3,107,1,109,3,94,3,142,3,125,3,137,1,82,2,84,2,123
180,3,119,2,116,2,141,3,96,1,74,2,71,2,152,2,50,3,154,3,93
180,3,154,1,94,3,138,3,100,2,123,2,95,2,82,2,77,2,81,1,81
180,1,58,1,114,2,58,3,136,3,77,1,96,2,114,3,98,3,161,3,77
180,2,82,2,62,1,72,2,94,2,123,2,86,2,39,1,45,2,158,3,95
180,3,109,3,138,1,110,1,115,3,118,2,155,1,76,1,42,2,153,3,107
180,2,98,2,85,3,117,2,73,3,136,2,80,2,158,2,88,2,109,2,125
180,3,106,2,121,2,99,2,138,2,76,2,102,2,78,2,151,1,95,2,90
180,3,85,2,88,2,102,3,154,1,60,2,108,2,72,2,96,2,118,2,125
180,3,139,3,122,2,55,2,49,2,150,1,82,1,81,3,105,2,34,2,93
180,2,115,1,49,2,101,2,106,2,136,2,89,3,147,2,113,2,102,2,51
180,3,85,2,87,1,96,2,72,2,133,1,50,1,48,2,166,3,111,3,101
180,2,87,1,106,1,55,2,92,1,69,1,108,2,93,2,129,1,35,3,136
180,2,115,1,129,3,119,2,63,1,112,2,106,2,106,1,122,2,88,2,132
180,2,62,1,97,2,116,1,65,2,102,3,139,3,120,2,127,2,127,1,149
180,1,101,1,55,3,69,3,71,2,133,1,126,2,110,2,160,3,91,1,89
180,1,66,2,72,2,91,3,77,2,135,2,134,2,64,3,134,2,126,2,79
180,2,126,2,100,2,85,2,92,1,57,1,100,2,87,2,115,3,151,2,82
180,1,92,3,140,1,101,1,66,1,101,1,88,2,154,3,128,3,84,2,145
180,3,82,2,54,2,95,3,151,1,77,2,110,2,114,2,91,3,149,2,48
180,1,54,2,97,2,102,1,118,2,104,1,77,2,119,3,139,2,141,1,100
180,2,158,1,76,1,99,1,102,2,122,1,127,1,97,1,120,2,80,2,107
180,2,114,3,117,3,116,2,67,1,78,3,166,2,66,2,37,2,85,3,136
180,2,139,2,73,2,83,1,36,2,116,2,77,2,54,2,82,1,67,2,85
180,2,113,3,118,3,130,3,73,2,94,3,73,3,125,2,122,2,112,3,107
180,1,111,2,120,2,81,2,165,2,86,2,128,3,142,2,110,2,82,2,96
180,2,113,3,128,2,81,2,147,2,83,2,79,3,136,1,77,2,93,2,133
180,2,101,3,159,2,96,1,76,2,66,2,86,1,68,2,78,3,70,3,169
180,1,82,3,91,2,96,2,98,2,103,1,72,1,131,1,98,2,63,2,128
180,2,109,2,153,1,106,2,21,3,111,2,127,3,77,2,89,1,66,3,61
180,1,75,3,91,3,99,2,123,1,61,2,87,2,129,3,114,2,79,2,84
180,1,112,1,39,2,142,2,99,2,102,3,94,3,94,3,63,3,130,1,124
180,2,42,2,94,3,111,1,76,1,76,3,122,2,128,3,113,1,99,2,107
180,3,62,1,95,1,122,2,72,3,117,2,51,2,92,1,78,2,137,2,157
180,2,92,3,124,2,116,3,156,1,96,1,53,2,143,1,138,1,100,2,95
180,3,96,2,95,1,60,2,75,2,55,3,101,2,101,2,59,2,131,1,165
180,1,40,3,90,3,120,3,120,2,82,3,133,2,72,2,76,2,95,1,92
180,2,98,1,107,3,154,2,106,2,120,2,145,3,128,3,125,2,95,3,115
180,3,154,3,77,2,64,2,128,2,54,3,153,3,72,1,104,2,110,2,98
180,3,125,2,33,2,78,2,90,2,104,1,104,1,87,2,96,1,65,1,62
180,2,71,2,113,3,101,2,57,2,112,3,114,1,90,2,69,3,82,2,66
180,1,117,3,139,2,94,2,111,3,111,1,99,3,90,3,90,3,149,1,59
180,3,166,2,68,2,92,2,114,2,116,2,64,1,91,3,145,1,119,2,96
180,2,120,2,83,1,87,2,61,3,79,2,153,3,133,3,106,1,64,2,54
180,1,38,2,95,1,53,2,81,1,83,2,96,2,101,2,111,3,133,2,130
180,3,49,2,90,3,108,2,110,2,101,3,91,1,61,3,101,3,111,2,81
180,2,94,2,101,2,111,3,180,2,124,2,85,2,116,1,79,2,86,3,104
180,2,123,3,91,2,117,2,73,1,61,3,167,3,115,1,73,2,90,2,103
180,2,124,1,46,2,129,3,113,3,93,2,104,1,84,2,154,1,58,2,90
180,3,117,1,62,1,128,1,80,2,98,2,84,2,52,2,84,1,45,2,137
180,1,77,2,81,2,51,2,144,1,57,1,101,3,122,2,105,2,113,3,139
180,2,91,2,109,3,177,3,76,3,102,1,100,2,118,3,94,2,84,2,91
180,1,62,1,59,2,89,2,108,3,133,2,107,1,84,1,97,3,94,1,73
180,1,39,3,100,2,110,2,100,1,42,1,57,2,100,1,62,3,115,2,133
180,1,64,1,179,1,95,2,145,3,74,1,87,3,137,2,164,2,97,2,85
180,2,88,2,94,2,119,2,131,2,78,2,128,3,129,1,80,2,101,3,100
180,3,71,2,62,2,105,2,114,2,110,2,117,1,66,2,130,2,121,2,56
180,2,96,1,53,3,126,2,130,2,113,2,84,1,117,2,50,1,138,2,101
