time,exp1_s1,exp1_s2,exp1_s3,exp2_s1,exp2_s2,exp2_s3
0,2,0,0,2,0,0
0,2,0,0,2,0,0
0,2,0,0,2,0,0
0,2,0,0,2,0,0
0,2,0,0,2,0,0
0,2,0,0,2,0,0
0,2,0,0,2,0,0
0,2,0,0,2,0,0
0,2,0,0,2,0,0
0,2,0,0,2,0,0
0,2,0,0,2,0,0
0,2,0,0,2,0,0
0,2,0,0,2,0,0
0,2,0,0,2,0,0
0,2,0,0,2,0,0
0,2,0,0,2,0,0
0,2,0,0,2,0,0
0,2,0,0,2,0,0
0,2,0,0,2,0,0
0,2,0,0,2,0,0
0,2,0,0,2,0,0
0,2,0,0,2,0,0
0,2,0,0,2,0,0
0,2,0,0,2,0,0
0,2,0,0,2,0,0
0,2,0,0,2,0,0
0,2,0,0,2,0,0
0,2,0,0,2,0,0
0,2,0,0,2,0,0
0,2,0,0,2,0,0
0,2,0,0,2,0,0
0,2,0,0,2,0,0
0,2,0,0,2,0,0
0,2,0,0,2,0,0
0,2,0,0,2,0,0
0,2,0,0,2,0,0
0,2,0,0,2,0,0
0,2,0,0,2,0,0
0,2,0,0,2,0,0
0,2,0,0,2,0,0
0,2,0,0,2,0,0
0,2,0,0,2,0,0
0,2,0,0,2,0,0
0,2,0,0,2,0,0
0,2,0,0,2,0,0
0,2,0,0,2,0,0
0,2,0,0,2,0,0
0,2,0,0,2,0,0
0,2,0,0,2,0,0
0,2,0,0,2,0,0
0,2,0,0,2,0,0
0,2,0,0,2,0,0
0,2,0,0,2,0,0
0,2,0,0,2,0,0
0,2,0,0,2,0,0
0,2,0,0,2,0,0
0,2,0,0,2,0,0
0,2,0,0,2,0,0
0,2,0,0,2,0,0
0,2,0,0,2,0,0
0,2,0,0,2,0,0
0,2,0,0,2,0,0
0,2,0,0,2,0,0
0,2,0,0,2,0,0
0,2,0,0,2,0,0
0,2,0,0,2,0,0
0,2,0,0,2,0,0
0,2,0,0,2,0,0
0,2,0,0,2,0,0
0,2,0,0,2,0,0
0,2,0,0,2,0,0
0,2,0,0,2,0,0
0,2,0,0,2,0,0
0,2,0,0,2,0,0
0,2,0,0,2,0,0
0,2,0,0,2,0,0
0,2,0,0,2,0,0
0,2,0,0,2,0,0
0,2,0,0,2,0,0
0,2,0,0,2,0,0
0,2,0,0,2,0,0
0,2,0,0,2,0,0
0,2,0,0,2,0,0
0,2,0,0,2,0,0
0,2,0,0,2,0,0
0,2,0,0,2,0,0
0,2,0,0,2,0,0
0,2,0,0,2,0,0
0,2,0,0,2,0,0
0,2,0,0,2,0,0
0,2,0,0,2,0,0
0,2,0,0,2,0,0
0,2,0,0,2,0,0
0,2,0,0,2,0,0
0,2,0,0,2,0,0
0,2,0,0,2,0,0
0,2,0,0,2,0,0
0,2,0,0,2,0,0
0,2,0,0,2,0,0
0,2,0,0,2,0,0
0,2,0,0,2,0,0
0,2,0,0,2,0,0
0,2,0,0,2,0,0
0,2,0,0,2,0,0
0,2,0,0,2,0,0
0,2,0,0,2,0,0
0,2,0,0,2,0,0
0,2,0,0,2,0,0
0,2,0,0,2,0,0
0,2,0,0,2,0,0
0,2,0,0,2,0,0
0,2,0,0,2,0,0
0,2,0,0,2,0,0
0,2,0,0,2,0,0
0,2,0,0,2,0,0
0,2,0,0,2,0,0
0,2,0,0,2,0,0
0,2,0,0,2,0,0
0,2,0,0,2,0,0
0,2,0,0,2,0,0
0,2,0,0,2,0,0
0,2,0,0,2,0,0
0,2,0,0,2,0,0
0,2,0,0,2,0,0
0,2,0,0,2,0,0
0,2,0,0,2,0,0
0,2,0,0,2,0,0
0,2,0,0,2,0,0
0,2,0,0,2,0,0
0,2,0,0,2,0,0
0,2,0,0,2,0,0
0,2,0,0,2,0,0
0,2,0,0,2,0,0
0,2,0,0,2,0,0
0,2,0,0,2,0,0
0,2,0,0,2,0,0
0,2,0,0,2,0,0
0,2,0,0,2,0,0
0,2,0,0,2,0,0
0,2,0,0,2,0,0
0,2,0,0,2,0,0
0,2,0,0,2,0,0
0,2,0,0,2,0,0
0,2,0,0,2,0,0
0,2,0,0,2,0,0
0,2,0,0,2,0,0
0,2,0,0,2,0,0
0,2,0,0,2,0,0
0,2,0,0,2,0,0
0,2,0,0,2,0,0
0,2,0,0,2,0,0
0,2,0,0,2,0,0
0,2,0,0,2,0,0
0,2,0,0,2,0,0
0,2,0,0,2,0,0
0,2,0,0,2,0,0
0,2,0,0,2,0,0
0,2,0,0,2,0,0
0,2,0,0,2,0,0
0,2,0,0,2,0,0
0,2,0,0,2,0,0
0,2,0,0,2,0,0
0,2,0,0,2,0,0
0,2,0,0,2,0,0
0,2,0,0,2,0,0
0,2,0,0,2,0,0
0,2,0,0,2,0,0
0,2,0,0,2,0,0
0,2,0,0,2,0,0
0,2,0,0,2,0,0
0,2,0,0,2,0,0
0,2,0,0,2,0,0
0,2,0,0,2,0,0
0,2,0,0,2,0,0
0,2,0,0,2,0,0
0,2,0,0,2,0,0
0,2,0,0,2,0,0
0,2,0,0,2,0,0
0,2,0,0,2,0,0
0,2,0,0,2,0,0
0,2,0,0,2,0,0
0,2,0,0,2,0,0
0,2,0,0,2,0,0
0,2,0,0,2,0,0
0,2,0,0,2,0,0
0,2,0,0,2,0,0
0,2,0,0,2,0,0
0,2,0,0,2,0,0
0,2,0,0,2,0,0
0,2,0,0,2,0,0
0,2,0,0,2,0,0
0,2,0,0,2,0,0
0,2,0,0,2,0,0
0,2,0,0,2,0,0
0,2,0,0,2,0,0
0,2,0,0,2,0,0
0,2,0,0,2,0,0
0,2,0,0,2,0,0
0,2,0,0,2,0,0
0,2,0,0,2,0,0
0.5,0,2,87,0,2,79
0.5,0,2,71,0,2,50
0.5,0,2,67,0,2,106
0.5,0,2,84,0,2,72
0.5,0,2,58,0,2,53
0.5,0,2,86,0,2,79
0.5,0,2,88,0,2,70
0.5,0,2,76,0,2,70
0.5,1,1,33,1,1,28
0.5,0,2,58,1,1,39
0.5,0,2,74,0,2,53
0.5,0,2,74,0,2,65
0.5,0,2,71,0,2,69
0.5,0,2,51,0,2,42
0.5,1,1,34,0,2,67
0.5,1,1,43,0,2,44
0.5,0,2,88,1,1,31
0.5,0,2,72,0,2,66
0.5,0,2,78,0,2,37
0.5,1,1,41,0,2,54
0.5,0,2,70,0,2,72
0.5,0,2,43,1,1,36
0.5,0,2,55,0,2,73
0.5,0,2,66,0,2,52
0.5,0,2,90,0,2,72
0.5,0,2,60,0,2,57
0.5,0,2,79,1,1,34
0.5,0,2,68,0,2,57
0.5,0,2,98,0,2,76
0.5,0,2,69,1,1,3
0.5,0,2,85,0,2,82
0.5,0,2,47,0,2,65
0.5,0,2,74,0,2,61
0.5,2,0,0,0,2,72
0.5,0,2,27,0,2,90
0.5,0,2,70,0,2,39
0.5,0,2,63,0,2,47
0.5,0,2,53,0,2,79
0.5,0,2,70,0,2,59
0.5,1,1,42,1,1,35
0.5,0,2,69,0,2,75
0.5,0,2,30,0,2,84
0.5,1,1,22,0,2,76
0.5,0,2,57,0,2,62
0.5,0,2,47,0,2,50
0.5,0,2,51,0,2,83
0.5,0,2,61,0,2,46
0.5,0,2,53,0,2,66
0.5,0,2,35,0,2,68
0.5,0,2,60,0,2,68
0.5,0,2,70,0,2,64
0.5,0,2,54,0,2,65
0.5,0,2,79,0,2,80
0.5,0,2,66,0,2,51
0.5,0,2,48,0,2,60
0.5,0,2,37,0,2,64
0.5,0,2,80,0,2,51
0.5,0,2,29,0,2,64
0.5,0,2,39,1,1,42
0.5,0,2,35,0,2,54
0.5,0,2,51,0,2,82
0.5,0,2,72,1,1,12
0.5,0,2,44,0,2,51
0.5,0,2,69,0,2,78
0.5,0,2,36,0,2,86
0.5,1,1,13,0,2,72
0.5,0,2,86,0,2,34
0.5,1,1,28,0,2,80
0.5,0,2,59,0,2,50
0.5,0,2,87,0,2,54
0.5,0,2,67,0,2,68
0.5,0,2,41,0,2,67
0.5,0,2,36,0,2,65
0.5,0,2,80,0,2,70
0.5,0,2,53,0,2,47
0.5,0,2,63,1,1,40
0.5,0,2,65,0,2,50
0.5,0,2,58,0,2,69
0.5,0,2,57,0,2,49
0.5,1,1,35,0,2,77
0.5,0,2,73,1,1,34
0.5,0,2,74,1,1,52
0.5,0,2,76,0,2,103
0.5,0,2,56,0,2,66
0.5,1,1,36,1,1,44
0.5,0,2,82,0,2,44
0.5,0,2,63,0,2,45
0.5,0,2,49,0,2,55
0.5,0,2,61,0,2,59
0.5,0,2,79,0,2,80
0.5,0,2,52,0,2,35
0.5,0,2,54,0,2,73
0.5,1,1,17,0,2,87
0.5,0,2,66,0,2,73
0.5,0,2,70,0,2,65
0.5,0,2,79,0,2,68
0.5,0,2,37,1,1,32
0.5,0,2,53,0,2,72
0.5,0,2,66,0,2,26
0.5,0,2,71,0,2,66
0.5,0,2,35,0,2,35
0.5,0,2,66,0,2,52
0.5,0,2,75,0,2,84
0.5,0,2,51,0,2,61
0.5,0,2,76,0,2,65
0.5,0,2,41,1,1,45
0.5,1,1,42,0,2,87
0.5,0,2,89,1,1,41
0.5,0,2,81,0,2,73
0.5,1,1,30,1,1,42
0.5,0,2,70,0,2,46
0.5,0,2,60,0,2,63
0.5,0,2,28,1,1,29
0.5,0,2,11,0,2,54
0.5,0,2,62,2,0,0
0.5,0,2,77,1,1,42
0.5,0,2,86,0,2,65
0.5,1,1,44,1,1,31
0.5,0,2,89,0,2,73
0.5,0,2,70,0,2,68
0.5,0,2,33,0,2,81
0.5,0,2,79,0,2,64
0.5,1,1,47,0,2,22
0.5,0,2,78,0,2,53
0.5,0,2,68,0,2,46
0.5,0,2,69,0,2,61
0.5,0,2,72,0,2,66
0.5,0,2,62,0,2,81
0.5,0,2,78,0,2,40
0.5,0,2,66,0,2,80
0.5,0,2,93,0,2,33
0.5,0,2,49,0,2,56
0.5,0,2,12,0,2,14
0.5,0,2,74,0,2,51
0.5,0,2,84,0,2,63
0.5,0,2,69,0,2,58
0.5,0,2,39,0,2,95
0.5,0,2,49,0,2,100
0.5,0,2,60,0,2,87
0.5,0,2,50,0,2,83
0.5,0,2,78,0,2,53
0.5,0,2,64,1,1,18
0.5,0,2,66,0,2,51
0.5,0,2,80,1,1,39
0.5,0,2,77,0,2,65
0.5,1,1,33,1,1,45
0.5,0,2,71,0,2,73
0.5,0,2,81,1,1,41
0.5,0,2,47,0,2,50
0.5,0,2,59,1,1,26
0.5,0,2,55,0,2,62
0.5,0,2,31,0,2,63
0.5,1,1,28,0,2,67
0.5,0,2,72,0,2,76
0.5,0,2,75,1,1,19
0.5,0,2,61,0,2,31
0.5,0,2,54,0,2,78
0.5,0,2,60,0,2,72
0.5,0,2,55,0,2,54
0.5,0,2,59,0,2,87
0.5,0,2,66,0,2,66
0.5,0,2,51,0,2,86
0.5,0,2,43,1,1,54
0.5,0,2,79,0,2,88
0.5,1,1,43,0,2,49
0.5,0,2,68,0,2,65
0.5,0,2,62,0,2,53
0.5,0,2,73,1,1,39
0.5,0,2,76,1,1,36
0.5,0,2,72,0,2,76
0.5,0,2,41,0,2,74
0.5,0,2,95,0,2,76
0.5,0,2,96,0,2,67
0.5,0,2,50,0,2,50
0.5,0,2,81,0,2,43
0.5,1,1,40,0,2,76
0.5,0,2,52,0,2,71
0.5,0,2,71,0,2,66
0.5,0,2,51,0,2,62
0.5,1,1,3,0,2,31
0.5,0,2,50,0,2,78
0.5,1,1,14,0,2,54
0.5,0,2,48,0,2,35
0.5,0,2,49,0,2,69
0.5,0,2,65,0,2,73
0.5,1,1,36,1,1,43
0.5,0,2,81,1,1,38
0.5,0,2,67,0,2,78
0.5,1,1,40,0,2,73
0.5,1,1,27,0,2,49
0.5,0,2,43,0,2,50
0.5,0,2,69,0,2,50
0.5,0,2,80,1,1,11
0.5,0,2,61,0,2,94
0.5,0,2,87,0,2,75
0.5,0,2,21,0,2,39
0.5,0,2,47,0,2,63
0.5,0,2,56,0,2,81
0.5,0,2,88,0,2,75
0.5,0,2,44,0,2,31
1,0,2,110,0,2,141
1,0,2,144,0,2,127
1,0,2,136,0,2,130
1,0,2,142,0,2,134
1,0,2,181,0,2,138
1,0,2,102,0,2,151
1,1,1,81,0,2,155
1,0,2,165,0,2,126
1,0,2,132,0,2,131
1,0,2,121,0,2,155
1,0,2,119,0,2,143
1,0,2,150,0,2,93
1,0,2,131,0,2,150
1,0,2,131,1,1,65
1,0,2,125,0,2,123
1,0,2,119,0,2,126
1,0,2,146,0,2,167
1,0,2,147,0,2,128
1,0,2,140,0,2,122
1,0,2,119,0,2,149
1,0,2,151,0,2,95
1,0,2,100,0,2,122
1,0,2,140,0,2,130
1,0,2,141,0,2,125
1,0,2,148,0,2,115
1,0,2,146,0,2,140
1,0,2,76,0,2,157
1,0,2,129,0,2,149
1,0,2,141,1,1,56
1,0,2,128,0,2,154
1,0,2,120,0,2,135
1,0,2,89,0,2,111
1,0,2,156,0,2,151
1,0,2,127,0,2,100
1,0,2,153,0,2,129
1,0,2,118,0,2,142
1,0,2,112,0,2,100
1,0,2,118,0,2,107
1,0,2,101,0,2,116
1,0,2,153,0,2,131
1,0,2,134,0,2,119
1,0,2,149,0,2,101
1,0,2,126,0,2,155
1,0,2,147,0,2,134
1,0,2,122,0,2,141
1,0,2,133,0,2,147
1,0,2,170,0,2,140
1,0,2,135,0,2,105
1,0,2,111,0,2,136
1,0,2,152,0,2,177
1,0,2,115,0,2,129
1,0,2,169,0,2,137
1,0,2,121,0,2,133
1,0,2,136,0,2,119
1,0,2,147,0,2,133
1,0,2,114,0,2,110
1,0,2,138,0,2,161
1,0,2,157,0,2,160
1,0,2,134,0,2,107
1,0,2,90,0,2,151
1,0,2,158,0,2,105
1,0,2,120,0,2,124
1,0,2,124,0,2,140
1,0,2,135,0,2,144
1,0,2,129,0,2,124
1,0,2,123,0,2,136
1,0,2,118,0,2,132
1,0,2,144,0,2,126
1,0,2,160,0,2,142
1,0,2,139,0,2,164
1,0,2,140,0,2,150
1,0,2,127,0,2,116
1,0,2,167,0,2,160
1,0,2,161,0,2,159
1,1,1,74,0,2,148
1,0,2,162,0,2,126
1,0,2,141,0,2,129
1,0,2,134,0,2,124
1,0,2,154,0,2,116
1,0,2,116,0,2,105
1,0,2,151,0,2,85
1,0,2,134,0,2,152
1,0,2,99,0,2,124
1,0,2,96,0,2,152
1,0,2,139,0,2,145
1,0,2,130,0,2,126
1,0,2,129,0,2,160
1,0,2,149,0,2,137
1,0,2,156,0,2,116
1,0,2,115,1,1,84
1,0,2,102,0,2,70
1,0,2,111,0,2,119
1,0,2,110,0,2,124
1,0,2,169,0,2,125
1,0,2,138,0,2,68
1,0,2,122,0,2,152
1,0,2,137,0,2,153
1,0,2,132,0,2,111
1,0,2,106,0,2,120
1,0,2,138,0,2,147
1,0,2,114,0,2,145
1,0,2,128,0,2,159
1,0,2,137,0,2,129
1,0,2,122,0,2,158
1,0,2,114,0,2,91
1,0,2,142,0,2,140
1,0,2,146,0,2,132
1,0,2,146,0,2,152
1,0,2,152,0,2,118
1,0,2,117,0,2,137
1,0,2,121,0,2,139
1,0,2,133,0,2,125
1,0,2,127,0,2,132
1,0,2,146,0,2,117
1,0,2,132,0,2,132
1,0,2,134,0,2,110
1,0,2,149,0,2,164
1,0,2,121,0,2,148
1,0,2,103,0,2,151
1,0,2,153,0,2,144
1,0,2,151,0,2,141
1,0,2,150,0,2,141
1,0,2,128,0,2,161
1,0,2,133,0,2,121
1,0,2,74,0,2,158
1,0,2,132,0,2,151
1,0,2,125,0,2,159
1,0,2,66,0,2,150
1,0,2,123,0,2,119
1,0,2,125,0,2,120
1,0,2,150,0,2,113
1,0,2,116,0,2,149
1,0,2,106,0,2,112
1,0,2,113,0,2,131
1,0,2,156,0,2,150
1,0,2,156,0,2,133
1,0,2,127,0,2,133
1,0,2,111,0,2,130
1,0,2,104,0,2,91
1,0,2,139,0,2,139
1,0,2,160,0,2,167
1,0,2,115,0,2,111
1,0,2,146,0,2,138
1,0,2,146,0,2,164
1,0,2,151,0,2,118
1,0,2,99,0,2,155
1,0,2,132,0,2,133
1,0,2,139,0,2,124
1,0,2,143,0,2,134
1,0,2,102,0,2,141
1,0,2,163,0,2,151
1,0,2,128,0,2,110
1,0,2,150,0,2,153
1,0,2,170,0,2,157
1,0,2,98,0,2,134
1,0,2,158,0,2,141
1,0,2,157,0,2,140
1,0,2,165,0,2,135
1,0,2,178,0,2,109
1,0,2,137,0,2,145
1,0,2,124,0,2,127
1,0,2,86,0,2,144
1,0,2,146,0,2,171
1,0,2,151,0,2,142
1,0,2,133,0,2,80
1,0,2,151,0,2,165
1,0,2,128,0,2,131
1,0,2,119,0,2,113
1,0,2,130,0,2,153
1,0,2,89,0,2,155
1,0,2,127,0,2,123
1,0,2,136,0,2,140
1,0,2,150,0,2,107
1,0,2,124,0,2,135
1,0,2,107,0,2,155
1,0,2,145,0,2,139
1,0,2,169,0,2,151
1,0,2,147,0,2,119
1,0,2,113,0,2,124
1,0,2,121,0,2,158
1,0,2,159,0,2,166
1,0,2,135,0,2,159
1,0,2,143,0,2,143
1,0,2,122,0,2,132
1,0,2,111,0,2,153
1,0,2,142,0,2,137
1,0,2,120,0,2,110
1,0,2,161,0,2,141
1,0,2,119,0,2,117
1,0,2,147,0,2,149
1,0,2,130,0,2,159
1,0,2,127,0,2,154
1,0,2,127,0,2,88
1,0,2,117,0,2,160
1,0,2,125,0,2,148
1,0,2,164,0,2,130
1,0,2,150,0,2,154
1,0,2,168,0,2,154
1,0,2,143,0,2,137
1,0,2,146,0,2,139
1.5,0,2,212,0,2,170
1.5,0,2,211,0,2,181
1.5,0,2,177,0,2,182
1.5,0,2,195,0,2,183
1.5,0,2,189,0,2,188
1.5,0,2,210,0,2,185
1.5,0,2,195,0,2,191
1.5,0,2,198,0,2,172
1.5,0,2,167,0,2,196
1.5,0,2,208,0,2,194
1.5,0,2,181,0,2,218
1.5,0,2,195,0,2,196
1.5,0,2,194,0,2,204
1.5,0,2,178,0,2,199
1.5,0,2,239,0,2,223
1.5,0,2,212,0,2,186
1.5,0,2,215,0,2,210
1.5,0,2,182,0,2,174
1.5,0,2,172,0,2,164
1.5,0,2,165,0,2,185
1.5,0,2,196,0,2,187
1.5,0,2,208,0,2,181
1.5,0,2,206,0,2,187
1.5,0,2,198,0,2,194
1.5,0,2,168,0,2,174
1.5,0,2,197,0,2,190
1.5,0,2,232,0,2,188
1.5,0,2,202,0,2,188
1.5,0,2,167,0,2,208
1.5,0,2,211,0,2,197
1.5,0,2,182,0,2,152
1.5,0,2,190,0,2,201
1.5,0,2,164,0,2,205
1.5,0,2,211,0,2,190
1.5,0,2,201,0,2,189
1.5,0,2,137,0,2,223
1.5,0,2,199,0,2,163
1.5,0,2,198,0,2,173
1.5,0,2,166,0,2,228
1.5,0,2,168,0,2,206
1.5,0,2,169,0,2,173
1.5,0,2,186,0,2,201
1.5,0,2,199,0,2,206
1.5,0,2,221,0,2,197
1.5,0,2,168,0,2,216
1.5,0,2,195,0,2,198
1.5,0,2,182,0,2,186
1.5,0,2,194,0,2,213
1.5,0,2,173,0,2,192
1.5,0,2,173,0,2,195
1.5,0,2,216,0,2,172
1.5,0,2,184,0,2,222
1.5,0,2,192,0,2,183
1.5,0,2,181,0,2,192
1.5,0,2,196,0,2,224
1.5,0,2,216,0,2,179
1.5,0,2,168,0,2,175
1.5,0,2,164,0,2,213
1.5,0,2,162,0,2,184
1.5,0,2,184,0,2,195
1.5,0,2,181,0,2,207
1.5,0,2,200,0,2,186
1.5,0,2,199,0,2,195
1.5,0,2,161,0,2,179
1.5,0,2,199,0,2,229
1.5,0,2,211,0,2,199
1.5,0,2,140,0,2,213
1.5,0,2,184,0,2,196
1.5,0,2,202,0,2,213
1.5,0,2,138,0,2,193
1.5,0,2,194,0,2,182
1.5,0,2,179,0,2,174
1.5,0,2,199,0,2,184
1.5,0,2,208,0,2,192
1.5,0,2,193,0,2,222
1.5,0,2,159,0,2,193
1.5,0,2,212,0,2,204
1.5,0,2,195,0,2,214
1.5,0,2,208,0,2,232
1.5,0,2,167,0,2,222
1.5,0,2,187,0,2,219
1.5,0,2,172,0,2,195
1.5,0,2,188,0,2,242
1.5,0,2,204,0,2,177
1.5,0,2,225,0,2,200
1.5,0,2,171,0,2,185
1.5,0,2,207,0,2,149
1.5,0,2,162,0,2,192
1.5,0,2,195,0,2,195
1.5,0,2,205,0,2,209
1.5,0,2,180,0,2,194
1.5,0,2,200,0,2,163
1.5,0,2,213,0,2,167
1.5,0,2,176,0,2,174
1.5,0,2,218,0,2,153
1.5,0,2,202,0,2,187
1.5,0,2,224,0,2,126
1.5,0,2,218,0,2,166
1.5,0,2,176,0,2,155
1.5,0,2,198,0,2,235
1.5,0,2,163,0,2,214
1.5,0,2,177,0,2,190
1.5,0,2,167,0,2,186
1.5,0,2,184,0,2,199
1.5,0,2,196,0,2,193
1.5,0,2,180,0,2,195
1.5,0,2,198,0,2,163
1.5,0,2,194,0,2,206
1.5,0,2,196,0,2,204
1.5,0,2,189,0,2,191
1.5,0,2,196,0,2,188
1.5,0,2,205,0,2,182
1.5,0,2,196,0,2,197
1.5,0,2,161,0,2,202
1.5,0,2,201,0,2,185
1.5,0,2,212,0,2,195
1.5,0,2,183,0,2,183
1.5,0,2,193,0,2,188
1.5,0,2,220,0,2,198
1.5,0,2,255,0,2,130
1.5,0,2,150,0,2,204
1.5,0,2,187,0,2,200
1.5,0,2,202,0,2,168
1.5,0,2,186,0,2,217
1.5,0,2,207,0,2,184
1.5,0,2,194,0,2,188
1.5,0,2,191,0,2,236
1.5,0,2,181,0,2,211
1.5,0,2,189,0,2,189
1.5,0,2,202,0,2,200
1.5,0,2,180,0,2,200
1.5,0,2,204,0,2,208
1.5,0,2,167,0,2,204
1.5,0,2,195,0,2,209
1.5,0,2,156,0,2,184
1.5,0,2,174,0,2,198
1.5,0,2,145,0,2,208
1.5,0,2,182,0,2,185
1.5,0,2,193,0,2,168
1.5,0,2,199,0,2,184
1.5,0,2,182,0,2,178
1.5,0,2,197,0,2,178
1.5,0,2,199,0,2,173
1.5,0,2,206,0,2,184
1.5,0,2,196,0,2,170
1.5,0,2,171,0,2,183
1.5,0,2,189,0,2,196
1.5,0,2,185,0,2,176
1.5,0,2,155,0,2,149
1.5,0,2,166,0,2,200
1.5,0,2,201,0,2,211
1.5,0,2,164,0,2,147
1.5,0,2,235,0,2,240
1.5,0,2,200,0,2,164
1.5,0,2,191,0,2,195
1.5,0,2,180,0,2,197
1.5,0,2,170,0,2,177
1.5,0,2,186,0,2,187
1.5,0,2,205,0,2,194
1.5,0,2,171,0,2,161
1.5,0,2,232,0,2,186
1.5,0,2,224,0,2,230
1.5,0,2,205,0,2,149
1.5,0,2,199,0,2,131
1.5,0,2,204,0,2,177
1.5,0,2,202,0,2,210
1.5,0,2,177,0,2,179
1.5,0,2,196,0,2,186
1.5,0,2,192,0,2,149
1.5,0,2,192,0,2,206
1.5,0,2,203,0,2,202
1.5,0,2,185,0,2,202
1.5,0,2,207,0,2,194
1.5,0,2,189,0,2,206
1.5,0,2,224,0,2,202
1.5,0,2,198,0,2,190
1.5,0,2,188,0,2,178
1.5,0,2,216,0,2,184
1.5,0,2,199,0,2,143
1.5,0,2,231,0,2,169
1.5,0,2,217,0,2,170
1.5,0,2,177,0,2,181
1.5,0,2,200,0,2,191
1.5,0,2,186,0,2,192
1.5,0,2,198,0,2,220
1.5,0,2,202,0,2,183
1.5,0,2,195,0,2,169
1.5,0,2,209,0,2,197
1.5,0,2,195,0,2,204
1.5,0,2,219,0,2,151
1.5,0,2,208,0,2,188
1.5,0,2,186,0,2,155
1.5,0,2,211,0,2,184
1.5,0,2,190,0,2,180
1.5,0,2,195,0,2,214
1.5,0,2,187,0,2,80
1.5,0,2,167,0,2,179
1.5,0,2,173,0,2,201
1.5,0,2,220,0,2,160
1.5,0,2,197,0,2,175
2,0,2,244,0,2,245
2,0,2,225,0,2,267
2,0,2,250,0,2,231
2,0,2,225,0,2,214
2,0,2,239,0,2,242
2,0,2,221,0,2,208
2,0,2,248,0,2,244
2,0,2,232,0,2,246
2,0,2,225,0,2,221
2,0,2,245,0,2,262
2,0,2,236,0,2,252
2,0,2,238,0,2,242
2,0,2,242,0,2,231
2,0,2,237,0,2,216
2,0,2,227,0,2,232
2,0,2,240,0,2,253
2,0,2,245,0,2,226
2,0,2,245,0,2,256
2,0,2,255,0,2,246
2,0,2,242,0,2,191
2,0,2,214,0,2,230
2,0,2,261,0,2,246
2,0,2,233,0,2,232
2,0,2,242,0,2,237
2,0,2,230,0,2,218
2,0,2,217,0,2,238
2,0,2,252,0,2,236
2,0,2,243,0,2,212
2,0,2,202,0,2,238
2,0,2,210,0,2,252
2,0,2,224,0,2,251
2,0,2,246,0,2,225
2,0,2,237,0,2,240
2,0,2,263,0,2,241
2,0,2,241,0,2,247
2,0,2,249,0,2,231
2,0,2,220,0,2,235
2,0,2,269,0,2,255
2,0,2,239,0,2,233
2,0,2,236,0,2,229
2,0,2,253,0,2,234
2,0,2,265,0,2,239
2,0,2,224,0,2,229
2,0,2,254,0,2,218
2,0,2,227,0,2,236
2,0,2,239,0,2,201
2,0,2,236,0,2,194
2,0,2,210,0,2,277
2,0,2,218,0,2,221
2,0,2,251,0,2,231
2,0,2,235,0,2,239
2,0,2,232,0,2,251
2,0,2,236,0,2,231
2,0,2,249,0,2,254
2,0,2,236,0,2,222
2,0,2,227,0,2,230
2,0,2,260,0,2,224
2,0,2,227,0,2,213
2,0,2,232,0,2,236
2,0,2,258,0,2,270
2,0,2,249,0,2,228
2,0,2,237,0,2,251
2,0,2,250,0,2,244
2,0,2,227,0,2,263
2,0,2,192,0,2,225
2,0,2,216,0,2,220
2,0,2,238,0,2,232
2,0,2,230,0,2,275
2,0,2,226,0,2,233
2,0,2,260,0,2,207
2,0,2,229,0,2,252
2,0,2,230,0,2,214
2,0,2,220,0,2,222
2,0,2,209,0,2,243
2,0,2,238,0,2,239
2,0,2,249,0,2,223
2,0,2,251,0,2,235
2,0,2,238,0,2,233
2,0,2,228,0,2,219
2,0,2,248,0,2,231
2,0,2,243,0,2,244
2,0,2,239,0,2,228
2,0,2,277,0,2,234
2,0,2,210,0,2,233
2,0,2,273,0,2,235
2,0,2,209,0,2,213
2,0,2,217,0,2,235
2,0,2,205,0,2,264
2,0,2,228,0,2,238
2,0,2,253,0,2,232
2,0,2,231,0,2,226
2,0,2,254,0,2,241
2,0,2,214,0,2,258
2,0,2,232,0,2,221
2,0,2,240,0,2,202
2,0,2,252,0,2,239
2,0,2,251,0,2,259
2,0,2,249,0,2,244
2,0,2,235,0,2,224
2,0,2,225,0,2,254
2,0,2,242,0,2,234
2,0,2,246,0,2,230
2,0,2,253,0,2,248
2,0,2,229,0,2,255
2,0,2,265,0,2,185
2,0,2,210,0,2,257
2,0,2,220,0,2,231
2,0,2,228,0,2,237
2,0,2,235,0,2,237
2,0,2,241,0,2,244
2,0,2,230,0,2,240
2,0,2,265,0,2,236
2,0,2,245,0,2,239
2,0,2,216,0,2,240
2,0,2,269,0,2,256
2,0,2,232,0,2,244
2,0,2,235,0,2,210
2,0,2,256,0,2,256
2,0,2,252,0,2,299
2,0,2,224,0,2,230
2,0,2,225,0,2,274
2,0,2,241,0,2,259
2,0,2,249,0,2,259
2,0,2,227,0,2,230
2,0,2,237,0,2,253
2,0,2,266,0,2,260
2,0,2,220,0,2,248
2,0,2,239,0,2,207
2,0,2,219,0,2,245
2,0,2,244,0,2,232
2,0,2,268,0,2,279
2,0,2,246,0,2,225
2,0,2,218,0,2,245
2,0,2,238,0,2,241
2,0,2,238,0,2,227
2,0,2,239,0,2,260
2,0,2,246,0,2,229
2,0,2,253,0,2,251
2,0,2,249,0,2,283
2,0,2,261,0,2,252
2,0,2,216,0,2,255
2,0,2,252,0,2,212
2,0,2,251,0,2,230
2,0,2,239,0,2,241
2,0,2,242,0,2,240
2,0,2,241,0,2,224
2,0,2,259,0,2,228
2,0,2,249,0,2,268
2,0,2,227,0,2,242
2,0,2,267,0,2,235
2,0,2,212,0,2,189
2,0,2,234,0,2,242
2,0,2,245,0,2,215
2,0,2,248,0,2,226
2,0,2,214,0,2,224
2,0,2,246,0,2,263
2,0,2,250,0,2,246
2,0,2,265,0,2,221
2,0,2,254,0,2,236
2,0,2,230,0,2,257
2,0,2,229,0,2,223
2,0,2,231,0,2,234
2,0,2,226,0,2,246
2,0,2,226,0,2,238
2,0,2,231,0,2,229
2,0,2,223,0,2,266
2,0,2,256,0,2,229
2,0,2,247,0,2,252
2,0,2,214,0,2,246
2,0,2,237,0,2,226
2,0,2,251,0,2,222
2,0,2,249,0,2,249
2,0,2,255,0,2,249
2,0,2,239,0,2,236
2,0,2,234,0,2,229
2,0,2,238,0,2,235
2,0,2,253,0,2,251
2,0,2,262,0,2,261
2,0,2,245,0,2,230
2,0,2,259,0,2,241
2,0,2,250,0,2,253
2,0,2,262,0,2,229
2,0,2,267,0,2,236
2,0,2,214,0,2,249
2,0,2,246,0,2,270
2,0,2,243,0,2,242
2,0,2,209,0,2,235
2,0,2,218,0,2,259
2,0,2,262,0,2,265
2,0,2,235,0,2,225
2,0,2,271,0,2,234
2,0,2,241,0,2,267
2,0,2,247,0,2,263
2,0,2,228,0,2,228
2,0,2,254,0,2,229
2,0,2,243,0,2,237
2,0,2,201,0,2,235
2,0,2,242,0,2,225
2,0,2,249,0,2,227
2,0,2,203,0,2,263
2.5,0,2,254,0,2,269
2.5,0,2,280,0,2,272
2.5,0,2,283,0,2,292
2.5,0,2,262,0,2,274
2.5,0,2,260,0,2,276
2.5,0,2,288,0,2,294
2.5,0,2,269,0,2,270
2.5,0,2,275,0,2,288
2.5,0,2,269,0,2,287
2.5,0,2,248,0,2,304
2.5,0,2,255,0,2,255
2.5,0,2,291,0,2,245
2.5,0,2,251,0,2,274
2.5,0,2,268,0,2,303
2.5,0,2,270,0,2,290
2.5,0,2,315,0,2,249
2.5,0,2,275,0,2,237
2.5,0,2,275,0,2,295
2.5,0,2,246,0,2,291
2.5,0,2,297,0,2,284
2.5,0,2,294,0,2,265
2.5,0,2,295,0,2,248
2.5,0,2,294,0,2,217
2.5,0,2,291,0,2,269
2.5,0,2,293,0,2,293
2.5,0,2,285,0,2,266
2.5,0,2,253,0,2,268
2.5,0,2,264,0,2,286
2.5,0,2,266,0,2,286
2.5,0,2,284,0,2,293
2.5,0,2,291,0,2,291
2.5,0,2,275,0,2,300
2.5,0,2,249,0,2,279
2.5,0,2,271,0,2,272
2.5,0,2,284,0,2,277
2.5,0,2,256,0,2,270
2.5,0,2,318,0,2,308
2.5,0,2,250,0,2,297
2.5,0,2,283,0,2,245
2.5,0,2,326,0,2,272
2.5,0,2,290,0,2,286
2.5,0,2,270,0,2,257
2.5,0,2,282,0,2,262
2.5,0,2,292,0,2,323
2.5,0,2,290,0,2,296
2.5,0,2,264,0,2,303
2.5,0,2,284,0,2,284
2.5,0,2,306,0,2,227
2.5,0,2,256,0,2,263
2.5,0,2,264,0,2,265
2.5,0,2,271,0,2,276
2.5,0,2,258,0,2,319
2.5,0,2,291,0,2,241
2.5,0,2,260,0,2,260
2.5,0,2,292,0,2,308
2.5,0,2,221,0,2,280
2.5,0,2,279,0,2,276
2.5,0,2,260,0,2,254
2.5,0,2,242,0,2,264
2.5,0,2,286,0,2,314
2.5,0,2,257,0,2,292
2.5,0,2,274,0,2,332
2.5,0,2,269,0,2,280
2.5,0,2,267,0,2,267
2.5,0,2,248,0,2,261
2.5,0,2,278,0,2,251
2.5,0,2,259,0,2,267
2.5,0,2,269,0,2,254
2.5,0,2,286,0,2,260
2.5,0,2,238,0,2,248
2.5,0,2,275,0,2,259
2.5,0,2,290,0,2,256
2.5,0,2,244,0,2,274
2.5,0,2,273,0,2,293
2.5,0,2,285,0,2,288
2.5,0,2,245,0,2,273
2.5,0,2,265,0,2,268
2.5,0,2,281,0,2,265
2.5,0,2,270,0,2,305
2.5,0,2,284,0,2,260
2.5,0,2,306,0,2,300
2.5,0,2,268,0,2,283
2.5,0,2,264,0,2,309
2.5,0,2,286,0,2,286
2.5,0,2,265,0,2,276
2.5,0,2,262,0,2,262
2.5,0,2,268,0,2,271
2.5,0,2,288,0,2,289
2.5,0,2,293,0,2,282
2.5,0,2,297,0,2,287
2.5,0,2,309,0,2,277
2.5,0,2,265,0,2,247
2.5,0,2,273,0,2,251
2.5,0,2,275,0,2,279
2.5,0,2,266,0,2,276
2.5,0,2,273,0,2,265
2.5,0,2,303,0,2,292
2.5,0,2,284,0,2,254
2.5,0,2,288,0,2,245
2.5,0,2,302,0,2,275
2.5,0,2,292,0,2,259
2.5,0,2,268,0,2,266
2.5,0,2,251,0,2,289
2.5,0,2,260,0,2,275
2.5,0,2,343,0,2,274
2.5,0,2,283,0,2,287
2.5,0,2,250,0,2,281
2.5,0,2,292,0,2,284
2.5,0,2,300,0,2,273
2.5,0,2,231,0,2,281
2.5,0,2,278,0,2,269
2.5,0,2,306,0,2,269
2.5,0,2,266,0,2,246
2.5,0,2,257,0,2,266
2.5,0,2,258,0,2,268
2.5,0,2,263,0,2,252
2.5,0,2,293,0,2,261
2.5,0,2,261,0,2,307
2.5,0,2,268,0,2,240
2.5,0,2,280,0,2,268
2.5,0,2,257,0,2,275
2.5,0,2,272,0,2,251
2.5,0,2,304,0,2,270
2.5,0,2,278,0,2,262
2.5,0,2,249,0,2,264
2.5,0,2,257,0,2,251
2.5,0,2,278,0,2,252
2.5,0,2,278,0,2,258
2.5,0,2,254,0,2,299
2.5,0,2,250,0,2,254
2.5,0,2,262,0,2,293
2.5,0,2,273,0,2,278
2.5,0,2,265,0,2,282
2.5,0,2,276,0,2,309
2.5,0,2,253,0,2,318
2.5,0,2,261,0,2,280
2.5,0,2,280,0,2,273
2.5,0,2,273,0,2,320
2.5,0,2,296,0,2,324
2.5,0,2,279,0,2,268
2.5,0,2,283,0,2,280
2.5,0,2,284,0,2,294
2.5,0,2,273,0,2,281
2.5,0,2,297,0,2,266
2.5,0,2,263,0,2,260
2.5,0,2,267,0,2,306
2.5,0,2,279,0,2,300
2.5,0,2,300,0,2,285
2.5,0,2,244,0,2,252
2.5,0,2,305,0,2,263
2.5,0,2,276,0,2,294
2.5,0,2,271,0,2,247
2.5,0,2,302,0,2,251
2.5,0,2,269,0,2,281
2.5,0,2,259,0,2,289
2.5,0,2,289,0,2,271
2.5,0,2,280,0,2,270
2.5,0,2,270,0,2,306
2.5,0,2,288,0,2,260
2.5,0,2,286,0,2,273
2.5,0,2,289,0,2,298
2.5,0,2,265,0,2,313
2.5,0,2,297,0,2,229
2.5,0,2,241,0,2,297
2.5,0,2,252,0,2,269
2.5,0,2,278,0,2,228
2.5,0,2,276,0,2,264
2.5,0,2,253,0,2,242
2.5,0,2,269,0,2,249
2.5,0,2,298,0,2,286
2.5,0,2,289,0,2,277
2.5,0,2,292,0,2,249
2.5,0,2,249,0,2,339
2.5,0,2,286,0,2,268
2.5,0,2,274,0,2,273
2.5,0,2,295,0,2,293
2.5,0,2,285,0,2,308
2.5,0,2,241,0,2,288
2.5,0,2,258,0,2,271
2.5,0,2,269,0,2,270
2.5,0,2,277,0,2,269
2.5,0,2,293,0,2,260
2.5,0,2,278,0,2,265
2.5,0,2,280,0,2,291
2.5,0,2,236,0,2,277
2.5,0,2,289,0,2,295
2.5,0,2,291,0,2,278
2.5,0,2,286,0,2,269
2.5,0,2,291,0,2,224
2.5,0,2,302,0,2,264
2.5,0,2,302,0,2,241
2.5,0,2,295,0,2,279
2.5,0,2,287,0,2,272
2.5,0,2,264,0,2,255
2.5,0,2,280,0,2,263
2.5,0,2,234,0,2,267
2.5,0,2,243,0,2,263
2.5,0,2,279,0,2,252
2.5,0,2,255,0,2,285
2.5,0,2,282,0,2,257
3,0,2,287,0,2,298
3,0,2,297,0,2,319
3,0,2,283,0,2,298
3,0,2,327,0,2,314
3,0,2,297,0,2,294
3,0,2,309,0,2,295
3,0,2,343,0,2,293
3,0,2,293,0,2,302
3,0,2,310,0,2,295
3,0,2,290,0,2,307
3,0,2,302,0,2,296
3,0,2,309,0,2,359
3,0,2,263,0,2,291
3,0,2,303,0,2,307
3,0,2,262,0,2,280
3,0,2,283,0,2,267
3,0,2,273,0,2,294
3,0,2,296,0,2,296
3,0,2,337,0,2,317
3,0,2,287,0,2,290
3,0,2,312,0,2,323
3,0,2,289,0,2,298
3,0,2,303,0,2,310
3,0,2,296,0,2,298
3,0,2,288,0,2,282
3,0,2,295,0,2,331
3,0,2,275,0,2,316
3,0,2,329,0,2,263
3,0,2,269,0,2,294
3,0,2,325,0,2,284
3,0,2,302,0,2,321
3,0,2,292,0,2,305
3,0,2,301,0,2,314
3,0,2,284,0,2,291
3,0,2,299,0,2,342
3,0,2,304,0,2,316
3,0,2,318,0,2,282
3,0,2,309,0,2,240
3,0,2,294,0,2,319
3,0,2,290,0,2,296
3,0,2,293,0,2,303
3,0,2,299,0,2,282
3,0,2,319,0,2,309
3,0,2,280,0,2,317
3,0,2,288,0,2,291
3,0,2,316,0,2,311
3,0,2,267,0,2,298
3,0,2,297,0,2,305
3,0,2,277,0,2,293
3,0,2,300,0,2,270
3,0,2,288,0,2,300
3,0,2,276,0,2,313
3,0,2,323,0,2,294
3,0,2,265,0,2,326
3,0,2,331,0,2,324
3,0,2,320,0,2,311
3,0,2,291,0,2,314
3,0,2,288,0,2,305
3,0,2,311,0,2,307
3,0,2,308,0,2,336
3,0,2,285,0,2,295
3,0,2,342,0,2,292
3,0,2,277,0,2,291
3,0,2,272,0,2,298
3,0,2,300,0,2,327
3,0,2,305,0,2,312
3,0,2,295,0,2,302
3,0,2,294,0,2,320
3,0,2,316,0,2,318
3,0,2,306,0,2,306
3,0,2,296,0,2,332
3,0,2,297,0,2,318
3,0,2,325,0,2,299
3,0,2,316,0,2,297
3,0,2,303,0,2,285
3,0,2,290,0,2,295
3,0,2,307,0,2,305
3,0,2,317,0,2,319
3,0,2,328,0,2,288
3,1,1,308,0,2,332
3,0,2,292,0,2,331
3,0,2,290,0,2,289
3,0,2,303,0,2,302
3,0,2,288,0,2,313
3,0,2,282,0,2,295
3,0,2,347,0,2,300
3,0,2,328,0,2,302
3,0,2,290,0,2,317
3,0,2,293,0,2,296
3,0,2,312,0,2,299
3,0,2,335,0,2,327
3,0,2,267,0,2,279
3,0,2,304,0,2,315
3,0,2,290,0,2,279
3,0,2,305,0,2,330
3,0,2,308,0,2,284
3,0,2,308,0,2,304
3,0,2,304,0,2,295
3,0,2,325,0,2,263
3,0,2,299,0,2,304
3,0,2,277,0,2,272
3,0,2,312,0,2,308
3,0,2,259,0,2,284
3,1,1,259,0,2,326
3,0,2,301,0,2,321
3,0,2,313,0,2,287
3,0,2,320,0,2,287
3,0,2,309,0,2,328
3,0,2,283,0,2,300
3,0,2,307,0,2,328
3,0,2,275,0,2,304
3,0,2,310,0,2,289
3,0,2,333,0,2,292
3,0,2,331,0,2,299
3,0,2,307,0,2,324
3,0,2,288,0,2,266
3,0,2,302,0,2,321
3,0,2,307,0,2,294
3,0,2,296,0,2,304
3,0,2,304,0,2,301
3,0,2,317,0,2,312
3,0,2,312,0,2,299
3,0,2,256,0,2,314
3,0,2,290,0,2,261
3,0,2,290,0,2,282
3,0,2,320,0,2,294
3,0,2,282,0,2,282
3,0,2,339,0,2,264
3,0,2,312,0,2,296
3,0,2,301,0,2,280
3,0,2,289,0,2,312
3,0,2,297,0,2,266
3,0,2,299,0,2,296
3,0,2,301,0,2,315
3,0,2,323,0,2,276
3,0,2,324,0,2,298
3,0,2,308,0,2,277
3,0,2,288,0,2,321
3,0,2,311,0,2,308
3,0,2,293,0,2,336
3,0,2,319,0,2,268
3,0,2,309,0,2,261
3,0,2,288,0,2,297
3,0,2,296,0,2,307
3,0,2,318,0,2,268
3,0,2,314,0,2,292
3,0,2,304,0,2,274
3,0,2,311,0,2,334
3,0,2,297,0,2,307
3,0,2,311,0,2,285
3,0,2,305,0,2,300
3,0,2,305,0,2,318
3,0,2,275,0,2,325
3,0,2,332,0,2,289
3,0,2,305,0,2,294
3,0,2,315,0,2,311
3,0,2,303,0,2,299
3,0,2,289,0,2,324
3,0,2,309,0,2,316
3,0,2,299,0,2,312
3,0,2,322,0,2,335
3,0,2,310,0,2,283
3,0,2,302,0,2,294
3,0,2,290,0,2,320
3,0,2,289,0,2,314
3,0,2,308,0,2,301
3,0,2,301,0,2,318
3,0,2,309,0,2,313
3,0,2,304,0,2,289
3,0,2,309,0,2,286
3,0,2,288,0,2,269
3,0,2,294,0,2,303
3,0,2,322,0,2,295
3,0,2,324,0,2,293
3,0,2,350,0,2,275
3,0,2,312,0,2,308
3,0,2,298,0,2,264
3,0,2,295,0,2,294
3,0,2,300,0,2,321
3,0,2,299,0,2,346
3,0,2,304,0,2,338
3,0,2,334,0,2,286
3,0,2,302,0,2,316
3,0,2,300,0,2,299
3,0,2,317,0,2,323
3,0,2,303,0,2,300
3,0,2,299,0,2,337
3,0,2,284,0,2,291
3,0,2,279,0,2,332
3,0,2,312,0,2,341
3,0,2,290,0,2,281
3,0,2,312,0,2,303
3,0,2,334,0,2,302
3,0,2,283,0,2,284
3,0,2,298,0,2,312
3,0,2,278,0,2,309
3,0,2,329,0,2,297
3,0,2,313,0,2,303
3,0,2,323,0,2,305
3,0,2,313,0,2,294
3.5,0,2,302,0,2,350
3.5,0,2,322,0,2,300
3.5,0,2,308,0,2,298
3.5,0,2,282,0,2,325
3.5,0,2,313,0,2,329
3.5,0,2,344,0,2,312
3.5,0,2,317,0,2,336
3.5,0,2,314,0,2,314
3.5,0,2,351,0,2,320
3.5,0,2,325,0,2,321
3.5,0,2,317,0,2,314
3.5,0,2,344,0,2,317
3.5,0,2,318,0,2,353
3.5,0,2,303,0,2,303
3.5,0,2,317,0,2,319
3.5,0,2,302,0,2,295
3.5,0,2,336,0,2,328
3.5,0,2,301,0,2,333
3.5,0,2,328,0,2,305
3.5,0,2,328,0,2,308
3.5,0,2,313,0,2,318
3.5,0,2,330,0,2,343
3.5,0,2,318,0,2,349
3.5,0,2,330,0,2,329
3.5,0,2,321,0,2,319
3.5,0,2,344,0,2,299
3.5,0,2,337,0,2,302
3.5,0,2,324,0,2,334
3.5,0,2,318,0,2,331
3.5,0,2,316,0,2,359
3.5,0,2,312,0,2,311
3.5,0,2,349,0,2,314
3.5,0,2,341,0,2,300
3.5,0,2,321,0,2,347
3.5,0,2,301,0,2,322
3.5,0,2,331,0,2,358
3.5,0,2,293,0,2,323
3.5,0,2,310,0,2,314
3.5,0,2,309,0,2,329
3.5,0,2,310,0,2,326
3.5,0,2,312,0,2,362
3.5,0,2,313,0,2,366
3.5,0,2,333,0,2,327
3.5,0,2,356,0,2,306
3.5,0,2,308,0,2,336
3.5,0,2,321,0,2,320
3.5,0,2,328,0,2,305
3.5,0,2,330,0,2,292
3.5,0,2,323,0,2,290
3.5,0,2,301,0,2,304
3.5,0,2,303,0,2,328
3.5,0,2,336,0,2,307
3.5,0,2,351,0,2,327
3.5,0,2,325,0,2,313
3.5,0,2,305,0,2,315
3.5,0,2,347,0,2,329
3.5,0,2,337,0,2,329
3.5,0,2,334,0,2,320
3.5,0,2,312,0,2,347
3.5,0,2,361,0,2,322
3.5,0,2,301,0,2,322
3.5,0,2,324,0,2,296
3.5,0,2,278,0,2,334
3.5,0,2,325,0,2,296
3.5,0,2,319,0,2,325
3.5,0,2,341,0,2,329
3.5,0,2,310,0,2,328
3.5,0,2,326,0,2,349
3.5,0,2,320,0,2,320
3.5,0,2,350,0,2,335
3.5,0,2,354,0,2,364
3.5,0,2,352,0,2,314
3.5,0,2,312,0,2,329
3.5,0,2,296,0,2,298
3.5,0,2,327,0,2,342
3.5,0,2,357,0,2,320
3.5,0,2,344,0,2,300
3.5,0,2,339,0,2,307
3.5,0,2,341,0,2,326
3.5,0,2,345,0,2,330
3.5,0,2,327,0,2,337
3.5,0,2,331,0,2,318
3.5,0,2,327,0,2,280
3.5,0,2,297,0,2,344
3.5,0,2,295,0,2,343
3.5,0,2,340,0,2,330
3.5,0,2,333,0,2,324
3.5,0,2,290,0,2,350
3.5,0,2,339,0,2,322
3.5,0,2,326,0,2,294
3.5,0,2,340,0,2,323
3.5,0,2,341,0,2,333
3.5,0,2,336,0,2,320
3.5,0,2,319,0,2,329
3.5,0,2,344,0,2,326
3.5,0,2,353,0,2,333
3.5,0,2,320,0,2,348
3.5,0,2,295,0,2,315
3.5,0,2,319,0,2,285
3.5,0,2,345,0,2,307
3.5,0,2,320,0,2,294
3.5,0,2,303,0,2,303
3.5,0,2,327,0,2,310
3.5,0,2,326,0,2,304
3.5,0,2,334,0,2,313
3.5,0,2,310,0,2,305
3.5,0,2,329,0,2,321
3.5,0,2,295,0,2,338
3.5,0,2,305,0,2,327
3.5,0,2,346,0,2,337
3.5,0,2,306,0,2,350
3.5,0,2,310,0,2,353
3.5,0,2,308,0,2,346
3.5,0,2,337,0,2,278
3.5,0,2,340,0,2,326
3.5,0,2,343,0,2,312
3.5,0,2,354,0,2,335
3.5,0,2,359,0,2,357
3.5,0,2,312,0,2,316
3.5,0,2,319,0,2,328
3.5,0,2,358,0,2,331
3.5,0,2,323,0,2,348
3.5,0,2,326,0,2,309
3.5,0,2,331,0,2,316
3.5,0,2,320,0,2,329
3.5,0,2,312,0,2,322
3.5,0,2,330,0,2,326
3.5,0,2,300,0,2,322
3.5,0,2,360,0,2,302
3.5,0,2,326,0,2,316
3.5,0,2,339,0,2,320
3.5,0,2,336,0,2,321
3.5,0,2,321,0,2,320
3.5,0,2,309,0,2,324
3.5,0,2,321,0,2,291
3.5,0,2,312,0,2,303
3.5,0,2,308,0,2,330
3.5,0,2,352,0,2,317
3.5,0,2,354,0,2,307
3.5,0,2,310,0,2,305
3.5,0,2,339,0,2,334
3.5,0,2,309,0,2,321
3.5,0,2,314,0,2,366
3.5,0,2,345,0,2,321
3.5,0,2,310,0,2,324
3.5,0,2,339,0,2,336
3.5,0,2,313,0,2,360
3.5,0,2,322,0,2,326
3.5,0,2,353,0,2,335
3.5,0,2,321,0,2,339
3.5,0,2,311,0,2,295
3.5,0,2,323,0,2,324
3.5,0,2,329,0,2,352
3.5,0,2,302,0,2,324
3.5,0,2,347,0,2,317
3.5,0,2,337,0,2,310
3.5,0,2,293,0,2,353
3.5,0,2,354,0,2,342
3.5,0,2,332,0,2,343
3.5,0,2,281,0,2,339
3.5,0,2,310,0,2,363
3.5,0,2,315,0,2,319
3.5,0,2,302,0,2,339
3.5,0,2,323,0,2,350
3.5,0,2,332,0,2,340
3.5,0,2,335,0,2,312
3.5,0,2,353,0,2,357
3.5,0,2,335,0,2,281
3.5,0,2,277,0,2,334
3.5,0,2,335,0,2,367
3.5,0,2,328,0,2,314
3.5,0,2,344,0,2,308
3.5,0,2,324,0,2,323
3.5,0,2,334,0,2,329
3.5,0,2,310,0,2,348
3.5,0,2,293,0,2,318
3.5,0,2,303,0,2,313
3.5,0,2,348,0,2,297
3.5,0,2,332,0,2,333
3.5,0,2,349,0,2,310
3.5,0,2,330,0,2,317
3.5,0,2,297,0,2,328
3.5,0,2,299,0,2,290
3.5,0,2,334,0,2,309
3.5,0,2,347,0,2,329
3.5,0,2,330,0,2,303
3.5,0,2,325,0,2,325
3.5,0,2,338,0,2,316
3.5,0,2,322,0,2,328
3.5,0,2,327,0,2,323
3.5,0,2,318,0,2,324
3.5,0,2,338,0,2,319
3.5,0,2,337,0,2,334
3.5,0,2,343,0,2,297
3.5,0,2,311,0,2,327
3.5,0,2,338,0,2,329
3.5,0,2,321,0,2,324
3.5,0,2,290,0,2,340
3.5,0,2,353,0,2,310
3.5,0,2,323,0,2,373
4,0,2,340,0,2,324
4,0,2,359,0,2,356
4,0,2,334,0,2,344
4,0,2,327,0,2,312
4,0,2,321,0,2,360
4,0,2,307,0,2,358
4,0,2,302,0,2,384
4,0,2,323,0,2,358
4,0,2,340,0,2,355
4,0,2,350,0,2,337
4,0,2,363,0,2,328
4,0,2,314,0,2,312
4,0,2,273,0,2,373
4,0,2,313,0,2,348
4,0,2,339,0,2,365
4,0,2,358,0,2,368
4,0,2,336,0,2,336
4,0,2,369,0,2,368
4,0,2,345,0,2,333
4,0,2,354,0,2,358
4,0,2,301,0,2,367
4,0,2,339,0,2,385
4,0,2,338,0,2,348
4,0,2,334,0,2,361
4,0,2,341,0,2,344
4,0,2,370,0,2,364
4,0,2,347,0,2,390
4,0,2,345,0,2,298
4,0,2,334,0,2,327
4,0,2,329,0,2,339
4,0,2,298,0,2,352
4,0,2,363,0,2,345
4,0,2,332,0,2,329
4,0,2,332,0,2,334
4,0,2,346,0,2,337
4,0,2,338,0,2,346
4,0,2,385,0,2,326
4,0,2,316,0,2,361
4,0,2,377,0,2,344
4,0,2,311,0,2,317
4,0,2,302,0,2,325
4,0,2,343,0,2,345
4,0,2,338,0,2,367
4,0,2,361,0,2,315
4,0,2,336,0,2,339
4,0,2,381,0,2,365
4,0,2,348,0,2,327
4,0,2,334,0,2,356
4,0,2,321,0,2,349
4,0,2,349,0,2,338
4,0,2,346,0,2,353
4,0,2,316,0,2,331
4,0,2,361,0,2,333
4,0,2,371,0,2,348
4,0,2,324,0,2,357
4,0,2,341,0,2,357
4,0,2,375,0,2,333
4,0,2,377,0,2,334
4,0,2,367,0,2,354
4,0,2,358,0,2,321
4,0,2,307,0,2,340
4,0,2,327,0,2,341
4,0,2,331,0,2,347
4,0,2,330,0,2,331
4,0,2,328,0,2,329
4,0,2,349,0,2,357
4,0,2,380,0,2,367
4,0,2,335,0,2,312
4,0,2,337,0,2,362
4,0,2,362,0,2,322
4,0,2,342,0,2,331
4,0,2,334,0,2,363
4,0,2,311,0,2,370
4,0,2,341,0,2,340
4,0,2,387,0,2,365
4,0,2,356,0,2,334
4,0,2,326,0,2,329
4,0,2,325,0,2,351
4,0,2,369,0,2,335
4,0,2,308,0,2,329
4,0,2,335,0,2,360
4,0,2,343,0,2,345
4,0,2,293,0,2,370
4,0,2,313,0,2,350
4,0,2,344,0,2,365
4,0,2,359,0,2,367
4,0,2,320,0,2,363
4,0,2,337,0,2,360
4,0,2,340,0,2,330
4,0,2,332,0,2,359
4,0,2,354,0,2,339
4,0,2,339,0,2,355
4,0,2,327,0,2,332
4,0,2,348,0,2,360
4,0,2,388,0,2,340
4,0,2,346,0,2,315
4,0,2,332,0,2,339
4,0,2,349,0,2,336
4,0,2,342,0,2,337
4,0,2,329,0,2,311
4,0,2,338,0,2,363
4,0,2,333,0,2,348
4,0,2,331,0,2,312
4,0,2,356,0,2,353
4,0,2,384,0,2,331
4,0,2,324,0,2,334
4,0,2,312,0,2,359
4,0,2,341,0,2,326
4,0,2,380,0,2,351
4,0,2,359,0,2,359
4,0,2,339,0,2,337
4,0,2,355,0,2,374
4,0,2,321,0,2,365
4,0,2,325,0,2,308
4,0,2,333,0,2,362
4,0,2,353,0,2,325
4,0,2,328,0,2,355
4,0,2,370,0,2,360
4,0,2,325,0,2,285
4,0,2,372,0,2,325
4,0,2,337,0,2,332
4,0,2,349,0,2,323
4,0,2,340,0,2,300
4,0,2,308,0,2,332
4,0,2,309,0,2,374
4,0,2,333,0,2,355
4,0,2,343,0,2,322
4,0,2,331,0,2,311
4,0,2,421,0,2,308
4,0,2,329,0,2,331
4,0,2,338,0,2,379
4,0,2,327,0,2,312
4,0,2,346,0,2,328
4,1,1,283,0,2,365
4,0,2,339,0,2,338
4,0,2,342,0,2,329
4,0,2,320,0,2,350
4,0,2,344,0,2,348
4,0,2,335,0,2,340
4,0,2,336,0,2,343
4,0,2,334,0,2,272
4,0,2,385,0,2,348
4,0,2,360,0,2,338
4,0,2,349,0,2,351
4,0,2,323,0,2,383
4,0,2,369,0,2,360
4,0,2,349,0,2,348
4,0,2,316,0,2,367
4,0,2,335,0,2,331
4,0,2,314,0,2,355
4,0,2,338,0,2,342
4,0,2,383,0,2,323
4,0,2,344,0,2,305
4,0,2,352,0,2,370
4,0,2,330,0,2,335
4,0,2,355,0,2,336
4,0,2,333,0,2,367
4,0,2,335,0,2,324
4,0,2,343,0,2,339
4,0,2,372,0,2,329
4,0,2,332,1,1,390
4,0,2,316,0,2,371
4,0,2,344,0,2,334
4,0,2,351,0,2,342
4,0,2,343,0,2,360
4,0,2,381,0,2,319
4,0,2,381,0,2,374
4,0,2,358,0,2,334
4,0,2,326,0,2,366
4,0,2,368,0,2,344
4,0,2,357,0,2,319
4,0,2,323,0,2,319
4,0,2,306,0,2,345
4,0,2,305,0,2,336
4,0,2,324,0,2,303
4,0,2,342,0,2,339
4,0,2,311,0,2,331
4,0,2,342,0,2,315
4,0,2,342,0,2,373
4,0,2,324,0,2,326
4,0,2,332,0,2,379
4,0,2,337,0,2,346
4,0,2,328,0,2,341
4,0,2,334,0,2,339
4,0,2,333,0,2,355
4,0,2,311,0,2,354
4,0,2,307,0,2,348
4,0,2,349,0,2,377
4,0,2,352,0,2,332
4,0,2,347,0,2,319
4,0,2,325,0,2,360
4,0,2,359,0,2,339
4,0,2,349,0,2,346
4,0,2,366,0,2,337
4,0,2,338,0,2,318
4,0,2,360,0,2,327
4,0,2,347,0,2,326
4,0,2,329,0,2,339
4,0,2,336,0,2,366
4,0,2,350,0,2,345
4.5,0,2,366,0,2,381
4.5,0,2,351,0,2,353
4.5,0,2,360,0,2,359
4.5,0,2,378,0,2,331
4.5,0,2,350,0,2,373
4.5,0,2,365,0,2,360
4.5,0,2,348,0,2,326
4.5,0,2,373,0,2,346
4.5,0,2,350,0,2,343
4.5,0,2,368,0,2,339
4.5,0,2,375,0,2,359
4.5,0,2,351,0,2,374
4.5,0,2,363,0,2,371
4.5,0,2,331,0,2,354
4.5,0,2,356,0,2,348
4.5,0,2,341,0,2,351
4.5,0,2,360,0,2,370
4.5,0,2,351,0,2,347
4.5,0,2,393,0,2,308
4.5,0,2,370,0,2,361
4.5,0,2,357,0,2,371
4.5,0,2,337,0,2,375
4.5,0,2,342,0,2,321
4.5,0,2,361,0,2,350
4.5,0,2,357,0,2,386
4.5,0,2,335,0,2,327
4.5,0,2,318,0,2,370
4.5,0,2,353,0,2,366
4.5,0,2,335,0,2,349
4.5,0,2,348,0,2,346
4.5,0,2,363,0,2,392
4.5,0,2,350,0,2,332
4.5,0,2,336,0,2,381
4.5,0,2,359,0,2,333
4.5,0,2,374,0,2,383
4.5,0,2,343,0,2,336
4.5,0,2,346,0,2,374
4.5,0,2,340,0,2,350
4.5,0,2,352,0,2,393
4.5,0,2,332,0,2,353
4.5,0,2,381,0,2,364
4.5,0,2,353,0,2,390
4.5,0,2,375,0,2,374
4.5,0,2,342,0,2,374
4.5,0,2,340,0,2,370
4.5,0,2,342,0,2,343
4.5,0,2,357,0,2,319
4.5,0,2,369,0,2,339
4.5,0,2,345,0,2,338
4.5,0,2,374,0,2,344
4.5,0,2,319,0,2,348
4.5,0,2,334,0,2,365
4.5,0,2,354,0,2,365
4.5,0,2,337,0,2,360
4.5,0,2,378,0,2,365
4.5,0,2,335,0,2,341
4.5,0,2,350,0,2,368
4.5,0,2,361,0,2,370
4.5,0,2,339,0,2,362
4.5,0,2,368,0,2,359
4.5,0,2,345,0,2,339
4.5,0,2,351,0,2,340
4.5,0,2,368,0,2,322
4.5,0,2,333,0,2,337
4.5,0,2,333,0,2,323
4.5,0,2,353,0,2,339
4.5,0,2,361,0,2,343
4.5,0,2,366,0,2,365
4.5,0,2,332,0,2,329
4.5,0,2,339,0,2,351
4.5,0,2,341,0,2,342
4.5,0,2,355,0,2,345
4.5,0,2,366,0,2,367
4.5,0,2,363,0,2,376
4.5,0,2,366,0,2,351
4.5,0,2,347,0,2,374
4.5,0,2,346,0,2,377
4.5,0,2,347,0,2,335
4.5,0,2,380,0,2,348
4.5,0,2,346,0,2,338
4.5,0,2,342,0,2,366
4.5,0,2,340,0,2,362
4.5,0,2,360,0,2,344
4.5,0,2,334,0,2,391
4.5,0,2,360,0,2,371
4.5,0,2,325,0,2,364
4.5,0,2,361,0,2,378
4.5,0,2,349,0,2,345
4.5,0,2,344,0,2,323
4.5,0,2,346,0,2,355
4.5,0,2,353,0,2,393
4.5,0,2,333,0,2,311
4.5,0,2,399,0,2,352
4.5,0,2,355,0,2,354
4.5,0,2,328,0,2,356
4.5,0,2,314,0,2,368
4.5,0,2,381,0,2,381
4.5,0,2,359,0,2,325
4.5,0,2,354,0,2,336
4.5,0,2,332,0,2,345
4.5,0,2,322,0,2,378
4.5,0,2,327,0,2,349
4.5,0,2,337,0,2,394
4.5,0,2,342,0,2,376
4.5,0,2,360,0,2,327
4.5,0,2,345,0,2,365
4.5,0,2,368,0,2,352
4.5,0,2,366,0,2,346
4.5,0,2,333,0,2,360
4.5,0,2,327,0,2,337
4.5,0,2,336,0,2,352
4.5,0,2,361,0,2,359
4.5,0,2,401,0,2,343
4.5,0,2,389,0,2,390
4.5,0,2,336,0,2,353
4.5,0,2,350,0,2,379
4.5,0,2,334,0,2,316
4.5,0,2,353,0,2,349
4.5,0,2,348,0,2,321
4.5,0,2,365,0,2,312
4.5,0,2,365,0,2,327
4.5,0,2,313,0,2,380
4.5,0,2,365,0,2,335
4.5,0,2,372,0,2,380
4.5,0,2,339,0,2,343
4.5,0,2,371,0,2,361
4.5,0,2,361,0,2,314
4.5,0,2,345,0,2,337
4.5,0,2,347,0,2,371
4.5,0,2,371,0,2,402
4.5,0,2,371,0,2,379
4.5,0,2,360,0,2,351
4.5,0,2,319,0,2,361
4.5,0,2,330,0,2,380
4.5,0,2,396,0,2,368
4.5,0,2,351,0,2,364
4.5,0,2,350,0,2,338
4.5,0,2,385,0,2,336
4.5,0,2,384,0,2,382
4.5,0,2,360,0,2,358
4.5,0,2,346,0,2,361
4.5,0,2,358,0,2,335
4.5,0,2,386,0,2,332
4.5,0,2,390,0,2,339
4.5,0,2,356,0,2,372
4.5,0,2,350,0,2,349
4.5,0,2,348,0,2,343
4.5,0,2,350,0,2,349
4.5,0,2,338,0,2,313
4.5,0,2,365,0,2,350
4.5,0,2,363,0,2,369
4.5,0,2,384,0,2,337
4.5,0,2,364,0,2,361
4.5,0,2,373,0,2,351
4.5,0,2,351,0,2,338
4.5,0,2,340,0,2,374
4.5,0,2,343,0,2,397
4.5,0,2,327,0,2,376
4.5,0,2,360,0,2,382
4.5,0,2,372,0,2,327
4.5,0,2,340,0,2,321
4.5,0,2,350,0,2,340
4.5,0,2,359,0,2,370
4.5,0,2,357,0,2,371
4.5,0,2,363,0,2,376
4.5,0,2,365,0,2,351
4.5,0,2,333,0,2,338
4.5,0,2,367,0,2,336
4.5,0,2,340,0,2,378
4.5,0,2,383,0,2,362
4.5,0,2,345,0,2,330
4.5,0,2,367,0,2,336
4.5,0,2,357,0,2,349
4.5,0,2,354,0,2,342
4.5,0,2,348,0,2,343
4.5,0,2,334,0,2,368
4.5,0,2,345,0,2,377
4.5,0,2,330,0,2,358
4.5,0,2,372,0,2,340
4.5,0,2,370,0,2,359
4.5,0,2,362,0,2,334
4.5,0,2,344,0,2,342
4.5,0,2,359,0,2,334
4.5,0,2,335,0,2,355
4.5,0,2,365,0,2,425
4.5,0,2,336,0,2,321
4.5,0,2,361,0,2,352
4.5,0,2,345,0,2,337
4.5,0,2,335,0,2,361
4.5,0,2,341,0,2,335
4.5,0,2,322,0,2,348
4.5,0,2,359,0,2,372
4.5,0,2,377,0,2,356
4.5,0,2,313,0,2,361
4.5,0,2,371,0,2,366
4.5,0,2,348,0,2,348
4.5,0,2,368,0,2,343
4.5,0,2,338,0,2,372
4.5,0,2,350,0,2,366
4.5,0,2,364,0,2,334
5,0,2,392,0,2,387
5,0,2,375,0,2,366
5,0,2,350,0,2,336
5,0,2,379,0,2,374
5,0,2,372,0,2,352
5,0,2,347,0,2,337
5,0,2,370,0,2,335
5,0,2,370,0,2,405
5,0,2,375,0,2,358
5,0,2,389,1,1,323
5,0,2,365,0,2,342
5,0,2,358,0,2,348
5,0,2,343,0,2,338
5,0,2,367,0,2,369
5,0,2,372,0,2,365
5,0,2,350,0,2,349
5,0,2,376,0,2,398
5,0,2,368,0,2,400
5,0,2,384,0,2,373
5,0,2,364,0,2,334
5,0,2,374,0,2,375
5,0,2,400,0,2,432
5,0,2,363,0,2,360
5,0,2,341,0,2,348
5,0,2,368,0,2,407
5,0,2,382,0,2,367
5,0,2,332,0,2,397
5,0,2,376,0,2,379
5,0,2,379,0,2,327
5,0,2,354,0,2,327
5,0,2,361,0,2,347
5,0,2,360,0,2,385
5,0,2,364,0,2,406
5,0,2,346,0,2,346
5,0,2,372,0,2,343
5,0,2,385,0,2,372
5,0,2,367,0,2,390
5,0,2,373,0,2,379
5,0,2,356,0,2,390
5,0,2,376,0,2,359
5,0,2,362,0,2,359
5,0,2,357,0,2,352
5,0,2,351,0,2,378
5,0,2,375,0,2,318
5,0,2,375,0,2,349
5,0,2,352,0,2,359
5,0,2,367,0,2,398
5,0,2,376,0,2,357
5,0,2,353,0,2,389
5,0,2,361,0,2,396
5,0,2,341,0,2,370
5,0,2,392,0,2,402
5,0,2,382,0,2,346
5,0,2,374,0,2,330
5,0,2,422,0,2,356
5,0,2,368,0,2,380
5,0,2,356,0,2,375
5,0,2,350,0,2,355
5,0,2,308,0,2,382
5,0,2,354,0,2,372
5,0,2,367,0,2,412
5,0,2,362,0,2,384
5,0,2,338,0,2,369
5,0,2,336,0,2,377
5,0,2,372,0,2,374
5,0,2,360,0,2,344
5,0,2,345,0,2,374
5,0,2,373,0,2,387
5,0,2,370,0,2,363
5,0,2,370,0,2,377
5,0,2,397,0,2,343
5,0,2,359,0,2,381
5,0,2,352,0,2,366
5,0,2,368,0,2,408
5,0,2,322,0,2,367
5,0,2,356,0,2,381
5,0,2,374,0,2,368
5,0,2,363,0,2,410
5,0,2,368,0,2,323
5,0,2,362,0,2,365
5,0,2,341,0,2,359
5,0,2,384,0,2,348
5,0,2,364,0,2,351
5,0,2,393,0,2,364
5,0,2,397,0,2,342
5,0,2,349,0,2,380
5,0,2,363,0,2,383
5,0,2,358,0,2,366
5,0,2,349,0,2,362
5,0,2,328,0,2,337
5,0,2,374,0,2,354
5,0,2,383,0,2,337
5,0,2,362,0,2,381
5,0,2,348,0,2,339
5,0,2,336,0,2,365
5,0,2,360,0,2,350
5,0,2,393,0,2,371
5,0,2,348,0,2,376
5,0,2,373,0,2,348
5,0,2,388,0,2,373
5,0,2,334,0,2,381
5,0,2,376,0,2,356
5,0,2,360,0,2,358
5,0,2,335,0,2,362
5,0,2,340,0,2,306
5,0,2,401,0,2,366
5,0,2,349,0,2,369
5,0,2,388,0,2,359
5,0,2,359,0,2,342
5,0,2,362,0,2,382
5,0,2,374,0,2,391
5,0,2,361,0,2,382
5,0,2,319,0,2,393
5,0,2,396,0,2,396
5,0,2,381,0,2,382
5,0,2,351,0,2,391
5,0,2,383,0,2,338
5,0,2,380,0,2,341
5,0,2,349,0,2,346
5,0,2,356,0,2,368
5,0,2,386,0,2,393
5,0,2,367,0,2,387
5,0,2,340,0,2,354
5,0,2,342,0,2,339
5,0,2,376,0,2,348
5,0,2,345,0,2,332
5,0,2,358,0,2,340
5,0,2,392,0,2,346
5,0,2,359,0,2,363
5,0,2,369,0,2,350
5,0,2,365,0,2,360
5,0,2,396,0,2,347
5,0,2,398,0,2,339
5,0,2,364,0,2,372
5,0,2,350,0,2,330
5,0,2,337,0,2,398
5,0,2,336,0,2,390
5,0,2,376,0,2,363
5,0,2,341,0,2,355
5,0,2,381,0,2,400
5,0,2,334,0,2,366
5,0,2,360,0,2,381
5,0,2,354,0,2,360
5,0,2,369,0,2,375
5,0,2,353,0,2,383
5,0,2,382,0,2,354
5,0,2,378,0,2,363
5,0,2,329,0,2,370
5,0,2,356,0,2,354
5,0,2,384,0,2,401
5,0,2,359,0,2,380
5,0,2,376,0,2,352
5,0,2,383,0,2,349
5,0,2,365,0,2,366
5,0,2,359,0,2,388
5,0,2,381,0,2,382
5,0,2,357,0,2,308
5,0,2,366,0,2,367
5,0,2,353,0,2,337
5,0,2,337,0,2,374
5,0,2,375,0,2,404
5,0,2,350,0,2,334
5,0,2,363,0,2,347
5,0,2,333,0,2,376
5,0,2,370,0,2,366
5,0,2,353,0,2,324
5,0,2,367,0,2,379
5,0,2,387,0,2,350
5,0,2,351,0,2,342
5,0,2,337,0,2,381
5,0,2,335,0,2,356
5,0,2,347,0,2,354
5,0,2,360,0,2,369
5,0,2,352,0,2,340
5,0,2,374,0,2,363
5,0,2,349,0,2,367
5,0,2,351,0,2,361
5,0,2,327,0,2,371
5,0,2,348,0,2,351
5,0,2,359,0,2,381
5,0,2,336,0,2,374
5,0,2,353,0,2,355
5,0,2,377,0,2,364
5,0,2,369,0,2,331
5,0,2,394,0,2,369
5,0,2,373,0,2,379
5,0,2,382,0,2,368
5,0,2,372,0,2,355
5,0,2,324,0,2,386
5,0,2,332,0,2,340
5,0,2,368,0,2,337
5,0,2,341,0,2,402
5,0,2,306,0,2,351
5,0,2,356,0,2,365
5,0,2,374,0,2,372
5,0,2,354,0,2,357
5,0,2,353,0,2,366
5,0,2,388,0,2,336
5,0,2,372,0,2,351
5,0,2,323,0,2,349
5.5,0,2,366,0,2,355
5.5,0,2,351,0,2,393
5.5,0,2,395,0,2,380
5.5,0,2,393,0,2,391
5.5,0,2,379,0,2,362
5.5,0,2,359,0,2,374
5.5,0,2,386,0,2,358
5.5,0,2,367,0,2,366
5.5,0,2,363,0,2,378
5.5,0,2,381,0,2,397
5.5,0,2,372,0,2,358
5.5,0,2,333,0,2,388
5.5,0,2,347,0,2,376
5.5,0,2,362,0,2,359
5.5,1,1,405,0,2,353
5.5,0,2,366,0,2,387
5.5,0,2,388,0,2,354
5.5,0,2,357,0,2,394
5.5,0,2,355,0,2,354
5.5,0,2,380,0,2,364
5.5,0,2,360,0,2,370
5.5,0,2,346,0,2,352
5.5,0,2,375,0,2,400
5.5,0,2,397,0,2,378
5.5,0,2,376,0,2,360
5.5,0,2,387,0,2,410
5.5,0,2,341,0,2,312
5.5,0,2,398,0,2,380
5.5,0,2,393,0,2,389
5.5,0,2,364,0,2,354
5.5,0,2,341,0,2,370
5.5,0,2,401,0,2,386
5.5,0,2,347,0,2,355
5.5,0,2,343,0,2,378
5.5,0,2,368,0,2,397
5.5,0,2,358,0,2,370
5.5,0,2,367,0,2,372
5.5,0,2,338,0,2,385
5.5,0,2,376,0,2,365
5.5,0,2,374,0,2,374
5.5,0,2,344,0,2,336
5.5,0,2,353,0,2,382
5.5,0,2,408,0,2,365
5.5,0,2,393,0,2,375
5.5,0,2,377,0,2,383
5.5,0,2,391,0,2,403
5.5,0,2,365,0,2,359
5.5,0,2,405,0,2,362
5.5,0,2,381,0,2,362
5.5,0,2,328,0,2,331
5.5,0,2,365,0,2,373
5.5,0,2,384,0,2,385
5.5,0,2,350,0,2,348
5.5,0,2,357,0,2,373
5.5,0,2,348,0,2,375
5.5,0,2,395,0,2,387
5.5,0,2,366,0,2,376
5.5,0,2,389,0,2,332
5.5,0,2,391,0,2,345
5.5,0,2,368,0,2,373
5.5,0,2,367,0,2,369
5.5,0,2,387,0,2,383
5.5,0,2,395,0,2,379
5.5,0,2,391,0,2,361
5.5,0,2,381,0,2,378
5.5,0,2,377,0,2,343
5.5,0,2,343,0,2,388
5.5,0,2,398,0,2,364
5.5,0,2,345,0,2,387
5.5,0,2,390,0,2,377
5.5,0,2,394,0,2,366
5.5,0,2,353,0,2,337
5.5,0,2,383,0,2,346
5.5,0,2,357,0,2,345
5.5,0,2,345,0,2,369
5.5,0,2,381,0,2,387
5.5,0,2,358,0,2,358
5.5,0,2,396,0,2,406
5.5,0,2,375,0,2,324
5.5,0,2,388,0,2,372
5.5,0,2,376,0,2,373
5.5,0,2,393,0,2,353
5.5,0,2,367,0,2,358
5.5,0,2,361,0,2,400
5.5,0,2,356,0,2,394
5.5,0,2,351,0,2,382
5.5,0,2,354,0,2,362
5.5,0,2,374,0,2,378
5.5,0,2,361,0,2,353
5.5,0,2,402,0,2,382
5.5,0,2,385,0,2,381
5.5,0,2,384,0,2,390
5.5,0,2,417,0,2,365
5.5,0,2,381,0,2,369
5.5,0,2,345,0,2,372
5.5,0,2,396,0,2,369
5.5,0,2,403,0,2,355
5.5,0,2,352,0,2,385
5.5,0,2,361,0,2,378
5.5,0,2,386,0,2,347
5.5,0,2,406,0,2,361
5.5,0,2,367,0,2,371
5.5,0,2,397,0,2,384
5.5,0,2,392,0,2,365
5.5,0,2,365,0,2,379
5.5,0,2,379,0,2,397
5.5,0,2,378,0,2,397
5.5,0,2,371,0,2,357
5.5,0,2,392,0,2,437
5.5,0,2,372,0,2,394
5.5,0,2,357,0,2,355
5.5,0,2,399,0,2,363
5.5,0,2,347,0,2,347
5.5,0,2,383,0,2,398
5.5,0,2,378,0,2,377
5.5,0,2,388,0,2,349
5.5,0,2,379,0,2,367
5.5,0,2,374,0,2,355
5.5,0,2,386,0,2,338
5.5,0,2,369,0,2,381
5.5,0,2,381,0,2,369
5.5,0,2,383,0,2,361
5.5,0,2,379,0,2,380
5.5,0,2,398,0,2,380
5.5,0,2,353,0,2,343
5.5,0,2,376,0,2,357
5.5,0,2,352,0,2,398
5.5,0,2,344,0,2,361
5.5,0,2,367,0,2,351
5.5,0,2,368,0,2,366
5.5,0,2,374,0,2,361
5.5,0,2,388,0,2,391
5.5,0,2,381,0,2,417
5.5,0,2,366,0,2,335
5.5,0,2,388,0,2,344
5.5,0,2,382,0,2,363
5.5,0,2,363,0,2,366
5.5,0,2,367,0,2,385
5.5,0,2,395,0,2,364
5.5,0,2,341,0,2,357
5.5,0,2,380,0,2,377
5.5,0,2,367,0,2,386
5.5,0,2,370,0,2,362
5.5,0,2,357,0,2,401
5.5,0,2,357,0,2,406
5.5,0,2,360,0,2,370
5.5,0,2,389,0,2,359
5.5,0,2,370,0,2,386
5.5,0,2,397,0,2,357
5.5,0,2,367,0,2,390
5.5,0,2,395,0,2,370
5.5,0,2,370,0,2,381
5.5,0,2,368,0,2,370
5.5,0,2,382,0,2,422
5.5,0,2,366,0,2,385
5.5,0,2,384,0,2,362
5.5,0,2,342,0,2,369
5.5,0,2,387,0,2,369
5.5,0,2,372,0,2,357
5.5,0,2,355,0,2,364
5.5,0,2,340,0,2,367
5.5,0,2,389,0,2,373
5.5,0,2,393,0,2,364
5.5,0,2,354,0,2,371
5.5,0,2,391,0,2,354
5.5,0,2,366,0,2,374
5.5,0,2,365,0,2,379
5.5,0,2,354,0,2,390
5.5,0,2,375,0,2,386
5.5,0,2,353,0,2,389
5.5,0,2,388,0,2,383
5.5,0,2,338,0,2,347
5.5,0,2,379,0,2,389
5.5,0,2,356,0,2,368
5.5,0,2,388,0,2,354
5.5,0,2,372,0,2,351
5.5,0,2,357,0,2,363
5.5,0,2,367,0,2,379
5.5,0,2,353,0,2,353
5.5,0,2,335,0,2,354
5.5,0,2,356,0,2,367
5.5,0,2,365,0,2,343
5.5,0,2,347,0,2,362
5.5,0,2,379,0,2,397
5.5,0,2,379,0,2,370
5.5,0,2,351,0,2,397
5.5,0,2,340,0,2,343
5.5,0,2,357,0,2,374
5.5,0,2,354,0,2,371
5.5,0,2,364,0,2,400
5.5,0,2,374,0,2,372
5.5,0,2,363,0,2,333
5.5,0,2,395,0,2,351
5.5,0,2,374,0,2,395
5.5,0,2,342,0,2,366
5.5,0,2,398,0,2,372
5.5,0,2,330,0,2,350
5.5,0,2,358,0,2,375
5.5,0,2,424,0,2,382
5.5,0,2,340,0,2,389
6,0,2,407,0,2,334
6,0,2,357,0,2,356
6,0,2,385,0,2,398
6,0,2,404,0,2,405
6,0,2,391,0,2,367
6,0,2,367,0,2,351
6,0,2,356,0,2,402
6,0,2,365,0,2,363
6,0,2,404,0,2,354
6,0,2,372,0,2,362
6,0,2,323,0,2,397
6,0,2,366,0,2,386
6,0,2,391,0,2,338
6,0,2,384,0,2,397
6,0,2,387,0,2,365
6,0,2,379,0,2,377
6,0,2,386,0,2,391
6,0,2,376,0,2,395
6,0,2,387,0,2,383
6,0,2,373,0,2,369
6,0,2,377,0,2,406
6,0,2,411,0,2,391
6,0,2,377,0,2,361
6,0,2,347,0,2,384
6,0,2,374,0,2,397
6,0,2,384,0,2,422
6,0,2,388,0,2,349
6,0,2,371,0,2,367
6,0,2,381,0,2,353
6,0,2,338,0,2,356
6,0,2,390,0,2,399
6,0,2,353,0,2,348
6,0,2,379,1,1,387
6,0,2,420,0,2,366
6,0,2,418,0,2,388
6,0,2,359,0,2,422
6,0,2,371,0,2,369
6,0,2,364,0,2,377
6,0,2,390,0,2,364
6,0,2,377,0,2,385
6,0,2,392,0,2,397
6,0,2,325,0,2,378
6,0,2,372,0,2,413
6,0,2,354,0,2,382
6,0,2,367,0,2,386
6,0,2,372,0,2,370
6,0,2,393,0,2,383
6,0,2,385,0,2,381
6,0,2,420,0,2,388
6,0,2,371,0,2,412
6,0,2,380,0,2,409
6,0,2,397,0,2,375
6,0,2,362,0,2,363
6,0,2,369,0,2,376
6,0,2,377,0,2,360
6,0,2,413,0,2,408
6,0,2,422,0,2,396
6,0,2,385,0,2,374
6,0,2,364,0,2,373
6,0,2,378,0,2,369
6,0,2,376,0,2,398
6,0,2,382,0,2,348
6,0,2,361,0,2,389
6,0,2,388,0,2,381
6,0,2,353,0,2,388
6,0,2,385,0,2,351
6,0,2,367,0,2,375
6,0,2,357,0,2,385
6,0,2,378,1,1,322
6,0,2,410,0,2,404
6,0,2,392,0,2,413
6,0,2,382,0,2,403
6,0,2,353,0,2,332
6,0,2,387,0,2,401
6,0,2,373,0,2,380
6,0,2,406,0,2,398
6,0,2,408,0,2,387
6,1,1,367,0,2,361
6,0,2,375,0,2,371
6,0,2,391,0,2,403
6,0,2,363,0,2,385
6,0,2,378,0,2,327
6,0,2,408,0,2,376
6,0,2,415,0,2,354
6,0,2,350,0,2,412
6,0,2,376,0,2,311
6,0,2,371,0,2,373
6,0,2,432,0,2,375
6,0,2,376,0,2,414
6,0,2,370,0,2,400
6,0,2,391,0,2,390
6,0,2,385,0,2,359
6,0,2,402,0,2,414
6,0,2,410,0,2,400
6,0,2,353,0,2,403
6,0,2,375,0,2,409
6,0,2,404,0,2,367
6,0,2,353,0,2,407
6,0,2,433,0,2,406
6,0,2,387,0,2,393
6,0,2,380,0,2,389
6,0,2,356,0,2,362
6,0,2,399,0,2,391
6,0,2,375,0,2,376
6,0,2,401,0,2,362
6,0,2,404,0,2,371
6,0,2,389,0,2,355
6,0,2,363,0,2,398
6,0,2,386,0,2,361
6,0,2,379,0,2,349
6,0,2,360,0,2,399
6,0,2,397,0,2,376
6,0,2,386,0,2,355
6,0,2,377,0,2,389
6,0,2,371,0,2,388
6,0,2,416,0,2,364
6,0,2,346,0,2,379
6,0,2,368,0,2,394
6,0,2,350,0,2,385
6,0,2,384,0,2,367
6,0,2,387,0,2,388
6,0,2,412,0,2,383
6,0,2,370,0,2,364
6,0,2,347,0,2,380
6,0,2,391,0,2,376
6,0,2,370,0,2,393
6,0,2,378,0,2,360
6,0,2,345,0,2,387
6,0,2,373,0,2,353
6,0,2,389,0,2,383
6,0,2,369,0,2,363
6,0,2,332,0,2,382
6,0,2,355,1,1,319
6,0,2,387,0,2,385
6,0,2,408,0,2,388
6,0,2,398,0,2,372
6,0,2,368,0,2,396
6,0,2,395,0,2,364
6,0,2,389,0,2,366
6,0,2,389,0,2,381
6,0,2,393,0,2,344
6,0,2,388,0,2,351
6,0,2,323,0,2,394
6,0,2,385,0,2,355
6,0,2,358,0,2,393
6,0,2,414,0,2,362
6,0,2,353,0,2,408
6,0,2,390,0,2,358
6,0,2,398,0,2,368
6,0,2,380,0,2,396
6,0,2,398,0,2,381
6,0,2,364,0,2,372
6,0,2,393,0,2,363
6,0,2,422,0,2,380
6,0,2,378,0,2,344
6,0,2,380,0,2,351
6,0,2,383,0,2,436
6,0,2,374,0,2,373
6,0,2,367,0,2,390
6,0,2,397,0,2,334
6,0,2,378,0,2,394
6,0,2,400,0,2,367
6,0,2,349,0,2,367
6,0,2,396,0,2,400
6,0,2,365,0,2,379
6,0,2,340,0,2,381
6,0,2,378,0,2,362
6,0,2,389,0,2,390
6,0,2,428,0,2,364
6,0,2,403,0,2,380
6,0,2,363,0,2,383
6,0,2,368,0,2,384
6,0,2,380,0,2,393
6,0,2,372,0,2,369
6,0,2,371,0,2,366
6,0,2,373,0,2,378
6,0,2,386,0,2,335
6,0,2,361,0,2,399
6,0,2,365,0,2,366
6,0,2,379,0,2,365
6,0,2,356,0,2,371
6,0,2,382,0,2,385
6,0,2,387,0,2,394
6,0,2,369,0,2,393
6,0,2,359,0,2,385
6,0,2,396,0,2,373
6,0,2,368,0,2,369
6,0,2,409,0,2,375
6,0,2,369,0,2,352
6,0,2,386,0,2,402
6,0,2,398,0,2,383
6,0,2,343,0,2,411
6,0,2,368,0,2,342
6,0,2,344,0,2,401
6,0,2,388,0,2,362
6,0,2,393,0,2,396
6,0,2,373,0,2,355
6,0,2,383,0,2,373
6,0,2,389,0,2,388
6,0,2,371,0,2,369
6.5,0,2,369,0,2,362
6.5,0,2,353,0,2,403
6.5,0,2,380,0,2,378
6.5,0,2,371,0,2,391
6.5,0,2,416,0,2,386
6.5,0,2,359,0,2,392
6.5,0,2,350,0,2,388
6.5,0,2,394,0,2,383
6.5,0,2,409,0,2,382
6.5,0,2,367,0,2,426
6.5,0,2,394,0,2,398
6.5,0,2,377,0,2,402
6.5,0,2,369,0,2,376
6.5,0,2,402,0,2,371
6.5,0,2,385,0,2,383
6.5,0,2,408,0,2,351
6.5,0,2,397,0,2,360
6.5,0,2,359,0,2,372
6.5,0,2,397,0,2,385
6.5,0,2,397,0,2,387
6.5,0,2,376,0,2,406
6.5,0,2,388,0,2,394
6.5,0,2,395,0,2,370
6.5,0,2,347,0,2,398
6.5,0,2,370,0,2,394
6.5,0,2,366,0,2,373
6.5,0,2,342,0,2,371
6.5,0,2,408,0,2,402
6.5,0,2,409,0,2,370
6.5,0,2,377,0,2,386
6.5,0,2,395,0,2,354
6.5,0,2,417,0,2,429
6.5,0,2,342,0,2,398
6.5,0,2,365,0,2,406
6.5,0,2,355,0,2,402
6.5,0,2,358,0,2,401
6.5,0,2,396,0,2,383
6.5,0,2,382,0,2,382
6.5,0,2,378,0,2,379
6.5,0,2,366,0,2,378
6.5,0,2,358,0,2,349
6.5,0,2,360,0,2,379
6.5,0,2,357,0,2,406
6.5,0,2,373,0,2,404
6.5,0,2,401,0,2,393
6.5,0,2,357,0,2,367
6.5,0,2,367,0,2,396
6.5,0,2,396,0,2,375
6.5,0,2,405,0,2,391
6.5,0,2,390,0,2,388
6.5,0,2,392,0,2,333
6.5,0,2,432,0,2,374
6.5,0,2,417,0,2,386
6.5,0,2,381,0,2,375
6.5,0,2,405,0,2,388
6.5,0,2,340,0,2,363
6.5,0,2,348,0,2,396
6.5,0,2,358,0,2,380
6.5,0,2,368,0,2,424
6.5,0,2,410,0,2,384
6.5,0,2,427,0,2,370
6.5,0,2,426,0,2,376
6.5,0,2,391,0,2,357
6.5,0,2,401,0,2,389
6.5,0,2,388,0,2,388
6.5,0,2,382,0,2,392
6.5,0,2,383,0,2,408
6.5,0,2,411,0,2,387
6.5,0,2,407,0,2,352
6.5,0,2,373,0,2,398
6.5,0,2,397,0,2,382
6.5,0,2,426,0,2,382
6.5,0,2,388,0,2,370
6.5,0,2,366,0,2,405
6.5,0,2,394,0,2,449
6.5,0,2,380,0,2,404
6.5,0,2,394,0,2,418
6.5,0,2,375,0,2,382
6.5,0,2,418,0,2,383
6.5,0,2,380,0,2,388
6.5,0,2,380,0,2,397
6.5,0,2,386,0,2,365
6.5,0,2,360,0,2,385
6.5,0,2,403,0,2,386
6.5,0,2,405,0,2,416
6.5,0,2,407,0,2,366
6.5,0,2,383,0,2,384
6.5,0,2,406,0,2,347
6.5,0,2,351,0,2,384
6.5,0,2,396,0,2,368
6.5,0,2,398,0,2,408
6.5,0,2,373,0,2,449
6.5,0,2,392,0,2,387
6.5,0,2,396,0,2,375
6.5,0,2,363,0,2,383
6.5,0,2,341,0,2,387
6.5,0,2,368,0,2,342
6.5,0,2,389,0,2,367
6.5,0,2,369,0,2,368
6.5,0,2,420,0,2,355
6.5,0,2,396,0,2,341
6.5,0,2,358,0,2,366
6.5,0,2,401,0,2,397
6.5,0,2,385,0,2,389
6.5,0,2,374,0,2,415
6.5,0,2,388,0,2,367
6.5,0,2,388,0,2,403
6.5,0,2,391,0,2,371
6.5,0,2,371,0,2,392
6.5,0,2,353,0,2,396
6.5,0,2,390,0,2,404
6.5,0,2,411,0,2,391
6.5,0,2,418,0,2,360
6.5,0,2,351,0,2,407
6.5,0,2,376,0,2,405
6.5,0,2,381,0,2,361
6.5,0,2,380,0,2,394
6.5,0,2,373,0,2,363
6.5,0,2,382,0,2,347
6.5,0,2,371,0,2,391
6.5,0,2,387,0,2,358
6.5,0,2,379,0,2,389
6.5,0,2,378,0,2,387
6.5,0,2,398,0,2,395
6.5,0,2,396,0,2,347
6.5,0,2,388,0,2,368
6.5,0,2,374,0,2,368
6.5,0,2,376,0,2,381
6.5,0,2,385,0,2,411
6.5,0,2,393,0,2,398
6.5,0,2,363,0,2,411
6.5,0,2,396,0,2,413
6.5,0,2,405,0,2,390
6.5,0,2,358,0,2,384
6.5,0,2,392,0,2,385
6.5,0,2,358,0,2,386
6.5,0,2,367,0,2,392
6.5,0,2,394,0,2,362
6.5,0,2,396,0,2,393
6.5,0,2,372,0,2,368
6.5,0,2,385,0,2,397
6.5,0,2,402,0,2,333
6.5,0,2,376,0,2,393
6.5,0,2,369,0,2,376
6.5,0,2,387,0,2,363
6.5,0,2,355,0,2,386
6.5,0,2,379,0,2,358
6.5,0,2,362,0,2,393
6.5,0,2,373,0,2,415
6.5,0,2,413,0,2,378
6.5,0,2,357,0,2,378
6.5,0,2,392,0,2,369
6.5,0,2,410,0,2,415
6.5,0,2,372,0,2,388
6.5,0,2,358,0,2,327
6.5,0,2,373,0,2,386
6.5,0,2,397,0,2,384
6.5,0,2,389,0,2,371
6.5,0,2,336,0,2,386
6.5,0,2,358,0,2,377
6.5,0,2,392,0,2,353
6.5,0,2,386,0,2,405
6.5,0,2,385,0,2,369
6.5,0,2,390,0,2,399
6.5,0,2,361,0,2,386
6.5,0,2,391,0,2,347
6.5,0,2,415,0,2,375
6.5,0,2,380,0,2,389
6.5,0,2,363,0,2,378
6.5,0,2,406,0,2,383
6.5,0,2,398,0,2,431
6.5,0,2,383,0,2,354
6.5,0,2,381,0,2,385
6.5,0,2,382,0,2,365
6.5,0,2,385,0,2,364
6.5,0,2,391,0,2,374
6.5,0,2,397,0,2,389
6.5,0,2,414,0,2,393
6.5,0,2,391,0,2,399
6.5,0,2,368,0,2,378
6.5,0,2,391,0,2,363
6.5,0,2,363,0,2,409
6.5,0,2,406,0,2,346
6.5,0,2,408,0,2,409
6.5,0,2,394,0,2,383
6.5,0,2,369,0,2,379
6.5,0,2,396,0,2,396
6.5,0,2,384,0,2,365
6.5,0,2,388,0,2,357
6.5,0,2,407,0,2,355
6.5,0,2,369,0,2,377
6.5,0,2,372,0,2,396
6.5,0,2,378,0,2,408
6.5,0,2,370,0,2,356
6.5,0,2,380,0,2,411
6.5,0,2,360,0,2,372
6.5,0,2,374,0,2,434
6.5,0,2,365,0,2,418
6.5,0,2,416,0,2,360
6.5,0,2,354,0,2,356
7,0,2,389,0,2,389
7,0,2,399,0,2,362
7,0,2,387,0,2,408
7,0,2,371,0,2,406
7,0,2,362,0,2,389
7,0,2,383,0,2,378
7,0,2,411,0,2,394
7,0,2,407,0,2,366
7,0,2,379,0,2,351
7,0,2,393,0,2,384
7,0,2,363,0,2,392
7,0,2,354,0,2,376
7,0,2,367,0,2,409
7,0,2,379,0,2,379
7,0,2,406,0,2,395
7,0,2,372,0,2,394
7,0,2,409,0,2,399
7,0,2,411,0,2,358
7,0,2,384,0,2,381
7,0,2,408,0,2,365
7,0,2,432,0,2,381
7,0,2,390,0,2,378
7,0,2,387,0,2,362
7,0,2,385,0,2,399
7,0,2,366,0,2,349
7,0,2,382,0,2,378
7,0,2,386,0,2,390
7,0,2,407,0,2,382
7,0,2,397,0,2,390
7,0,2,363,0,2,379
7,0,2,415,0,2,401
7,0,2,403,0,2,388
7,0,2,394,0,2,382
7,0,2,391,0,2,365
7,0,2,372,0,2,410
7,0,2,400,0,2,403
7,0,2,431,0,2,389
7,0,2,395,0,2,365
7,0,2,391,0,2,377
7,0,2,372,0,2,359
7,0,2,333,0,2,373
7,0,2,374,0,2,378
7,0,2,374,0,2,359
7,0,2,344,0,2,374
7,0,2,408,0,2,407
7,0,2,409,0,2,389
7,0,2,399,0,2,401
7,0,2,401,0,2,410
7,0,2,396,0,2,355
7,0,2,402,0,2,374
7,0,2,398,0,2,392
7,0,2,430,0,2,389
7,0,2,353,0,2,414
7,0,2,395,0,2,386
7,0,2,376,0,2,437
7,0,2,370,0,2,386
7,0,2,340,0,2,377
7,0,2,370,0,2,434
7,0,2,369,0,2,359
7,0,2,397,0,2,366
7,0,2,410,0,2,398
7,0,2,363,0,2,382
7,0,2,371,0,2,349
7,0,2,421,0,2,374
7,0,2,385,0,2,407
7,0,2,410,0,2,432
7,0,2,391,0,2,375
7,0,2,368,0,2,415
7,0,2,409,0,2,412
7,0,2,354,0,2,380
7,0,2,391,0,2,379
7,0,2,398,0,2,392
7,0,2,377,0,2,391
7,0,2,367,0,2,368
7,0,2,408,0,2,397
7,0,2,343,0,2,400
7,0,2,402,0,2,427
7,0,2,368,0,2,405
7,0,2,404,0,2,358
7,0,2,384,0,2,390
7,0,2,401,0,2,402
7,0,2,395,0,2,380
7,0,2,415,0,2,373
7,0,2,405,0,2,379
7,0,2,412,0,2,419
7,0,2,428,0,2,404
7,0,2,444,0,2,399
7,0,2,393,0,2,423
7,0,2,392,0,2,397
7,0,2,413,0,2,370
7,0,2,394,0,2,413
7,0,2,382,0,2,401
7,0,2,352,0,2,368
7,0,2,407,0,2,356
7,0,2,438,0,2,373
7,0,2,368,0,2,365
7,0,2,377,0,2,388
7,0,2,421,0,2,434
7,0,2,389,0,2,404
7,0,2,371,0,2,321
7,0,2,328,0,2,378
7,0,2,408,0,2,413
7,0,2,380,0,2,402
7,0,2,398,0,2,392
7,0,2,396,0,2,369
7,0,2,388,0,2,365
7,0,2,411,0,2,399
7,0,2,371,0,2,398
7,0,2,386,0,2,391
7,0,2,382,0,2,405
7,0,2,363,0,2,385
7,0,2,389,0,2,366
7,0,2,359,0,2,359
7,0,2,397,0,2,359
7,0,2,386,0,2,381
7,0,2,371,0,2,369
7,0,2,373,0,2,421
7,0,2,396,0,2,380
7,0,2,376,0,2,370
7,0,2,395,0,2,390
7,0,2,364,0,2,407
7,0,2,367,0,2,393
7,0,2,380,0,2,418
7,0,2,398,0,2,389
7,0,2,374,0,2,407
7,0,2,414,0,2,442
7,0,2,381,0,2,402
7,0,2,372,0,2,409
7,0,2,376,0,2,357
7,0,2,394,0,2,394
7,0,2,414,0,2,408
7,0,2,362,0,2,402
7,0,2,378,0,2,390
7,0,2,402,0,2,375
7,0,2,356,0,2,421
7,0,2,412,0,2,372
7,0,2,388,0,2,360
7,0,2,414,0,2,383
7,0,2,396,0,2,384
7,0,2,403,0,2,369
7,0,2,375,0,2,394
7,0,2,384,0,2,405
7,0,2,372,0,2,353
7,0,2,372,0,2,377
7,0,2,383,0,2,378
7,0,2,377,0,2,393
7,0,2,408,0,2,425
7,0,2,368,0,2,381
7,0,2,410,0,2,381
7,0,2,390,0,2,388
7,0,2,364,0,2,424
7,0,2,410,0,2,390
7,0,2,397,0,2,374
7,0,2,420,0,2,369
7,0,2,369,0,2,338
7,0,2,382,0,2,397
7,0,2,381,0,2,373
7,0,2,406,0,2,415
7,0,2,367,0,2,338
7,0,2,366,0,2,371
7,0,2,383,0,2,385
7,0,2,365,0,2,378
7,0,2,379,0,2,410
7,0,2,375,0,2,358
7,0,2,397,0,2,384
7,0,2,376,0,2,353
7,0,2,401,0,2,369
7,0,2,390,0,2,374
7,0,2,349,0,2,408
7,0,2,379,0,2,433
7,0,2,403,0,2,375
7,0,2,403,0,2,401
7,0,2,381,0,2,384
7,0,2,377,0,2,390
7,0,2,374,0,2,415
7,0,2,385,0,2,402
7,0,2,390,0,2,413
7,0,2,359,0,2,360
7,0,2,362,0,2,361
7,0,2,365,0,2,396
7,0,2,394,0,2,405
7,0,2,390,0,2,430
7,0,2,417,0,2,398
7,0,2,414,0,2,401
7,0,2,384,0,2,383
7,0,2,362,0,2,389
7,0,2,341,0,2,424
7,0,2,372,0,2,368
7,0,2,400,0,2,354
7,0,2,386,0,2,377
7,0,2,387,0,2,379
7,0,2,406,0,2,366
7,0,2,335,1,1,374
7,0,2,390,0,2,381
7,0,2,407,0,2,404
7,0,2,384,0,2,360
7,0,2,400,0,2,367
7,0,2,375,0,2,393
7,0,2,386,0,2,368
7,0,2,372,0,2,398
7.5,0,2,405,0,2,386
7.5,0,2,387,0,2,445
7.5,0,2,399,0,2,386
7.5,0,2,371,0,2,392
7.5,0,2,402,0,2,396
7.5,0,2,390,0,2,389
7.5,0,2,375,0,2,388
7.5,0,2,383,0,2,374
7.5,0,2,394,0,2,389
7.5,0,2,426,0,2,387
7.5,0,2,377,0,2,364
7.5,0,2,359,0,2,402
7.5,0,2,386,0,2,328
7.5,0,2,408,0,2,401
7.5,0,2,406,0,2,384
7.5,0,2,421,0,2,395
7.5,0,2,392,0,2,403
7.5,0,2,375,0,2,412
7.5,0,2,377,0,2,409
7.5,0,2,353,0,2,377
7.5,0,2,401,0,2,410
7.5,0,2,391,0,2,366
7.5,0,2,396,0,2,391
7.5,0,2,363,0,2,390
7.5,0,2,386,0,2,389
7.5,0,2,370,0,2,374
7.5,0,2,411,0,2,379
7.5,0,2,404,0,2,366
7.5,0,2,388,0,2,402
7.5,0,2,352,0,2,373
7.5,0,2,414,0,2,396
7.5,0,2,397,0,2,388
7.5,0,2,396,0,2,407
7.5,0,2,420,0,2,393
7.5,0,2,389,0,2,369
7.5,0,2,357,0,2,380
7.5,0,2,376,0,2,397
7.5,0,2,389,0,2,393
7.5,0,2,402,0,2,380
7.5,0,2,374,0,2,387
7.5,0,2,394,0,2,415
7.5,0,2,419,0,2,404
7.5,0,2,394,0,2,389
7.5,0,2,398,0,2,419
7.5,0,2,392,0,2,403
7.5,0,2,372,0,2,363
7.5,0,2,426,0,2,416
7.5,0,2,404,0,2,400
7.5,0,2,399,0,2,382
7.5,0,2,355,0,2,408
7.5,0,2,398,0,2,398
7.5,0,2,416,0,2,409
7.5,0,2,397,0,2,376
7.5,0,2,361,0,2,397
7.5,0,2,410,1,1,377
7.5,0,2,398,0,2,371
7.5,0,2,387,0,2,400
7.5,0,2,397,0,2,411
7.5,0,2,391,0,2,403
7.5,0,2,385,0,2,373
7.5,0,2,349,0,2,338
7.5,0,2,382,0,2,349
7.5,0,2,399,0,2,383
7.5,0,2,350,0,2,384
7.5,0,2,374,0,2,381
7.5,0,2,367,0,2,353
7.5,0,2,414,0,2,385
7.5,0,2,375,0,2,397
7.5,0,2,404,0,2,351
7.5,0,2,364,0,2,397
7.5,0,2,376,0,2,369
7.5,0,2,359,0,2,417
7.5,0,2,353,0,2,390
7.5,0,2,411,0,2,394
7.5,0,2,392,0,2,400
7.5,0,2,371,0,2,403
7.5,0,2,376,0,2,416
7.5,0,2,389,0,2,372
7.5,0,2,408,0,2,377
7.5,0,2,390,0,2,363
7.5,0,2,337,0,2,391
7.5,0,2,389,0,2,394
7.5,0,2,364,0,2,413
7.5,0,2,374,0,2,361
7.5,0,2,416,0,2,426
7.5,0,2,374,0,2,378
7.5,0,2,389,0,2,423
7.5,0,2,402,0,2,423
7.5,0,2,418,0,2,398
7.5,0,2,357,0,2,393
7.5,0,2,378,0,2,397
7.5,0,2,390,0,2,370
7.5,0,2,417,0,2,377
7.5,0,2,431,0,2,405
7.5,0,2,394,0,2,436
7.5,0,2,401,0,2,388
7.5,0,2,396,0,2,398
7.5,0,2,396,0,2,413
7.5,0,2,380,0,2,364
7.5,0,2,421,0,2,394
7.5,0,2,421,0,2,367
7.5,0,2,382,0,2,406
7.5,0,2,400,0,2,393
7.5,0,2,381,0,2,387
7.5,0,2,373,0,2,384
7.5,0,2,387,0,2,412
7.5,0,2,405,0,2,401
7.5,0,2,363,0,2,374
7.5,0,2,413,0,2,411
7.5,0,2,379,0,2,389
7.5,0,2,392,0,2,387
7.5,0,2,374,0,2,375
7.5,0,2,400,0,2,359
7.5,0,2,443,0,2,384
7.5,0,2,398,0,2,348
7.5,0,2,415,0,2,392
7.5,0,2,397,1,1,406
7.5,0,2,403,0,2,397
7.5,0,2,373,0,2,375
7.5,0,2,406,0,2,414
7.5,0,2,397,0,2,387
7.5,0,2,365,0,2,348
7.5,0,2,366,0,2,403
7.5,0,2,371,0,2,383
7.5,0,2,376,0,2,414
7.5,0,2,414,0,2,367
7.5,0,2,399,0,2,406
7.5,0,2,397,0,2,402
7.5,0,2,389,0,2,361
7.5,0,2,426,0,2,386
7.5,0,2,405,0,2,375
7.5,0,2,346,0,2,401
7.5,0,2,412,0,2,389
7.5,0,2,419,0,2,396
7.5,0,2,375,0,2,385
7.5,0,2,358,0,2,405
7.5,0,2,396,0,2,391
7.5,0,2,424,0,2,402
7.5,0,2,411,0,2,369
7.5,0,2,359,0,2,374
7.5,0,2,405,0,2,365
7.5,0,2,419,0,2,404
7.5,0,2,402,0,2,394
7.5,0,2,393,0,2,418
7.5,0,2,386,0,2,380
7.5,0,2,397,0,2,406
7.5,0,2,351,0,2,442
7.5,0,2,387,0,2,393
7.5,0,2,392,0,2,399
7.5,0,2,430,0,2,385
7.5,0,2,396,0,2,422
7.5,0,2,405,0,2,366
7.5,0,2,386,0,2,386
7.5,0,2,369,0,2,372
7.5,0,2,414,0,2,426
7.5,0,2,373,0,2,421
7.5,0,2,414,0,2,434
7.5,0,2,376,0,2,423
7.5,0,2,348,0,2,396
7.5,0,2,422,0,2,373
7.5,0,2,374,0,2,382
7.5,0,2,369,0,2,418
7.5,0,2,387,0,2,418
7.5,0,2,388,0,2,392
7.5,0,2,415,0,2,383
7.5,0,2,395,0,2,416
7.5,0,2,400,0,2,381
7.5,0,2,392,0,2,411
7.5,0,2,400,0,2,382
7.5,0,2,389,0,2,347
7.5,0,2,388,0,2,390
7.5,0,2,412,0,2,373
7.5,0,2,421,0,2,436
7.5,0,2,355,0,2,398
7.5,0,2,402,0,2,401
7.5,0,2,409,0,2,388
7.5,0,2,378,0,2,387
7.5,0,2,403,0,2,374
7.5,0,2,382,0,2,394
7.5,0,2,369,0,2,425
7.5,0,2,383,0,2,397
7.5,0,2,401,0,2,398
7.5,0,2,414,0,2,382
7.5,0,2,369,0,2,384
7.5,0,2,386,0,2,402
7.5,0,2,411,0,2,393
7.5,0,2,365,0,2,397
7.5,0,2,386,0,2,379
7.5,0,2,392,0,2,395
7.5,0,2,379,0,2,387
7.5,0,2,436,0,2,393
7.5,0,2,385,0,2,434
7.5,0,2,393,0,2,371
7.5,0,2,393,0,2,415
7.5,0,2,409,0,2,414
7.5,0,2,386,0,2,394
7.5,0,2,370,0,2,361
7.5,0,2,373,0,2,391
7.5,0,2,426,0,2,373
7.5,0,2,437,0,2,367
8,0,2,363,0,2,420
8,0,2,356,0,2,388
8,0,2,410,1,1,399
8,0,2,405,0,2,353
8,0,2,382,0,2,395
8,0,2,377,0,2,384
8,0,2,398,0,2,420
8,0,2,362,0,2,371
8,0,2,394,0,2,358
8,0,2,384,0,2,366
8,0,2,396,0,2,420
8,0,2,361,0,2,373
8,0,2,347,0,2,382
8,0,2,371,0,2,363
8,0,2,402,0,2,392
8,0,2,400,0,2,425
8,0,2,447,0,2,395
8,0,2,410,0,2,372
8,0,2,393,0,2,418
8,0,2,414,0,2,396
8,0,2,361,0,2,379
8,0,2,395,0,2,384
8,0,2,401,0,2,394
8,0,2,376,0,2,385
8,0,2,362,0,2,384
8,0,2,408,0,2,396
8,0,2,392,0,2,413
8,0,2,394,0,2,378
8,0,2,390,0,2,422
8,0,2,394,0,2,366
8,0,2,393,0,2,365
8,0,2,381,0,2,381
8,0,2,372,0,2,380
8,0,2,401,0,2,398
8,0,2,376,0,2,384
8,0,2,401,0,2,402
8,0,2,386,0,2,413
8,0,2,408,0,2,402
8,0,2,408,0,2,364
8,0,2,368,0,2,389
8,0,2,414,0,2,430
8,0,2,397,0,2,368
8,0,2,399,0,2,386
8,0,2,374,0,2,398
8,0,2,375,0,2,383
8,0,2,391,0,2,359
8,0,2,402,0,2,417
8,0,2,372,0,2,383
8,0,2,377,0,2,387
8,0,2,381,0,2,401
8,0,2,387,0,2,394
8,0,2,365,0,2,394
8,0,2,386,0,2,402
8,0,2,368,0,2,328
8,0,2,369,0,2,411
8,0,2,349,0,2,387
8,0,2,415,0,2,401
8,0,2,404,0,2,413
8,0,2,379,0,2,385
8,0,2,421,0,2,428
8,0,2,371,0,2,373
8,0,2,380,0,2,415
8,0,2,346,0,2,383
8,0,2,425,0,2,368
8,0,2,380,0,2,403
8,0,2,439,0,2,358
8,0,2,370,0,2,372
8,0,2,389,0,2,355
8,0,2,402,0,2,444
8,0,2,385,0,2,395
8,0,2,399,0,2,433
8,0,2,394,0,2,384
8,0,2,402,0,2,391
8,0,2,415,0,2,428
8,0,2,395,0,2,388
8,0,2,382,0,2,434
8,0,2,383,0,2,406
8,0,2,388,0,2,378
8,0,2,385,0,2,386
8,0,2,381,0,2,395
8,0,2,403,0,2,407
8,0,2,383,0,2,405
8,0,2,411,0,2,399
8,0,2,356,0,2,379
8,0,2,413,0,2,400
8,0,2,393,0,2,390
8,0,2,406,0,2,400
8,0,2,388,0,2,406
8,0,2,396,0,2,414
8,0,2,391,0,2,412
8,0,2,356,0,2,389
8,0,2,406,0,2,429
8,0,2,421,0,2,330
8,0,2,411,0,2,388
8,0,2,382,0,2,369
8,0,2,419,0,2,394
8,0,2,372,0,2,359
8,0,2,403,0,2,370
8,0,2,372,0,2,401
8,0,2,391,0,2,396
8,0,2,376,0,2,371
8,0,2,401,0,2,365
8,0,2,341,0,2,409
8,0,2,366,0,2,392
8,0,2,406,0,2,382
8,0,2,385,0,2,406
8,0,2,377,0,2,393
8,0,2,404,0,2,347
8,0,2,387,0,2,415
8,0,2,419,0,2,380
8,0,2,388,0,2,383
8,0,2,395,0,2,400
8,0,2,413,0,2,395
8,0,2,408,0,2,375
8,0,2,372,0,2,378
8,0,2,372,0,2,392
8,0,2,369,0,2,418
8,0,2,361,0,2,428
8,0,2,392,0,2,438
8,0,2,367,0,2,339
8,0,2,403,0,2,422
8,0,2,444,0,2,407
8,0,2,429,0,2,358
8,0,2,379,0,2,419
8,0,2,364,0,2,369
8,0,2,422,0,2,408
8,0,2,390,0,2,377
8,0,2,391,0,2,405
8,0,2,382,0,2,389
8,0,2,372,0,2,370
8,0,2,375,0,2,394
8,0,2,416,0,2,384
8,0,2,382,0,2,391
8,0,2,346,0,2,401
8,0,2,405,0,2,421
8,0,2,358,0,2,387
8,0,2,365,0,2,369
8,0,2,369,0,2,387
8,0,2,405,0,2,365
8,0,2,416,0,2,403
8,0,2,381,0,2,392
8,0,2,400,0,2,360
8,0,2,390,0,2,383
8,0,2,363,0,2,346
8,0,2,385,0,2,389
8,0,2,387,0,2,415
8,0,2,357,0,2,391
8,0,2,388,0,2,426
8,0,2,398,0,2,373
8,0,2,409,0,2,372
8,0,2,400,0,2,383
8,0,2,374,0,2,373
8,0,2,378,0,2,389
8,0,2,401,0,2,381
8,0,2,389,0,2,419
8,0,2,421,0,2,371
8,0,2,376,0,2,374
8,0,2,368,0,2,400
8,0,2,404,0,2,358
8,0,2,375,0,2,391
8,0,2,420,0,2,393
8,0,2,371,0,2,398
8,0,2,399,0,2,408
8,0,2,380,0,2,395
8,0,2,419,0,2,415
8,0,2,365,0,2,369
8,0,2,345,0,2,383
8,0,2,405,0,2,391
8,0,2,403,0,2,387
8,0,2,427,0,2,415
8,0,2,391,0,2,355
8,0,2,407,0,2,411
8,0,2,378,0,2,351
8,0,2,402,0,2,401
8,0,2,368,0,2,422
8,0,2,381,0,2,404
8,0,2,361,0,2,413
8,0,2,399,0,2,404
8,0,2,410,0,2,401
8,0,2,424,0,2,367
8,0,2,409,0,2,407
8,1,1,358,0,2,388
8,0,2,403,0,2,373
8,0,2,360,0,2,411
8,0,2,382,0,2,396
8,0,2,387,0,2,416
8,0,2,402,0,2,374
8,0,2,380,0,2,392
8,0,2,382,0,2,360
8,0,2,425,0,2,403
8,0,2,407,0,2,394
8,0,2,363,0,2,392
8,0,2,380,0,2,382
8,0,2,360,0,2,379
8,0,2,396,0,2,387
8,0,2,380,0,2,386
8,0,2,377,0,2,397
8,0,2,385,0,2,448
8,0,2,380,0,2,370
8,0,2,401,0,2,395
8.5,0,2,386,0,2,415
8.5,1,1,303,0,2,379
8.5,0,2,412,0,2,424
8.5,0,2,385,0,2,420
8.5,0,2,416,0,2,384
8.5,0,2,442,0,2,401
8.5,0,2,382,0,2,378
8.5,0,2,395,0,2,392
8.5,0,2,380,0,2,357
8.5,0,2,415,0,2,388
8.5,0,2,400,0,2,386
8.5,0,2,419,0,2,435
8.5,0,2,436,0,2,388
8.5,0,2,448,0,2,384
8.5,0,2,412,0,2,397
8.5,0,2,447,0,2,413
8.5,0,2,393,0,2,382
8.5,0,2,463,0,2,394
8.5,0,2,370,0,2,406
8.5,0,2,396,0,2,370
8.5,0,2,427,0,2,376
8.5,0,2,371,0,2,391
8.5,0,2,413,0,2,403
8.5,0,2,388,0,2,391
8.5,0,2,377,0,2,406
8.5,0,2,420,0,2,405
8.5,0,2,409,0,2,337
8.5,0,2,385,0,2,396
8.5,0,2,428,0,2,444
8.5,0,2,387,0,2,396
8.5,0,2,434,0,2,395
8.5,0,2,392,0,2,389
8.5,0,2,399,0,2,382
8.5,0,2,381,0,2,418
8.5,0,2,389,0,2,432
8.5,0,2,397,0,2,397
8.5,0,2,391,0,2,371
8.5,0,2,381,0,2,374
8.5,0,2,395,0,2,394
8.5,0,2,335,0,2,392
8.5,0,2,420,0,2,421
8.5,0,2,397,0,2,391
8.5,0,2,388,0,2,394
8.5,0,2,388,0,2,380
8.5,0,2,389,0,2,417
8.5,0,2,379,0,2,406
8.5,0,2,392,0,2,371
8.5,0,2,405,0,2,398
8.5,0,2,403,0,2,391
8.5,0,2,426,0,2,393
8.5,0,2,412,0,2,435
8.5,0,2,407,0,2,390
8.5,0,2,406,0,2,408
8.5,0,2,378,0,2,408
8.5,0,2,391,0,2,422
8.5,0,2,401,0,2,380
8.5,0,2,412,0,2,384
8.5,0,2,431,0,2,399
8.5,0,2,393,0,2,369
8.5,0,2,405,0,2,387
8.5,0,2,427,0,2,413
8.5,0,2,424,0,2,442
8.5,0,2,399,0,2,375
8.5,0,2,406,0,2,411
8.5,0,2,411,0,2,375
8.5,0,2,416,0,2,392
8.5,0,2,386,0,2,381
8.5,0,2,410,0,2,392
8.5,0,2,408,0,2,359
8.5,0,2,386,0,2,397
8.5,0,2,399,0,2,398
8.5,0,2,408,0,2,397
8.5,0,2,402,0,2,421
8.5,0,2,412,0,2,385
8.5,0,2,370,0,2,398
8.5,0,2,423,0,2,383
8.5,0,2,372,0,2,398
8.5,0,2,377,0,2,391
8.5,0,2,402,0,2,407
8.5,0,2,387,0,2,354
8.5,0,2,425,0,2,413
8.5,0,2,391,0,2,398
8.5,0,2,389,0,2,353
8.5,0,2,403,0,2,367
8.5,0,2,389,0,2,390
8.5,0,2,395,0,2,384
8.5,0,2,393,0,2,367
8.5,0,2,428,0,2,371
8.5,0,2,401,0,2,420
8.5,0,2,382,0,2,388
8.5,0,2,370,0,2,393
8.5,0,2,397,0,2,421
8.5,0,2,398,0,2,401
8.5,0,2,418,0,2,421
8.5,1,1,385,0,2,379
8.5,0,2,425,0,2,413
8.5,0,2,415,0,2,394
8.5,0,2,359,0,2,381
8.5,0,2,424,0,2,399
8.5,0,2,428,0,2,377
8.5,0,2,387,0,2,389
8.5,0,2,392,0,2,397
8.5,0,2,390,0,2,414
8.5,0,2,387,0,2,387
8.5,0,2,428,0,2,411
8.5,0,2,374,0,2,408
8.5,0,2,443,0,2,385
8.5,0,2,381,0,2,417
8.5,0,2,372,0,2,361
8.5,0,2,382,0,2,404
8.5,0,2,430,0,2,388
8.5,0,2,375,0,2,398
8.5,0,2,411,0,2,394
8.5,0,2,380,0,2,393
8.5,0,2,398,0,2,410
8.5,0,2,392,0,2,388
8.5,0,2,391,0,2,380
8.5,0,2,384,0,2,365
8.5,0,2,378,0,2,408
8.5,0,2,397,0,2,375
8.5,0,2,407,0,2,334
8.5,0,2,383,0,2,378
8.5,0,2,338,0,2,372
8.5,0,2,401,0,2,390
8.5,0,2,400,0,2,414
8.5,0,2,377,0,2,391
8.5,0,2,378,0,2,391
8.5,0,2,412,0,2,403
8.5,0,2,386,0,2,350
8.5,0,2,404,0,2,422
8.5,0,2,363,0,2,407
8.5,0,2,410,0,2,407
8.5,0,2,354,0,2,381
8.5,0,2,397,0,2,339
8.5,0,2,403,0,2,376
8.5,0,2,411,0,2,422
8.5,0,2,369,0,2,403
8.5,0,2,409,0,2,406
8.5,0,2,400,0,2,386
8.5,0,2,410,0,2,351
8.5,0,2,418,0,2,381
8.5,0,2,424,0,2,399
8.5,0,2,434,0,2,403
8.5,0,2,369,0,2,383
8.5,0,2,362,0,2,381
8.5,0,2,383,0,2,379
8.5,0,2,404,0,2,379
8.5,0,2,407,0,2,397
8.5,0,2,406,0,2,374
8.5,0,2,374,0,2,398
8.5,0,2,424,0,2,386
8.5,0,2,427,0,2,384
8.5,0,2,352,0,2,397
8.5,0,2,405,0,2,413
8.5,0,2,446,0,2,407
8.5,0,2,429,0,2,379
8.5,0,2,438,0,2,411
8.5,0,2,378,0,2,405
8.5,0,2,401,0,2,375
8.5,0,2,385,0,2,407
8.5,0,2,384,0,2,411
8.5,0,2,397,0,2,408
8.5,0,2,401,0,2,399
8.5,0,2,381,0,2,350
8.5,0,2,383,0,2,381
8.5,0,2,359,0,2,384
8.5,0,2,364,0,2,394
8.5,0,2,397,0,2,395
8.5,0,2,397,0,2,416
8.5,0,2,413,0,2,399
8.5,0,2,425,0,2,387
8.5,0,2,385,0,2,366
8.5,0,2,374,0,2,380
8.5,0,2,391,0,2,365
8.5,0,2,440,0,2,443
8.5,0,2,369,0,2,388
8.5,0,2,401,0,2,346
8.5,0,2,383,0,2,389
8.5,0,2,397,0,2,392
8.5,0,2,409,0,2,440
8.5,0,2,385,0,2,383
8.5,0,2,429,0,2,406
8.5,0,2,403,0,2,407
8.5,0,2,416,0,2,411
8.5,0,2,396,0,2,399
8.5,0,2,372,0,2,366
8.5,0,2,419,0,2,371
8.5,0,2,385,0,2,424
8.5,0,2,408,0,2,406
8.5,0,2,431,0,2,381
8.5,0,2,415,0,2,399
8.5,0,2,376,0,2,386
8.5,0,2,386,0,2,388
8.5,0,2,395,0,2,404
8.5,0,2,378,0,2,380
8.5,0,2,413,0,2,411
8.5,0,2,406,0,2,395
8.5,0,2,402,0,2,355
8.5,0,2,414,0,2,420
8.5,0,2,367,0,2,399
9,0,2,410,0,2,408
9,0,2,396,0,2,411
9,0,2,402,0,2,389
9,0,2,391,0,2,357
9,0,2,372,0,2,414
9,0,2,422,0,2,396
9,0,2,395,0,2,412
9,0,2,399,0,2,377
9,0,2,423,0,2,398
9,0,2,361,0,2,395
9,0,2,371,0,2,364
9,0,2,414,0,2,403
9,0,2,415,0,2,392
9,0,2,386,0,2,394
9,0,2,370,0,2,400
9,0,2,405,0,2,391
9,0,2,405,0,2,404
9,0,2,385,0,2,379
9,0,2,403,0,2,400
9,0,2,416,0,2,399
9,0,2,337,0,2,410
9,0,2,399,0,2,412
9,0,2,425,0,2,380
9,0,2,404,0,2,415
9,0,2,377,0,2,371
9,0,2,424,0,2,357
9,0,2,407,0,2,395
9,0,2,362,0,2,397
9,0,2,395,0,2,399
9,0,2,404,0,2,378
9,0,2,380,0,2,391
9,0,2,406,0,2,422
9,0,2,364,0,2,380
9,0,2,434,0,2,395
9,0,2,411,0,2,392
9,0,2,383,0,2,357
9,0,2,397,0,2,383
9,0,2,436,0,2,435
9,0,2,442,0,2,401
9,0,2,388,0,2,388
9,0,2,403,0,2,400
9,0,2,391,0,2,414
9,0,2,417,0,2,428
9,0,2,383,0,2,391
9,0,2,356,0,2,394
9,0,2,394,0,2,381
9,0,2,394,0,2,396
9,0,2,390,0,2,384
9,0,2,399,0,2,406
9,0,2,389,0,2,377
9,0,2,421,0,2,380
9,0,2,382,0,2,400
9,0,2,399,0,2,404
9,0,2,393,0,2,379
9,0,2,425,0,2,398
9,0,2,345,0,2,426
9,0,2,398,0,2,360
9,0,2,373,0,2,389
9,0,2,412,0,2,409
9,0,2,393,0,2,407
9,0,2,391,0,2,380
9,0,2,387,0,2,428
9,0,2,395,0,2,384
9,0,2,394,0,2,388
9,0,2,417,0,2,369
9,0,2,414,0,2,397
9,0,2,387,0,2,365
9,0,2,388,0,2,392
9,0,2,427,0,2,367
9,0,2,378,0,2,352
9,0,2,353,0,2,363
9,0,2,415,0,2,404
9,0,2,395,0,2,416
9,0,2,423,0,2,381
9,0,2,435,0,2,411
9,0,2,371,0,2,428
9,0,2,384,0,2,372
9,0,2,410,0,2,396
9,0,2,395,0,2,394
9,0,2,387,0,2,390
9,0,2,420,0,2,370
9,0,2,366,0,2,375
9,0,2,413,0,2,384
9,0,2,425,0,2,401
9,0,2,424,0,2,414
9,0,2,380,0,2,390
9,0,2,384,0,2,382
9,0,2,393,0,2,415
9,0,2,407,0,2,382
9,0,2,393,0,2,367
9,0,2,435,0,2,424
9,0,2,424,0,2,363
9,0,2,404,0,2,425
9,0,2,383,0,2,411
9,0,2,444,0,2,377
9,0,2,422,0,2,432
9,0,2,383,0,2,387
9,0,2,415,0,2,396
9,0,2,364,0,2,393
9,0,2,388,0,2,395
9,0,2,376,0,2,401
9,0,2,406,0,2,419
9,0,2,371,0,2,411
9,0,2,372,0,2,405
9,0,2,360,0,2,409
9,0,2,431,0,2,421
9,0,2,374,0,2,410
9,0,2,395,0,2,396
9,0,2,388,0,2,377
9,0,2,398,0,2,405
9,0,2,402,0,2,408
9,0,2,377,0,2,415
9,0,2,425,0,2,372
9,0,2,350,0,2,401
9,0,2,409,0,2,399
9,0,2,373,0,2,397
9,0,2,385,0,2,393
9,0,2,395,0,2,406
9,0,2,376,0,2,406
9,0,2,374,0,2,401
9,0,2,394,0,2,388
9,0,2,411,0,2,412
9,0,2,403,0,2,406
9,0,2,362,0,2,409
9,0,2,372,0,2,412
9,0,2,418,0,2,381
9,0,2,391,0,2,418
9,0,2,408,0,2,393
9,0,2,405,0,2,411
9,0,2,423,0,2,379
9,0,2,394,0,2,414
9,0,2,405,0,2,405
9,0,2,397,0,2,418
9,0,2,365,0,2,393
9,0,2,411,0,2,363
9,0,2,458,0,2,394
9,0,2,376,0,2,388
9,0,2,387,0,2,438
9,0,2,430,0,2,363
9,0,2,404,0,2,375
9,0,2,363,0,2,426
9,0,2,390,0,2,399
9,0,2,399,0,2,403
9,0,2,378,0,2,393
9,0,2,391,0,2,401
9,0,2,413,0,2,387
9,0,2,434,0,2,380
9,0,2,418,0,2,369
9,0,2,401,0,2,389
9,0,2,427,0,2,381
9,0,2,386,0,2,339
9,0,2,395,0,2,439
9,0,2,433,0,2,381
9,0,2,374,0,2,380
9,0,2,386,0,2,391
9,0,2,384,0,2,393
9,0,2,431,0,2,377
9,0,2,398,0,2,401
9,0,2,421,0,2,373
9,0,2,371,0,2,402
9,0,2,426,0,2,406
9,0,2,407,0,2,392
9,0,2,346,0,2,397
9,0,2,388,0,2,430
9,0,2,371,0,2,435
9,0,2,438,0,2,405
9,0,2,420,0,2,371
9,0,2,369,0,2,397
9,0,2,414,0,2,385
9,0,2,391,0,2,420
9,0,2,386,0,2,423
9,0,2,422,0,2,370
9,0,2,402,0,2,405
9,0,2,419,0,2,382
9,0,2,393,0,2,376
9,0,2,387,0,2,384
9,0,2,378,0,2,378
9,0,2,383,0,2,377
9,0,2,384,0,2,363
9,0,2,391,0,2,408
9,0,2,432,0,2,443
9,0,2,358,0,2,377
9,0,2,404,0,2,380
9,0,2,389,0,2,403
9,0,2,390,0,2,380
9,0,2,397,0,2,395
9,0,2,425,0,2,346
9,0,2,399,0,2,386
9,0,2,398,0,2,392
9,0,2,392,0,2,395
9,0,2,392,0,2,378
9,0,2,356,0,2,418
9,0,2,389,0,2,414
9,0,2,416,0,2,392
9,0,2,403,0,2,397
9,0,2,440,0,2,405
9,0,2,397,0,2,384
9,0,2,400,0,2,382
9,0,2,399,0,2,375
9,0,2,438,0,2,377
9.5,0,2,410,0,2,404
9.5,0,2,441,0,2,401
9.5,0,2,356,0,2,417
9.5,0,2,420,0,2,393
9.5,0,2,375,0,2,380
9.5,0,2,409,0,2,419
9.5,0,2,425,0,2,384
9.5,0,2,403,0,2,406
9.5,0,2,367,0,2,406
9.5,0,2,398,0,2,392
9.5,0,2,468,0,2,409
9.5,0,2,387,0,2,366
9.5,0,2,393,0,2,404
9.5,0,2,425,0,2,367
9.5,0,2,387,0,2,394
9.5,0,2,376,0,2,399
9.5,0,2,360,0,2,413
9.5,0,2,380,0,2,384
9.5,0,2,378,0,2,396
9.5,0,2,409,0,2,411
9.5,0,2,405,0,2,388
9.5,0,2,390,0,2,399
9.5,0,2,377,0,2,384
9.5,0,2,440,0,2,404
9.5,0,2,403,0,2,353
9.5,0,2,389,0,2,404
9.5,0,2,393,0,2,395
9.5,0,2,455,0,2,343
9.5,0,2,402,0,2,416
9.5,0,2,395,0,2,379
9.5,0,2,410,0,2,398
9.5,0,2,351,0,2,394
9.5,0,2,405,0,2,418
9.5,0,2,418,0,2,414
9.5,0,2,372,0,2,396
9.5,0,2,407,0,2,378
9.5,0,2,436,0,2,385
9.5,0,2,393,0,2,387
9.5,0,2,417,0,2,374
9.5,0,2,352,0,2,385
9.5,0,2,387,0,2,389
9.5,0,2,422,0,2,414
9.5,0,2,378,0,2,387
9.5,0,2,400,0,2,430
9.5,0,2,404,0,2,358
9.5,0,2,399,0,2,425
9.5,0,2,428,0,2,396
9.5,0,2,424,0,2,391
9.5,0,2,415,0,2,419
9.5,0,2,407,0,2,382
9.5,0,2,384,0,2,416
9.5,0,2,401,0,2,404
9.5,0,2,391,0,2,409
9.5,0,2,365,0,2,396
9.5,0,2,392,0,2,408
9.5,0,2,398,0,2,408
9.5,0,2,365,0,2,433
9.5,0,2,381,0,2,420
9.5,0,2,407,0,2,386
9.5,0,2,378,0,2,387
9.5,0,2,404,0,2,373
9.5,0,2,400,0,2,414
9.5,0,2,412,0,2,403
9.5,0,2,378,0,2,376
9.5,0,2,419,0,2,405
9.5,0,2,396,0,2,406
9.5,0,2,398,0,2,379
9.5,0,2,391,0,2,410
9.5,0,2,403,0,2,373
9.5,0,2,396,0,2,416
9.5,0,2,389,0,2,411
9.5,0,2,423,0,2,404
9.5,0,2,377,0,2,403
9.5,0,2,401,0,2,391
9.5,0,2,378,0,2,423
9.5,0,2,404,0,2,393
9.5,0,2,383,0,2,420
9.5,0,2,398,0,2,379
9.5,0,2,406,0,2,397
9.5,0,2,372,0,2,411
9.5,0,2,389,0,2,449
9.5,0,2,388,0,2,391
9.5,0,2,390,0,2,381
9.5,0,2,380,0,2,416
9.5,0,2,402,0,2,388
9.5,0,2,353,0,2,376
9.5,0,2,434,0,2,414
9.5,0,2,417,0,2,376
9.5,0,2,405,0,2,426
9.5,0,2,417,0,2,394
9.5,0,2,407,0,2,430
9.5,0,2,416,0,2,384
9.5,0,2,386,0,2,390
9.5,0,2,410,0,2,391
9.5,0,2,393,0,2,405
9.5,0,2,425,0,2,422
9.5,0,2,375,0,2,401
9.5,0,2,378,0,2,374
9.5,0,2,399,0,2,399
9.5,0,2,403,0,2,397
9.5,0,2,404,0,2,406
9.5,0,2,395,0,2,418
9.5,0,2,396,0,2,402
9.5,0,2,371,0,2,405
9.5,0,2,403,0,2,375
9.5,0,2,397,0,2,408
9.5,0,2,388,0,2,377
9.5,0,2,426,0,2,379
9.5,0,2,424,0,2,366
9.5,0,2,410,0,2,376
9.5,0,2,427,0,2,397
9.5,0,2,432,0,2,405
9.5,0,2,392,0,2,395
9.5,0,2,403,0,2,388
9.5,0,2,433,0,2,450
9.5,0,2,436,0,2,417
9.5,0,2,395,0,2,372
9.5,0,2,397,0,2,393
9.5,0,2,390,0,2,394
9.5,0,2,412,0,2,388
9.5,0,2,385,0,2,380
9.5,0,2,403,0,2,378
9.5,0,2,408,0,2,375
9.5,0,2,402,0,2,380
9.5,0,2,378,0,2,374
9.5,0,2,368,0,2,388
9.5,0,2,364,0,2,402
9.5,0,2,397,0,2,392
9.5,0,2,385,0,2,383
9.5,0,2,390,0,2,359
9.5,0,2,396,0,2,427
9.5,0,2,405,0,2,437
9.5,0,2,436,0,2,395
9.5,0,2,382,0,2,393
9.5,0,2,368,0,2,382
9.5,0,2,426,0,2,405
9.5,0,2,440,0,2,393
9.5,0,2,416,0,2,397
9.5,0,2,402,0,2,423
9.5,0,2,366,0,2,379
9.5,0,2,374,0,2,408
9.5,0,2,361,0,2,387
9.5,0,2,394,0,2,392
9.5,0,2,407,0,2,407
9.5,0,2,396,0,2,422
9.5,0,2,382,0,2,408
9.5,0,2,417,0,2,422
9.5,0,2,426,0,2,438
9.5,0,2,358,0,2,377
9.5,0,2,375,0,2,410
9.5,0,2,410,0,2,369
9.5,0,2,430,0,2,399
9.5,0,2,433,0,2,384
9.5,0,2,401,0,2,392
9.5,0,2,463,0,2,406
9.5,0,2,401,0,2,436
9.5,0,2,402,0,2,374
9.5,0,2,415,0,2,420
9.5,0,2,372,0,2,364
9.5,0,2,388,0,2,423
9.5,0,2,403,0,2,391
9.5,0,2,419,0,2,445
9.5,0,2,421,0,2,434
9.5,0,2,396,0,2,371
9.5,0,2,410,0,2,381
9.5,0,2,396,0,2,400
9.5,0,2,423,0,2,382
9.5,0,2,413,0,2,411
9.5,0,2,408,0,2,407
9.5,0,2,425,0,2,379
9.5,0,2,405,0,2,386
9.5,0,2,380,0,2,407
9.5,0,2,372,0,2,412
9.5,0,2,420,0,2,410
9.5,0,2,414,0,2,413
9.5,0,2,376,0,2,418
9.5,0,2,375,0,2,381
9.5,0,2,375,0,2,381
9.5,0,2,416,0,2,404
9.5,0,2,412,0,2,443
9.5,0,2,391,0,2,369
9.5,0,2,402,0,2,416
9.5,0,2,364,0,2,410
9.5,0,2,392,0,2,420
9.5,0,2,370,0,2,411
9.5,0,2,385,0,2,383
9.5,0,2,375,0,2,427
9.5,0,2,381,0,2,427
9.5,0,2,397,0,2,389
9.5,0,2,436,0,2,375
9.5,0,2,415,0,2,367
9.5,0,2,396,0,2,454
9.5,0,2,419,0,2,388
9.5,0,2,383,0,2,354
9.5,0,2,412,0,2,379
9.5,0,2,379,0,2,421
9.5,0,2,418,0,2,366
9.5,0,2,386,0,2,405
9.5,0,2,375,0,2,412
9.5,0,2,394,0,2,372
10,0,2,380,0,2,420
10,0,2,420,0,2,418
10,0,2,367,0,2,363
10,0,2,414,0,2,387
10,0,2,387,0,2,434
10,0,2,426,0,2,369
10,0,2,406,0,2,374
10,0,2,394,0,2,408
10,0,2,368,0,2,398
10,0,2,418,0,2,376
10,0,2,382,0,2,395
10,0,2,355,0,2,400
10,0,2,441,0,2,384
10,0,2,366,0,2,412
10,0,2,400,0,2,422
10,0,2,410,0,2,412
10,0,2,386,0,2,401
10,0,2,384,0,2,382
10,0,2,394,0,2,400
10,0,2,404,0,2,433
10,0,2,429,0,2,392
10,0,2,394,0,2,403
10,0,2,351,0,2,389
10,0,2,380,0,2,399
10,0,2,392,0,2,414
10,0,2,410,0,2,442
10,0,2,413,0,2,386
10,0,2,405,0,2,394
10,0,2,397,0,2,392
10,0,2,365,0,2,384
10,0,2,381,0,2,387
10,0,2,437,0,2,428
10,0,2,376,0,2,400
10,0,2,418,0,2,425
10,0,2,402,0,2,365
10,0,2,346,0,2,402
10,0,2,381,0,2,416
10,0,2,403,0,2,402
10,0,2,425,0,2,417
10,0,2,413,0,2,382
10,0,2,402,0,2,382
10,0,2,373,0,2,388
10,0,2,358,0,2,383
10,0,2,389,0,2,434
10,0,2,396,0,2,402
10,0,2,431,0,2,410
10,0,2,408,0,2,398
10,0,2,394,0,2,423
10,0,2,410,0,2,374
10,0,2,412,0,2,365
10,0,2,403,0,2,390
10,0,2,398,0,2,385
10,0,2,404,0,2,426
10,0,2,408,0,2,396
10,0,2,391,0,2,408
10,0,2,386,0,2,391
10,0,2,373,0,2,427
10,0,2,414,0,2,403
10,0,2,421,0,2,401
10,0,2,390,0,2,400
10,0,2,379,0,2,396
10,0,2,395,0,2,373
10,0,2,376,0,2,418
10,0,2,433,0,2,415
10,0,2,412,0,2,387
10,0,2,398,0,2,394
10,0,2,397,0,2,429
10,0,2,404,0,2,400
10,0,2,401,0,2,364
10,0,2,352,0,2,373
10,0,2,374,0,2,397
10,0,2,379,0,2,433
10,0,2,426,0,2,413
10,0,2,397,0,2,373
10,0,2,387,0,2,413
10,0,2,387,0,2,389
10,0,2,406,0,2,404
10,0,2,391,0,2,372
10,0,2,420,0,2,390
10,0,2,413,0,2,406
10,0,2,410,0,2,411
10,0,2,360,0,2,394
10,0,2,438,0,2,388
10,0,2,420,0,2,374
10,0,2,408,0,2,386
10,0,2,398,0,2,405
10,0,2,389,0,2,406
10,0,2,406,0,2,377
10,0,2,420,0,2,393
10,0,2,364,0,2,394
10,0,2,424,0,2,386
10,0,2,402,0,2,378
10,0,2,396,0,2,403
10,0,2,373,0,2,392
10,0,2,424,0,2,380
10,0,2,395,0,2,360
10,0,2,390,0,2,371
10,0,2,352,0,2,414
10,0,2,414,0,2,389
10,0,2,423,0,2,384
10,0,2,390,0,2,368
10,0,2,423,0,2,414
10,0,2,379,0,2,407
10,0,2,426,0,2,419
10,0,2,413,0,2,405
10,0,2,384,0,2,402
10,0,2,415,0,2,375
10,0,2,422,0,2,402
10,0,2,433,0,2,398
10,0,2,359,0,2,406
10,0,2,402,0,2,398
10,0,2,351,0,2,405
10,0,2,394,0,2,385
10,0,2,408,0,2,389
10,0,2,400,0,2,433
10,0,2,400,0,2,394
10,0,2,388,0,2,384
10,0,2,350,0,2,378
10,0,2,408,0,2,388
10,0,2,412,0,2,346
10,0,2,414,0,2,411
10,0,2,371,0,2,430
10,0,2,377,0,2,394
10,0,2,381,0,2,400
10,0,2,371,0,2,409
10,0,2,406,0,2,414
10,0,2,373,0,2,401
10,0,2,410,0,2,400
10,0,2,396,0,2,385
10,0,2,423,0,2,428
10,0,2,422,0,2,405
10,0,2,390,0,2,408
10,0,2,427,0,2,417
10,0,2,394,0,2,394
10,0,2,397,0,2,386
10,0,2,405,0,2,376
10,0,2,405,0,2,401
10,0,2,403,0,2,358
10,0,2,406,0,2,408
10,0,2,395,0,2,428
10,0,2,408,0,2,389
10,0,2,432,0,2,393
10,0,2,433,0,2,392
10,0,2,393,0,2,389
10,0,2,392,0,2,407
10,0,2,395,0,2,386
10,0,2,409,0,2,376
10,0,2,413,0,2,434
10,0,2,421,0,2,379
10,0,2,378,0,2,433
10,0,2,411,0,2,382
10,0,2,431,0,2,389
10,0,2,376,0,2,418
10,0,2,417,0,2,416
10,0,2,373,0,2,367
10,0,2,389,0,2,417
10,0,2,399,0,2,360
10,0,2,393,0,2,416
10,0,2,411,0,2,420
10,0,2,371,0,2,405
10,0,2,379,0,2,394
10,0,2,342,0,2,419
10,0,2,417,0,2,400
10,0,2,418,0,2,366
10,0,2,383,0,2,420
10,0,2,416,0,2,392
10,0,2,359,0,2,339
10,0,2,417,0,2,416
10,0,2,411,0,2,386
10,0,2,365,0,2,419
10,0,2,385,0,2,370
10,0,2,388,0,2,433
10,0,2,394,0,2,393
10,0,2,391,0,2,411
10,0,2,361,0,2,414
10,0,2,402,0,2,401
10,0,2,396,0,2,409
10,0,2,401,0,2,395
10,0,2,407,0,2,396
10,0,2,407,0,2,382
10,0,2,371,0,2,427
10,0,2,397,0,2,415
10,0,2,379,0,2,388
10,0,2,394,0,2,401
10,0,2,412,0,2,399
10,0,2,413,0,2,396
10,0,2,406,0,2,392
10,0,2,396,0,2,393
10,0,2,442,0,2,397
10,0,2,401,0,2,431
10,0,2,382,0,2,382
10,0,2,416,0,2,425
10,0,2,424,0,2,393
10,0,2,379,0,2,373
10,0,2,397,0,2,443
10,0,2,407,0,2,377
10,0,2,404,0,2,383
10,0,2,417,0,2,401
10,0,2,413,0,2,377
10,0,2,415,0,2,371
