time,rna
0,1
0,1
0,1
0,1
0,0
0,0
0,0
0,1
0,0
0,0
0,1
0,5
0,1
0,0
0,0
0,0
0,0
0,0
0,0
0,0
0,0
0,0
0,0
0,0
0,0
0,0
0,0
0,0
0,0
0,0
0,0
0,0
0,4
0,1
0,0
0,1
0,0
0,1
0,0
0,0
0,0
0,0
0,0
0,1
0,0
0,0
0,0
0,1
0,0
0,1
0,0
0,0
0,1
0,0
0,0
0,0
0,0
0,0
0,0
0,0
0,0
0,0
0,1
0,0
0,0
0,0
0,0
0,0
0,0
0,0
0,0
0,0
0,0
0,0
0,9
0,1
0,0
0,3
0,0
0,0
0,1
0,0
0,0
0,0
0,0
0,0
0,5
0,0
0,0
0,1
0,0
0,0
0,1
0,1
0,0
0,0
0,0
0,0
0,0
0,0
0,1
0,0
0,3
0,0
0,0
0,20
0,0
0,1
0,0
0,0
0,0
0,0
0,0
0,0
0,1
0,0
0,1
0,0
0,0
0,0
0,0
0,0
0,0
0,0
0,1
0,0
0,4
0,0
0,0
0,0
0,0
0,0
0,0
0,1
0,0
0,0
0,0
0,1
0,0
0,0
0,0
0,0
0,0
0,0
0,0
0,0
0,0
0,1
0,0
0,4
0,1
0,0
0,2
0,1
0,0
0,2
0,0
0,0
0,0
0,0
0,0
0,1
0,0
0,0
0,0
0,0
0,0
0,0
0,1
0,1
0,0
0,0
0,0
0,0
0,0
0,0
0,1
0,0
0,0
0,0
0,0
0,11
0,0
0,0
0,0
0,0
0,0
0,0
0,0
0,0
0,0
0,0
0,0
0,0
0,0
0,1
0,2
0,0
0,0
0,0
0,0
0,0
0,1
0,0
0,0
0,3
0,0
0,0
0,0
0,0
0,0
0,0
0,0
0,0
0,1
0,0
0,0
0,0
0,1
0,0
0,0
0,0
0,0
0,0
0,0
0,0
0,1
0,0
0,0
0,2
0,0
0,0
0,0
0,0
0,0
0,1
0,0
0,0
0,0
0,0
0,1
0,0
0,0
0,0
0,0
0,1
0,3
0,1
0,0
0,1
0,0
0,0
0,0
0,0
0,0
0,0
0,0
0,1
0,0
0,0
0,2
0,4
0,1
0,0
0,3
0,2
0,0
0,0
0,0
0,0
0,0
0,1
0,0
0,1
0,1
0,1
0,49
0,0
0,1
0,1
0,0
0,0
0,0
0,0
0,0
0,0
0,0
0,0
0,0
0,0
0,1
0,0
0,0
0,16
0,0
0,0
0,0
0,0
0,0
0,0
0,0
0,0
0,0
0,0
0,1
0,0
0,1
0,0
0,0
0,0
0,0
0,0
0,0
0,2
0,0
0,0
0,0
0,0
0,2
0,1
0,0
0,0
0,0
0,0
0,0
0,0
0,0
0,0
0,0
0,0
0,1
0,0
0,9
0,0
0,0
0,0
0,0
0,0
0,0
0,0
0,0
0,0
0,0
0,0
0,1
0,0
0,1
0,1
0,0
0,0
0,0
0,0
0,0
0,1
0,0
0,0
0,0
0,0
0,1
0,0
0,1
0,0
0,0
0,0
0,1
0,1
0,2
0,2
0,2
0,3
0,69
0,0
0,0
0,2
0,1
0,0
0,0
0,0
0,0
0,0
0,0
0,0
0,1
0,1
0,0
0,0
0,1
0,0
0,0
0,0
0,0
0,0
0,0
0,1
0,0
0,0
0,2
0,0
0,0
0,0
0,0
0,0
0,0
0,0
0,0
0,0
0,0
0,0
0,0
0,0
0,0
0,0
0,0
0,0
0,0
0,4
0,1
0,1
0,0
0,2
0,4
0,0
0,0
0,0
0,0
0,0
0,0
0,1
0,0
0,1
0,0
0,0
0,4
0,1
0,0
0,0
0,0
0,0
0,0
0,0
0,1
0,0
0,0
0,0
0,0
0,1
0,0
0,2
0,1
0,0
0,1
0,0
0,1
0,0
0,1
0,0
0,0
0,0
0,1
0,0
0,2
0,0
0,0
0,0
0,0
0,2
0,0
0,1
0,0
0,1
0,0
0,0
0,0
0,0
0,0
0,1
0,0
0,0
0,0
0,0
0,0
0,1
0,0
0,1
0,0
0,0
0,1
0,0
0,0
0,0
0,1
0,0
0,0
0,0
0,0
0,0
0,0
0,0
0,0
0,1
0,1
0,0
0,2
0,0
0,0
0,1
0,0
0,0
0,2
0,0
0,2
0,0
0,0
0,0
0,1
0,0
0,0
0,0
0,0
0,0
0,0
0,0
0,0
0,0
0,3
0,0
0,1
0,0
0,9
0,0
0,4
0,2
0,1
0,1
0,0
0,0
0,0
0,0
0,1
0,0
0,0
0,0
0,0
0,0
0,0
0,0
0,0
0,1
0,0
0,0
0,0
0,0
0,8
0,0
0,0
0,0
0,0
0,0
0,0
0,0
0,0
0,2
0,0
0,0
0,0
0,0
0,0
0,0
0,0
0,0
0,0
0,1
0,0
0,0
0,1
0,0
0,0
0,1
0,0
0,1
0,0
0,1
0,0
0,0
0,0
0,0
0,0
0,0
0,0
0,0
0,0
0,0
0,0
0,0
0,0
0,0
0,1
0,0
0,0
0,1
0,0
0,1
0,0
0,0
0,0
0,0
0,0
0,0
0,0
0,0
0,3
0,0
0,0
0,0
0,0
0,0
0,0
0,0
0,0
0,3
0,0
0,0
0,1
0,0
0,0
0,3
0,0
0,0
0,1
0,0
0,0
0,2
0,0
0,0
0,0
0,1
0,0
0,0
0,0
0,0
0,0
0,0
0,2
0,0
0,0
0,0
0,2
0,0
0,1
0,1
0,1
0,0
0,1
0,0
0,0
0,0
0,0
0,0
0,1
0,1
0,0
0,0
0,0
0,0
0,0
0,0
0,1
0,0
0,0
0,0
0,0
0,0
0,10
0,0
0,0
0,2
0,5
0,0
0,0
0,1
0,1
0,0
0,0
0,0
0,0
0,0
0,0
0,0
0,0
0,0
0,1
0,0
0,0
0,0
0,1
0,0
0,0
0,0
0,0
0,0
0,0
0,2
0,0
0,0
0,2
0,0
0,0
0,2
0,0
0,0
0,0
0,0
0,0
0,0
0,0
0,0
0,0
0,1
0,0
0,0
0,0
0,0
0,0
0,0
0,0
0,0
0,0
0,0
0,0
0,0
0,1
0,2
0,0
0,0
0,0
0,1
0,1
0,0
0,2
0,1
0,0
0,0
0,0
0,0
0,2
0,0
0,1
0,0
0,0
0,0
0,0
0,1
0,0
0,1
0,0
0,0
0,0
0,0
0,0
0,0
0,0
0,0
0,0
0,0
0,1
0,0
0,1
0,0
0,0
0,0
0,0
0,0
0,0
0,0
0,0
0,0
0,0
0,0
0,0
0,0
0,0
0,0
0,6
0,0
0,1
0,0
0,1
0,1
0,1
0,8
0,0
0,0
0,0
0,0
0,0
0,0
0,0
0,0
0,0
0,1
0,0
0,0
0,0
0,0
0,0
0,0
0,0
0,0
0,0
0,0
0,0
0,0
0,0
0,0
0,0
0,1
0,0
0,3
0,0
0,0
0,1
0,0
0,0
0,0
0,1
0,0
0,0
0,0
0,0
0,0
0,0
0,1
0,0
0,0
0,0
0,0
0,0
0,0
0,0
0,0
0,9
0,0
0,0
0,0
0,0
0,0
0,2
0,1
0,0
0,0
0,0
0,0
0,0
0,0
0,0
0,1
0,0
0,0
0,1
0,0
0,0
0,1
0,0
0,0
0,0
0,0
0,0
0,0
0,0
0,0
0,0
0,1
0,0
0,1
0,0
0,17
0,0
0,0
0,0
0,0
0,0
0,1
0,0
0,0
0,1
0,0
0,0
0,0
0,2
0,0
0,0
0,0
0,0
0,0
0,1
0,7
0,0
0,0
0,0
0,1
0,0
0,0
0,0
0,0
0,0
0,0
0,0
0,1
0,0
0,1
0,1
0,0
0,0
0,1
0,1
0,1
0,2
0,0
0,1
0,4
0,0
0,0
0,0
0,1
0,1
0,0
0,0
0,0
0,0
0,0
0,0
0,0
0,1
0,0
0,1
0,0
0,0
0,0
0,0
0,0
0,1
0,0
0,1
0,0
0,0
0,0
0,0
0,0
0,0
0,0
0,0
0,1
0,2
0,4
0,0
0,0
0,0
0,0
0,0
0,0
0,1
0,0
0,0
0,0
0,0
0,0
0,0
0,0
0,2
0,0
0,0
0,0
0,2
0,0
0,0
0,1
0,0
0,0
0,0
0,1
0,0
0,0
0,0
0,0
0,0
0,0
0,0
0,0
0,0
0,1
0,1
0,0
0,0
0,0
0,0
0,1
0,0
0,0
0,0
0,0
0,0
0,0
0,0
0,0
0,0
0,2
0,0
0,0
0,0
0,0
0,1
0,0
0,1
0,0
0,0
0,0
0,0
0,0
0,0
0,0
0,0
0,0
0,1
0,1
0,0
0,1
0,0
0,0
0,0
0,0
0,0
0,0
0,0
0,0
0,0
0,1
0,0
0,0
0,2
0,0
0,0
0,0
0,0
0,0
0,0
0,0
0,0
0,0
0,0
0,3
0,2
0,0
0,1
0,0
0,0
0,1
0,0
0,2
0,0
0,0
0,0
0,0
0,0
0,2
0,0
0,0
0,0
0,0
0,0
0,3
0,0
0,0
0,1
0,0
0,0
0,0
0,0
0,0
0,0
0,0
0,1
0,0
0,0
0,0
0,0
0,0
0,0
0,0
0,0
0,1
0,0
0,0
0,0
0,0
0,0
0,0
0,0
0,0
0,0
0,0
0,0
0,1
0,0
0,0
0,0
0,0
0,0
0,0
0,0
0,0
0,2
0,0
0,0
0,0
0,0
0,0
0,0
0,1
0,0
0,0
0,0
0,0
0,0
0,0
0,1
0,0
0,0
0,0
0,0
0,1
0,0
0,2
0,0
0,1
0,0
0,0
0,0
0,2
0,0
0,0
0,0
0,0
0,0
0,0
0,2
0,0
0,0
0,2
0,0
0,0
0,0
0,0
0,0
0,1
0,0
0,0
0,0
0,1
0,0
0,1
0,0
0,1
0,0
0,0
0,0
0,1
0,0
0,0
0,0
0,0
0,0
0,5
0,0
0,1
0,1
0,3
0,2
0,0
0,0
0,0
0,0
0,1
0,1
0,0
0,1
0,0
0,1
0,0
0,0
0,0
0,0
0,1
0,0
0,0
0,0
0,0
0,0
0,0
0,1
0,1
0,0
0,0
0,0
0,0
0,0
0,3
0,0
0,0
0,2
0,0
0,1
0,0
0,3
0,0
0,9
0,0
0,0
0,0
0,0
0,1
0,0
0,2
0,2
0,0
0,0
0,0
0,7
0,1
0,0
0,0
0,0
0,0
0,0
0,0
0,1
0,0
0,0
0,0
0,0
0,2
0,0
0,0
0,0
0,0
0,0
0,0
0,0
0,0
0,1
0,2
0,0
0,1
0,4
0,0
0,0
0,0
0,0
0,0
0,1
0,0
0,0
0,0
0,0
0,2
0,0
0,0
0,1
0,2
0,0
0,0
0,0
0,0
0,1
0,0
0,0
0,7
0,0
0,0
0,0
0,0
0,0
0,0
0,0
0,0
0,0
0,0
0,0
0,0
0,0
0,1
0,0
0,0
0,0
0,0
0,0
0,0
0,0
0,1
0,1
0,0
0,0
0,0
0,0
0,0
0,0
0,0
0,0
0,8
0,0
0,0
0,0
0,0
0,0
0,0
0,0
0,0
0,0
0,1
0,0
0,0
0,0
0,0
0,0
0,3
0,0
0,0
0,0
0,0
0,0
0,0
0,0
0,0
0,6
0,0
0,0
0,0
0,0
0,0
0,0
0,0
0,0
0,109
0,0
0,1
0,0
0,0
0,0
0,0
0,1
0,0
0,0
0,2
0,0
0,0
0,0
0,1
0,1
0,7
0,0
0,0
0,0
0,4
0,2
0,0
0,0
0,0
0,1
0,0
0,0
0,0
0,0
0,0
0,0
0,1
0,0
0,0
0,2
0,2
0,1
0,1
0,0
0,0
0,0
0,0
0,0
0,2
0,1
0,1
0,0
0,0
0,0
0,1
0,0
0,0
0,0
0,1
0,0
0,0
0,0
0,0
0,0
0,0
0,0
0,0
0,1
0,0
0,0
0,0
0,0
0,0
0,0
0,0
0,0
0,0
0,0
0,0
0,0
0,0
0,2
0,1
0,0
0,0
0,2
0,0
0,8
0,1
0,1
0,0
0,0
0,3
0,0
0,3
0,0
0,0
0,0
0,0
0,0
0,0
0,0
0,0
0,0
0,1
0,0
0,0
0,0
0,0
0,0
0,0
0,1
0,1
0,0
0,0
0,0
0,0
0,0
0,0
0,0
0,0
0,1
0,0
0,0
0,0
0,0
0,0
0,1
0,0
0,0
0,0
0,1
0,0
0,0
0,0
0,0
0,0
0,0
0,0
0,2
0,3
0,0
0,0
0,3
0,0
0,1
0,0
0,1
0,0
0,0
0,0
0,0
0,0
0,1
0,0
0,0
0,0
0,1
0,0
0,0
0,0
0,0
0,0
0,1
0,2
0,0
0,0
0,0
0,0
0,0
0,0
0,0
0,1
0,0
0,0
0,0
0,0
0,0
0,0
0,0
0,0
0,1
0,0
0,1
0,0
0,0
0,0
0,0
0,0
0,0
0,0
0,1
0,0
0,0
0,0
0,0
0,0
0,0
0,0
0,0
0,0
0,0
0,0
0,0
0,1
0,2
0,0
0,0
0,0
0,2
0,0
0,9
0,0
0,0
0,1
0,4
0,0
0,0
0,0
0,0
0,1
0,0
0,0
0,0
0,2
0,0
0,0
0,0
0,1
0,6
0,0
0,0
0,1
0,0
0,1
0,0
0,0
0,0
0,0
0,1
0,0
0,1
0,1
0,0
0,0
0,0
0,0
0,0
0,0
0,0
0,0
0,0
0,0
0,0
0,0
0,1
0,1
0,0
0,0
0,0
0,0
0,1
0,0
0,0
0,1
0,0
0,0
0,2
0,0
0,0
0,0
0,0
0,1
0,0
0,0
0,2
0,1
0,0
0,1
0,0
0,1
0,0
0,1
0,0
0,0
0,1
0,0
0,1
0,0
0,1
0,0
0,1
0,0
0,1
0,0
0,0
0,0
0,1
0,0
0,0
0,0
0,3
0,1
0,0
0,0
0,0
0,0
0,12
0,0
0,0
0,0
0,0
0,1
0,0
0,3
0,0
0,0
0,0
0,0
0,0
0,0
0,0
0,0
0,0
0,0
0,0
0,0
0,0
0,2
0,0
0,0
0,0
0,4
0,1
0,0
0,0
0,0
0,0
0,0
0,0
0,1
0,1
0,0
0,0
0,0
0,0
0,0
0,2
0,0
0,0
0,0
0,1
0,0
0,0
0,1
0,0
0,0
0,0
0,4
0,0
0,1
0,1
0,2
0,0
0,0
0,0
0,0
0,0
0,0
0,0
0,0
0,2
0,0
0,0
0,0
0,0
0,2
0,1
0,0
0,0
0,0
0,0
0,1
0,0
0,0
0,0
0,10
0,0
0,0
0,0
0,0
0,0
0,0
0,1
0,0
0,0
0,2
0,0
0,0
0,0
0,0
0,0
0,2
0,0
0,0
0,0
0,0
0,0
0,0
0,1
0,0
0,0
0,0
0,0
0,0
0,0
0,1
0,0
0,0
0,0
0,0
0,0
0,0
0,0
0,0
0,0
0,1
0,0
0,0
0,0
0,0
0,0
0,0
0,0
0,0
0,0
0,1
0,0
0,1
0,0
0,0
0,0
0,0
0,0
0,1
0,0
0,0
0,1
0,0
0,0
0,0
0,1
0,10
0,0
0,0
0,0
0,0
0,12
0,0
0,0
0,0
0,0
0,0
0,0
0,0
0,0
0,0
0,0
0,0
0,1
0,0
0,0
0,2
0,1
0,1
0,0
0,2
0,0
0,0
0,0
0,0
0,0
0,3
0,1
0,0
0,0
0,0
0,1
0,5
0,0
0,2
0,0
0,0
0,0
0,0
0,0
0,0
0,0
0,0
0,0
0,0
0,0
0,0
0,0
0,2
0,0
0,0
0,0
0,0
0,0
0,1
0,0
0,0
0,0
0,0
0,0
0,2
0,0
0,1
0,0
0,1
0,0
0,0
0,1
0,0
0,0
0,2
0,0
0,0
0,0
0,4
0,0
0,0
0,2
0,0
0,9
0,0
0,0
0,0
0,0
0,0
0,0
0,0
0,0
0,1
0,0
0,0
0,0
0,0
0,1
0,0
0,0
0,0
0,0
0,0
0,0
0,0
0,2
0,0
0,0
0,1
0,1
0,1
0,0
0,0
0,0
0,0
0,0
0,0
0,2
0,1
0,0
0,0
0,1
0,0
0,1
0,0
0,1
0,1
0,0
0,0
0,0
0,0
0,0
0,1
0,0
0,1
0,0
0,0
0,0
0,0
0,0
0,2
1,1
1,1
1,0
1,0
1,0
1,1
1,1
1,2
1,0
1,2
1,0
1,0
1,0
1,0
1,0
1,0
1,0
1,0
1,0
1,0
1,0
1,0
1,0
1,0
1,1
1,2
1,0
1,1
1,0
1,0
1,2
1,0
1,0
1,0
1,0
1,2
1,1
1,0
1,1
1,0
1,0
1,0
1,0
1,0
1,0
1,0
1,2
1,0
1,0
1,0
1,3
1,0
1,1
1,0
1,0
1,0
1,2
1,0
1,0
1,0
1,0
1,2
1,0
1,2
1,0
1,0
1,0
1,0
1,4
1,0
1,0
1,0
1,0
1,0
1,0
1,1
1,0
1,1
1,1
1,2
1,0
1,0
1,0
1,0
1,0
1,0
1,0
1,0
1,0
1,1
1,0
1,0
1,1
1,0
1,0
1,0
1,0
1,0
1,1
1,0
1,1
1,0
1,0
1,0
1,0
1,0
1,1
1,0
1,4
1,0
1,0
1,0
1,1
1,0
1,3
1,0
1,0
1,1
1,0
1,2
1,0
1,0
1,1
1,1
1,0
1,0
1,1
1,0
1,0
1,0
1,1
1,2
1,1
1,0
1,1
1,0
1,0
1,0
1,1
1,1
1,2
1,3
1,1
1,0
1,0
1,0
1,0
1,0
1,0
1,0
1,0
1,1
1,0
1,0
1,0
1,0
1,0
1,0
1,5
1,0
1,3
1,0
1,0
1,1
1,0
1,0
1,0
1,1
1,10
1,0
1,0
1,0
1,0
1,0
1,1
1,1
1,1
1,0
1,0
1,0
1,2
1,0
1,0
1,0
1,1
1,0
1,0
1,0
1,1
1,0
1,1
1,0
1,0
1,0
1,0
1,0
1,0
1,1
1,0
1,0
1,1
1,0
1,0
1,0
1,0
1,0
1,0
1,3
1,1
1,0
1,1
1,0
1,0
1,1
1,0
1,1
1,0
1,1
1,0
1,0
1,1
1,0
1,0
1,0
1,0
1,0
1,0
1,0
1,1
1,0
1,0
1,0
1,0
1,2
1,0
1,0
1,0
1,0
1,0
1,0
1,0
1,2
1,0
1,0
1,0
1,0
1,1
1,0
1,0
1,0
1,0
1,0
1,0
1,1
1,0
1,0
1,0
1,0
1,0
1,0
1,0
1,0
1,0
1,0
1,0
1,1
1,0
1,1
1,1
1,0
1,0
1,0
1,0
1,0
1,4
1,2
1,0
1,0
1,0
1,0
1,0
1,0
1,0
1,0
1,6
1,0
1,0
1,2
1,0
1,0
1,1
1,0
1,0
1,0
1,1
1,0
1,0
1,0
1,1
1,0
1,1
1,0
1,0
1,0
1,0
1,0
1,0
1,0
1,0
1,0
1,0
1,0
1,0
1,1
1,1
1,0
1,0
1,0
1,0
1,3
1,0
1,0
1,0
1,0
1,0
1,2
1,1
1,0
1,0
1,0
1,0
1,0
1,0
1,0
1,0
1,1
1,2
1,1
1,0
1,0
1,1
1,0
1,2
1,0
1,1
1,0
1,0
1,1
1,0
1,0
1,2
1,0
1,0
1,0
1,0
1,0
1,1
1,0
1,0
1,0
1,0
1,0
1,0
1,0
1,1
1,1
1,0
1,0
1,0
1,0
1,1
1,12
1,0
1,0
1,0
1,1
1,1
1,0
1,0
1,0
1,1
1,0
1,0
1,0
1,0
1,0
1,0
1,1
1,0
1,0
1,0
1,1
1,0
1,2
1,0
1,0
1,0
1,0
1,0
1,1
1,1
1,0
1,0
1,0
1,0
1,0
1,0
1,0
1,0
1,1
1,1
1,1
1,0
1,0
1,0
1,0
1,1
1,2
1,0
1,0
1,0
1,0
1,1
1,3
1,0
1,0
1,1
1,0
1,0
1,0
1,0
1,2
1,0
1,0
1,0
1,0
1,1
1,1
1,0
1,0
1,0
1,1
1,0
1,0
1,0
1,1
1,1
1,2
1,1
1,0
1,0
1,0
1,0
1,0
1,1
1,0
1,0
1,0
1,0
1,0
1,0
1,0
1,16
1,0
1,0
1,0
1,1
1,3
1,0
1,0
1,0
1,0
1,1
1,0
1,0
1,0
1,0
1,0
1,0
1,0
1,1
1,0
1,0
1,2
1,0
1,2
1,1
1,2
1,0
1,1
1,0
1,0
1,0
1,0
1,1
1,0
1,0
1,0
1,0
1,0
1,1
1,1
1,0
1,0
1,0
1,0
1,1
1,2
1,0
1,0
1,0
1,3
1,0
1,1
1,0
1,1
1,0
1,0
1,2
1,0
1,0
1,0
1,0
1,0
1,0
1,2
1,0
1,1
1,1
1,1
1,0
1,0
1,0
1,0
1,0
1,1
1,3
1,4
1,2
1,0
1,0
1,3
1,0
1,0
1,1
1,1
1,0
1,0
1,1
1,0
1,1
1,0
1,0
1,3
1,1
1,1
1,0
1,0
1,0
1,1
1,0
1,0
1,0
1,0
1,0
1,0
1,0
1,1
1,0
1,0
1,3
1,0
1,1
1,0
1,2
1,3
1,0
1,0
1,1
1,1
1,0
1,1
1,0
1,1
1,0
1,0
1,1
1,2
1,0
1,2
1,0
1,0
1,0
1,2
1,0
1,0
1,0
1,1
1,1
1,0
1,0
1,1
1,0
1,0
1,0
1,0
1,0
1,1
1,0
1,0
1,1
1,0
1,0
1,0
1,1
1,0
1,0
1,0
1,0
1,0
1,1
1,0
1,1
1,0
1,0
1,0
1,1
1,1
1,0
1,0
1,0
1,0
1,2
1,0
1,3
1,0
1,1
1,0
1,0
1,0
1,0
1,0
1,0
1,0
1,2
1,0
1,0
1,1
1,2
1,0
1,0
1,0
1,1
1,0
1,0
1,0
1,0
1,0
1,2
1,0
1,1
1,0
1,0
1,1
1,0
1,0
1,1
1,0
1,0
1,0
1,0
1,0
1,3
1,0
1,0
1,0
1,0
1,1
1,0
1,0
1,0
1,0
1,0
1,0
1,0
1,0
1,0
1,0
1,2
1,0
1,0
1,0
1,0
1,1
1,0
1,0
1,0
1,2
1,0
1,1
1,1
1,0
1,0
1,0
1,1
1,0
1,0
1,2
1,0
1,0
1,1
1,2
1,2
1,0
1,1
1,0
1,0
1,0
1,0
1,0
1,0
1,0
1,10
1,0
1,0
1,0
1,0
1,0
1,1
1,2
1,0
1,0
1,0
1,0
1,0
1,1
1,0
1,0
1,2
1,3
1,0
1,1
1,0
1,0
1,1
1,0
1,0
1,0
1,1
1,0
1,1
1,2
1,0
1,0
1,0
1,0
1,0
1,0
1,2
1,2
1,0
1,1
1,0
1,0
1,0
1,0
1,0
1,1
1,0
1,0
1,0
1,0
1,0
1,1
1,0
1,0
1,1
1,0
1,0
1,1
1,0
1,1
1,0
1,0
1,0
1,0
1,0
1,0
1,0
1,0
1,1
1,0
1,0
1,1
1,0
1,0
1,0
1,0
1,1
1,0
1,0
1,0
1,1
1,0
1,1
1,1
1,11
1,0
1,0
1,1
1,3
1,0
1,1
1,0
1,0
1,0
1,1
1,0
1,1
1,0
1,0
1,0
1,0
1,0
1,0
1,1
1,2
1,0
1,2
1,0
1,0
1,0
1,0
1,1
1,1
1,0
1,0
1,0
1,0
1,0
1,0
1,0
1,0
1,0
1,1
1,0
1,0
1,1
1,0
1,0
1,0
1,0
1,0
1,3
1,0
1,0
1,0
1,0
1,0
1,0
1,0
1,0
1,2
1,0
1,0
1,1
1,0
1,0
1,0
1,2
1,10
1,1
1,0
1,0
1,1
1,0
1,0
1,0
1,1
1,0
1,0
1,13
1,0
1,1
1,1
1,1
1,1
1,0
1,0
1,0
1,0
1,1
1,0
1,0
1,2
1,0
1,0
1,0
1,3
1,0
1,0
1,0
1,0
1,1
1,1
1,0
1,0
1,2
1,0
1,0
1,0
1,0
1,0
1,1
1,0
1,0
1,0
1,0
1,0
1,1
1,0
1,1
1,1
1,0
1,0
1,1
1,0
1,0
1,0
1,2
1,0
1,2
1,0
1,0
1,0
1,0
1,0
1,0
1,0
1,0
1,0
1,0
1,0
1,0
1,0
1,0
1,0
1,0
1,0
1,1
1,0
1,0
1,2
1,0
1,0
1,1
1,0
1,0
1,0
1,1
1,0
1,0
1,1
1,0
1,0
1,0
1,0
1,0
1,0
1,0
1,1
1,0
1,0
1,0
1,0
1,0
1,0
1,0
1,0
1,0
1,0
1,1
1,0
1,0
1,1
1,1
1,0
1,0
1,0
1,1
1,0
1,1
1,0
1,0
1,1
1,2
1,0
1,0
1,0
1,0
1,1
1,0
1,2
1,0
1,0
1,0
1,0
1,0
1,1
1,0
1,1
1,0
1,1
1,0
1,0
1,0
1,2
1,0
1,0
1,0
1,0
1,0
1,0
1,0
1,0
1,0
1,0
1,0
1,0
1,0
1,0
1,0
1,0
1,2
1,0
1,0
1,0
1,0
1,3
1,0
1,0
1,0
1,0
1,1
1,0
1,0
1,0
1,0
1,0
1,0
1,0
1,0
1,1
1,0
1,0
1,1
1,0
1,0
1,1
1,0
1,0
1,0
1,2
1,0
1,0
1,0
1,0
1,0
1,1
1,0
1,0
1,0
1,1
1,0
1,1
1,4
1,1
1,0
1,1
1,0
1,0
1,1
1,0
1,0
1,0
1,0
1,0
1,0
1,0
1,1
1,0
1,0
1,2
1,0
1,0
1,0
1,1
1,0
1,0
1,0
1,0
1,2
1,1
1,0
1,0
1,1
1,0
1,0
1,0
1,1
1,0
1,2
1,0
1,1
1,0
1,1
1,0
1,0
1,2
1,0
1,0
1,0
1,0
1,0
1,0
1,0
1,0
1,1
1,0
1,1
1,0
2,0
2,10
2,0
2,0
2,0
2,0
2,0
2,1
2,0
2,0
2,0
2,0
2,0
2,0
2,2
2,0
2,0
2,0
2,0
2,1
2,1
2,0
2,0
2,0
2,0
2,0
2,0
2,2
2,0
2,0
2,0
2,0
2,2
2,0
2,1
2,0
2,0
2,0
2,0
2,0
2,1
2,0
2,0
2,0
2,0
2,1
2,0
2,2
2,0
2,0
2,0
2,0
2,2
2,0
2,0
2,0
2,0
2,0
2,0
2,0
2,0
2,0
2,1
2,0
2,2
2,0
2,0
2,0
2,4
2,0
2,3
2,0
2,0
2,0
2,0
2,0
2,1
2,0
2,0
2,0
2,0
2,0
2,0
2,0
2,2
2,1
2,1
2,0
2,0
2,1
2,0
2,1
2,2
2,0
2,8
2,0
2,0
2,0
2,0
2,0
2,2
2,0
2,0
2,0
2,0
2,0
2,0
2,0
2,0
2,0
2,0
2,1
2,0
2,1
2,0
2,1
2,1
2,0
2,0
2,0
2,0
2,0
2,0
2,0
2,0
2,0
2,0
2,0
2,0
2,0
2,1
2,1
2,0
2,9
2,0
2,0
2,0
2,0
2,0
2,0
2,1
2,0
2,0
2,0
2,1
2,0
2,0
2,2
2,0
2,0
2,1
2,0
2,0
2,0
2,0
2,0
2,0
2,0
2,0
2,0
2,2
2,0
2,0
2,1
2,0
2,0
2,1
2,1
2,8
2,1
2,0
2,0
2,0
2,0
2,1
2,0
2,0
2,0
2,0
2,0
2,0
2,0
2,0
2,0
2,0
2,1
2,1
2,0
2,0
2,0
2,0
2,0
2,1
2,2
2,0
2,1
2,0
2,0
2,0
2,0
2,0
2,0
2,1
2,0
2,0
2,0
2,0
2,0
2,1
2,0
2,0
2,0
2,1
2,0
2,0
2,5
2,0
2,2
2,0
2,0
2,0
2,0
2,0
2,0
2,0
2,0
2,0
2,0
2,1
2,0
2,0
2,0
2,0
2,0
2,0
2,0
2,0
2,1
2,1
2,0
2,0
2,1
2,0
2,0
2,0
2,9
2,0
2,0
2,0
2,0
2,0
2,0
2,0
2,0
2,1
2,0
2,0
2,1
2,0
2,0
2,0
2,0
2,4
2,0
2,0
2,0
2,0
2,0
2,1
2,0
2,0
2,2
2,1
2,0
2,0
2,0
2,1
2,0
2,0
2,0
2,0
2,1
2,1
2,0
2,0
2,2
2,1
2,0
2,0
2,0
2,0
2,1
2,1
2,0
2,0
2,1
2,1
2,0
2,0
2,0
2,0
2,0
2,0
2,0
2,0
2,0
2,0
2,0
2,0
2,0
2,1
2,0
2,0
2,0
2,0
2,0
2,0
2,0
2,0
2,0
2,0
2,0
2,0
2,0
2,0
2,0
2,0
2,0
2,0
2,0
2,1
2,0
2,0
2,0
2,1
2,0
2,0
2,1
2,5
2,0
2,0
2,1
2,1
2,0
2,0
2,0
2,0
2,0
2,0
2,1
2,0
2,0
2,0
2,0
2,0
2,3
2,1
2,1
2,2
2,1
2,0
2,2
2,1
2,0
2,0
2,0
2,0
2,0
2,0
2,0
2,1
2,0
2,0
2,1
2,0
2,0
2,0
2,1
2,0
2,1
2,0
2,0
2,0
2,0
2,0
2,1
2,0
2,0
2,0
2,0
2,0
2,0
2,0
2,0
2,1
2,1
2,0
2,1
2,0
2,1
2,1
2,0
2,0
2,0
2,0
2,0
2,0
2,0
2,0
2,0
2,1
2,1
2,1
2,1
2,0
2,0
2,0
2,0
2,0
2,0
2,1
2,0
2,1
2,1
2,0
2,0
2,4
2,0
2,0
2,0
2,0
2,0
2,1
2,0
2,0
2,0
2,0
2,0
2,0
2,0
2,0
2,0
2,0
2,0
2,1
2,0
2,0
2,1
2,0
2,0
2,0
2,0
2,0
2,0
2,0
2,0
2,1
2,2
2,0
2,0
2,0
2,0
2,0
2,0
2,0
2,0
2,2
2,0
2,0
2,0
2,0
2,1
2,1
2,0
2,0
2,1
2,1
2,0
2,2
2,0
2,0
2,1
2,0
2,0
2,0
2,0
2,0
2,1
2,0
2,2
2,0
2,0
2,0
2,0
2,1
2,0
2,0
2,0
2,1
2,1
2,1
2,0
2,0
2,3
2,0
2,0
2,1
2,1
2,0
2,0
2,0
2,0
2,0
2,2
2,0
2,1
2,2
2,0
2,0
2,0
2,0
2,0
2,0
2,0
2,0
2,2
2,0
2,2
2,0
2,0
2,2
2,0
2,0
2,0
2,1
2,0
2,0
2,0
2,0
2,0
2,0
2,0
2,0
2,0
2,1
2,0
2,0
2,2
2,1
2,0
2,1
2,0
2,0
2,0
2,0
2,0
2,0
2,0
2,0
2,0
2,0
2,0
2,0
2,1
2,1
2,0
2,0
2,0
2,0
2,0
2,0
2,1
2,0
2,0
2,0
2,1
2,0
2,0
2,0
2,0
2,0
2,1
2,1
2,0
2,2
2,0
2,1
2,0
2,0
2,2
2,0
2,1
2,0
2,0
2,0
2,1
2,1
2,0
2,0
2,0
2,1
2,0
2,0
2,0
2,0
2,0
2,0
2,0
2,0
2,0
2,2
2,0
2,0
2,0
2,0
2,0
2,0
2,1
2,0
2,2
2,0
2,0
2,0
2,0
2,0
2,2
2,1
2,0
2,0
2,0
2,0
2,0
2,0
2,0
2,0
2,0
2,0
2,1
2,0
2,1
2,0
2,0
2,0
2,8
2,2
2,0
2,0
2,0
2,1
2,0
2,0
2,0
2,0
2,0
2,0
2,0
2,0
2,0
2,0
2,1
2,1
2,0
2,0
2,0
2,0
2,0
2,3
2,1
2,0
2,1
2,0
2,0
2,0
2,0
2,0
2,0
2,0
2,0
2,1
2,0
2,0
2,0
2,0
2,0
2,0
2,1
2,0
2,0
2,2
2,0
2,1
2,0
2,1
2,0
2,3
2,0
2,0
2,0
2,0
2,0
2,2
2,0
2,1
2,0
2,0
2,1
2,1
2,0
2,1
2,0
2,0
2,1
2,2
2,1
2,0
2,0
2,10
2,0
2,0
2,1
2,0
2,3
2,0
2,1
2,0
2,1
2,0
2,0
2,4
2,0
2,1
2,0
2,0
2,0
2,0
2,0
2,0
2,1
2,0
2,0
2,0
2,1
2,0
2,0
2,0
2,1
2,0
2,1
2,0
2,0
4,3
4,0
4,0
4,0
4,0
4,0
4,0
4,0
4,0
4,1
4,7
4,0
4,0
4,0
4,0
4,1
4,0
4,1
4,9
4,0
4,1
4,1
4,0
4,1
4,1
4,0
4,0
4,0
4,1
4,1
4,1
4,1
4,4
4,1
4,0
4,1
4,0
4,2
4,1
4,3
4,0
4,0
4,0
4,0
4,0
4,4
4,1
4,0
4,1
4,10
4,0
4,1
4,1
4,1
4,0
4,0
4,0
4,0
4,1
4,2
4,1
4,1
4,0
4,0
4,0
4,1
4,3
4,0
4,5
4,1
4,0
4,0
4,1
4,2
4,0
4,0
4,0
4,0
4,2
4,5
4,0
4,1
4,0
4,1
4,0
4,0
4,3
4,2
4,1
4,0
4,1
4,1
4,0
4,0
4,0
4,0
4,0
4,0
4,1
4,0
4,1
4,5
4,0
4,0
4,4
4,9
4,0
4,0
4,0
4,4
4,0
4,0
4,0
4,4
4,0
4,1
4,0
4,0
4,0
4,0
4,1
4,4
4,2
4,1
4,0
4,1
4,1
4,2
4,0
4,0
4,1
4,1
4,2
4,1
4,0
4,0
4,0
4,1
4,0
4,0
4,0
4,1
4,0
4,0
4,0
4,0
4,0
4,0
4,0
4,0
4,1
4,0
4,3
4,1
4,0
4,1
4,0
4,0
4,0
4,1
4,1
4,0
4,9
4,0
4,2
4,1
4,0
4,0
4,1
4,0
4,1
4,0
4,1
4,0
4,0
4,1
4,1
4,3
4,4
4,0
4,0
4,3
4,0
4,0
4,0
4,3
4,0
4,3
4,1
4,0
4,0
4,1
4,1
4,1
4,0
4,0
4,0
4,0
4,2
4,3
4,0
4,0
4,0
4,2
4,0
4,1
4,0
4,1
4,0
4,1
4,0
4,0
4,0
4,0
4,0
4,1
4,0
4,0
4,0
4,0
4,2
4,0
4,0
4,0
4,1
4,0
4,0
4,0
4,0
4,1
4,2
4,0
4,0
4,1
4,0
4,2
4,0
4,0
4,1
4,1
4,0
4,4
4,0
4,0
4,0
4,0
4,1
4,0
4,0
4,1
4,0
4,1
4,3
4,0
4,0
4,3
4,0
4,0
4,0
4,0
4,0
4,2
4,0
4,1
4,0
4,0
4,0
4,1
4,14
4,0
4,0
4,0
4,0
4,0
4,0
4,1
4,0
4,0
4,3
4,0
4,0
4,1
4,2
4,2
4,1
4,0
4,2
4,1
4,2
4,0
4,0
4,0
4,0
4,0
4,0
4,0
4,0
4,1
4,1
4,0
4,1
4,0
4,0
4,0
4,2
4,0
4,1
4,0
4,0
4,0
4,0
4,1
4,0
4,1
4,0
4,0
4,0
4,0
4,0
4,0
4,0
4,0
4,0
4,0
4,0
4,0
4,3
4,0
4,0
4,0
4,0
4,0
4,0
4,0
4,1
4,0
4,6
4,0
4,0
4,0
4,1
4,0
4,0
4,1
4,1
4,0
4,2
4,0
4,0
4,0
4,0
4,1
4,0
4,0
4,1
4,0
4,2
4,1
4,1
4,2
4,0
4,0
4,0
4,0
4,0
4,0
4,1
4,0
4,2
4,0
4,0
4,1
4,1
4,1
4,0
4,0
4,0
4,0
4,1
4,0
4,1
4,2
4,0
4,2
4,1
4,0
4,0
4,2
4,0
4,0
4,4
4,0
4,0
4,0
4,3
4,0
4,0
4,0
4,0
4,3
4,1
4,0
4,0
4,0
4,4
4,0
4,0
4,0
4,1
4,1
4,1
4,1
4,0
4,0
4,1
4,1
4,0
4,1
4,0
4,0
4,0
4,0
4,9
4,0
4,0
4,2
4,0
4,0
4,1
4,1
4,1
4,0
4,0
4,0
4,1
4,2
4,0
4,2
4,0
4,0
4,0
4,0
4,0
4,0
4,2
4,1
4,1
4,0
4,0
4,0
4,0
4,0
4,0
4,1
4,0
4,0
4,0
4,1
4,0
4,0
4,1
4,0
4,4
4,1
4,0
4,0
4,0
4,2
4,0
4,0
4,0
4,0
4,0
4,0
4,0
4,0
4,1
4,1
4,1
4,1
4,0
4,0
4,0
4,0
4,0
4,0
4,0
4,1
4,0
4,0
4,0
4,0
4,0
4,5
4,0
4,0
4,0
4,0
4,1
4,1
4,2
4,0
4,1
4,0
4,1
4,0
4,0
4,0
4,0
4,0
4,0
4,0
4,0
4,0
4,0
4,0
4,1
4,0
4,0
4,0
4,0
4,2
4,0
4,0
4,0
4,0
4,1
4,0
4,4
4,1
4,2
4,0
4,4
4,1
4,0
4,1
4,0
4,0
4,10
4,4
4,0
4,0
4,1
4,2
4,4
4,0
4,3
4,0
4,0
4,8
4,1
4,1
4,1
4,0
4,1
4,0
4,0
4,0
4,0
4,1
4,0
4,0
4,1
4,0
4,0
4,0
4,0
4,2
4,0
4,1
4,1
4,0
4,0
4,0
4,1
4,0
4,1
4,5
4,0
4,1
4,0
4,2
4,14
4,1
4,0
4,0
4,0
4,1
4,0
4,0
4,0
4,1
4,0
4,0
4,0
4,2
4,6
4,4
4,1
4,0
4,0
4,2
4,0
4,2
4,1
4,0
4,0
4,0
4,0
4,2
4,0
4,0
4,1
4,0
4,0
4,0
4,0
4,0
4,0
4,1
4,0
4,0
4,1
4,0
4,1
4,0
4,2
4,0
4,1
4,0
4,1
4,0
4,0
4,0
4,1
4,0
4,2
4,1
4,0
4,1
4,0
4,0
4,0
4,0
4,0
4,0
4,0
4,0
4,0
4,0
4,2
4,0
4,0
4,0
4,0
4,0
4,0
4,1
4,1
4,0
4,0
4,0
4,0
4,1
4,1
4,1
4,0
4,0
4,0
4,0
4,1
4,0
4,0
4,0
4,0
4,0
4,0
4,0
4,0
4,0
4,0
4,0
4,0
4,4
4,2
4,0
4,0
4,0
4,1
4,0
4,1
4,0
4,2
4,2
4,0
4,0
4,1
4,0
4,2
4,0
4,3
4,0
4,0
4,0
4,2
4,0
4,1
4,0
4,0
4,0
4,0
4,0
4,0
4,0
4,0
4,0
4,1
4,0
4,0
4,1
4,0
4,1
4,0
4,0
4,0
4,0
4,3
4,0
4,0
4,0
4,1
4,0
4,0
4,0
4,0
4,2
4,1
4,1
4,1
4,1
4,0
4,0
4,0
4,0
4,0
4,0
4,1
4,0
4,1
4,1
4,0
4,2
4,1
4,0
4,0
4,0
4,0
4,0
4,0
4,9
4,0
4,10
4,0
4,0
4,0
4,2
4,0
4,0
4,0
4,0
4,2
4,2
4,0
4,0
4,0
4,0
4,0
4,1
4,1
4,0
4,0
4,2
4,2
4,0
4,1
4,4
4,0
4,0
4,2
4,0
4,3
4,0
4,0
4,1
4,1
4,1
4,1
4,1
4,0
4,5
4,1
4,0
4,21
4,0
4,1
4,0
4,0
4,14
4,0
4,6
4,0
4,0
4,1
4,1
4,0
4,1
4,7
4,1
4,0
4,1
4,0
4,2
4,1
4,1
4,1
4,11
4,0
4,4
4,0
4,0
4,0
4,0
4,3
4,31
4,2
4,0
4,0
4,6
4,1
4,0
4,1
4,0
4,0
4,9
4,0
4,0
4,1
4,1
4,0
4,0
4,1
4,0
4,1
4,2
4,1
4,1
4,1
4,0
4,1
4,0
4,12
4,3
4,0
4,2
4,1
4,0
4,1
4,0
4,0
4,2
4,1
4,4
4,23
4,1
4,1
4,6
4,5
4,0
4,3
4,0
4,0
4,1
4,0
4,0
4,0
4,0
4,0
4,0
4,0
4,0
4,0
4,0
4,0
4,1
4,0
4,2
4,0
4,1
4,2
4,0
4,0
4,0
4,0
4,0
4,0
4,0
4,2
4,0
4,0
4,2
4,9
4,2
4,0
4,0
4,2
4,2
4,0
4,7
4,0
4,0
4,0
4,2
4,2
4,2
4,0
4,0
4,0
4,0
4,0
4,1
4,0
4,0
4,0
4,0
4,0
4,0
4,0
4,1
4,3
4,0
4,0
4,0
4,0
4,1
4,0
4,0
4,1
4,2
4,0
4,0
4,1
4,0
4,0
4,0
4,0
4,1
4,0
4,1
4,0
4,0
4,0
4,2
4,0
4,1
4,0
4,0
4,0
4,1
4,0
4,0
4,9
4,0
4,0
4,0
4,0
4,2
4,0
4,0
4,0
4,2
4,0
4,0
4,1
4,3
4,1
4,0
4,1
4,0
4,1
4,1
4,0
4,8
4,0
4,0
4,0
4,0
6,0
6,0
6,0
6,0
6,0
6,0
6,0
6,8
6,0
6,0
6,0
6,2
6,2
6,8
6,14
6,9
6,0
6,2
6,0
6,1
6,3
6,1
6,0
6,0
6,0
6,0
6,1
6,9
6,0
6,0
6,1
6,0
6,0
6,9
6,2
6,0
6,0
6,0
6,0
6,0
6,0
6,2
6,8
6,0
6,0
6,3
6,0
6,0
6,10
6,1
6,1
6,3
6,0
6,1
6,0
6,0
6,0
6,0
6,0
6,0
6,8
6,1
6,0
6,1
6,0
6,1
6,4
6,0
6,0
6,0
6,0
6,0
6,3
6,2
6,0
6,5
6,0
6,7
6,0
6,0
6,0
6,0
6,17
6,0
6,0
6,2
6,4
6,3
6,2
6,0
6,0
6,0
6,4
6,1
6,0
6,1
6,0
6,4
6,2
6,0
6,0
6,1
6,0
6,0
6,0
6,5
6,0
6,6
6,0
6,0
6,0
6,0
6,0
6,0
6,1
6,0
6,0
6,0
6,1
6,0
6,0
6,0
6,0
6,1
6,0
6,0
6,0
6,0
6,1
6,1
6,0
6,1
6,1
6,0
6,0
6,0
6,1
6,0
6,0
6,3
6,1
6,1
6,1
6,0
6,1
6,0
6,0
6,0
6,0
6,0
6,0
6,1
6,2
6,0
6,0
6,0
6,0
6,0
6,3
6,0
6,0
6,0
6,1
6,0
6,0
6,0
6,1
6,0
6,0
6,0
6,1
6,0
6,0
6,0
6,0
6,0
6,0
6,0
6,0
6,0
6,0
6,0
6,0
6,0
6,0
6,0
6,0
6,0
6,1
6,1
6,0
6,0
6,0
6,0
6,0
6,0
6,0
6,0
6,0
6,0
6,0
6,0
6,0
6,0
6,0
6,0
6,0
6,0
6,0
6,0
6,0
6,0
6,0
6,0
6,0
6,0
6,0
6,0
6,0
6,0
6,0
6,0
6,0
6,0
6,0
6,0
6,0
6,1
6,0
6,0
6,0
6,1
6,0
6,0
6,0
6,0
6,0
6,0
6,0
6,0
6,0
6,2
6,0
6,0
6,9
6,0
6,0
6,0
6,0
6,0
6,0
6,0
6,0
6,0
6,0
6,0
6,0
6,0
6,0
6,0
6,0
6,0
6,0
6,0
6,0
6,0
6,0
6,0
6,0
6,0
6,0
6,0
6,0
6,0
6,0
6,0
6,0
6,1
6,0
6,0
6,0
6,0
6,0
6,0
6,0
6,0
6,0
6,0
6,0
6,0
6,0
6,0
6,0
6,0
6,0
6,0
6,0
6,0
6,0
6,0
6,0
6,0
6,0
6,0
6,0
6,0
6,0
6,0
6,0
6,0
6,0
6,0
6,0
6,0
6,0
6,0
6,0
6,0
6,0
6,0
6,0
6,0
6,10
6,19
6,0
6,2
6,30
6,2
6,10
6,10
6,5
6,1
6,7
6,26
6,0
6,2
6,1
6,27
6,21
6,28
6,0
6,0
6,3
6,1
6,0
6,18
6,0
6,0
6,0
6,12
6,8
6,18
6,2
6,7
6,0
6,1
6,9
6,5
6,0
6,1
6,15
6,10
6,39
6,18
6,20
6,2
6,2
6,50
6,2
6,0
6,0
6,2
6,1
6,0
6,0
6,16
6,0
6,1
6,0
6,2
6,0
6,2
6,8
6,0
6,0
6,0
6,7
6,0
6,8
6,4
6,18
6,32
6,2
6,1
6,4
6,0
6,14
6,1
6,0
6,14
6,1
6,0
6,1
6,1
6,3
6,41
6,5
6,0
6,4
6,9
6,12
6,0
6,0
6,4
6,0
6,3
6,0
6,2
6,0
6,1
6,15
6,0
6,3
6,1
6,30
6,1
6,0
6,3
6,0
6,1
6,18
6,10
6,1
6,0
6,2
6,0
6,1
6,11
6,0
6,13
6,1
6,1
6,27
6,2
6,1
6,27
6,4
6,0
6,0
6,15
6,0
6,17
6,0
6,0
6,0
6,0
6,2
6,18
6,0
6,27
6,0
6,47
6,0
6,0
6,0
6,21
6,0
6,1
6,1
6,1
6,0
6,1
6,11
6,2
6,8
6,0
6,31
6,5
6,2
6,1
6,11
6,0
6,6
6,2
6,4
6,0
6,1
6,1
6,1
6,20
6,7
6,7
6,0
6,1
6,7
6,11
6,4
6,10
6,28
6,22
6,4
6,2
6,0
6,2
6,24
6,6
6,3
6,0
6,1
6,0
6,0
6,0
6,15
6,1
6,5
6,9
6,1
6,1
6,1
6,0
6,1
6,2
6,55
6,24
6,9
6,0
6,34
6,7
6,15
6,3
6,1
6,0
6,0
6,0
6,17
6,0
6,0
6,14
6,0
6,1
6,0
6,0
6,0
6,1
6,0
6,0
6,0
6,19
6,5
6,1
6,25
6,0
6,8
6,2
6,0
6,0
6,28
6,7
6,1
6,0
6,0
6,0
6,0
6,1
6,13
6,0
6,2
6,0
6,1
6,1
6,9
6,0
6,1
6,2
6,3
6,27
6,2
6,0
6,31
6,22
6,13
6,3
6,1
6,27
6,1
6,0
6,16
6,10
6,0
6,1
6,2
6,1
6,3
6,33
6,29
6,1
6,0
6,8
6,0
6,1
6,3
6,20
6,0
6,2
6,1
6,0
6,11
6,1
6,1
6,0
6,1
6,0
6,0
6,0
6,28
6,1
6,3
6,10
6,1
6,20
6,9
6,0
6,38
6,1
6,1
6,1
6,16
6,8
6,20
6,1
6,17
6,0
6,9
6,0
6,0
6,1
6,9
6,1
6,0
6,5
6,0
6,3
6,3
6,8
6,3
6,1
6,12
6,0
6,0
6,0
6,1
6,20
6,1
6,0
6,0
6,0
6,0
6,0
6,10
6,3
6,2
6,0
6,14
6,26
6,0
6,11
6,22
6,1
6,12
6,19
6,36
6,0
6,0
6,17
6,0
6,0
6,0
6,2
6,0
6,0
6,29
6,13
6,1
6,0
6,1
6,1
6,2
6,9
6,0
6,1
6,37
6,0
6,15
6,3
6,0
6,0
6,0
6,41
6,0
6,10
6,1
6,16
6,0
6,0
6,0
6,0
6,21
6,0
6,28
6,20
6,1
6,9
6,14
6,14
6,1
6,2
6,12
6,26
6,1
6,11
6,1
6,35
6,0
6,7
6,20
6,1
6,0
6,0
6,31
6,3
6,0
6,11
6,3
6,0
6,26
6,9
6,1
6,1
6,0
6,0
6,3
6,0
6,0
8,17
8,33
8,9
8,5
8,87
8,20
8,1
8,5
8,3
8,2
8,33
8,2
8,21
8,13
8,0
8,4
8,3
8,28
8,19
8,30
8,0
8,0
8,5
8,1
8,14
8,6
8,33
8,1
8,18
8,20
8,26
8,6
8,3
8,38
8,0
8,40
8,6
8,32
8,6
8,41
8,0
8,1
8,42
8,34
8,4
8,13
8,11
8,19
8,0
8,26
8,0
8,14
8,26
8,7
8,20
8,39
8,8
8,2
8,31
8,7
8,10
8,36
8,0
8,15
8,3
8,4
8,0
8,10
8,20
8,0
8,12
8,23
8,10
8,55
8,36
8,0
8,25
8,41
8,9
8,0
8,1
8,0
8,4
8,0
8,5
8,25
8,30
8,43
8,36
8,7
8,29
8,10
8,4
8,0
8,21
8,5
8,6
8,4
8,40
8,17
8,34
8,6
8,46
8,4
8,1
8,36
8,0
8,30
8,36
8,31
8,11
8,18
8,0
8,8
8,4
8,26
8,4
8,27
8,9
8,33
8,3
8,25
8,54
8,0
8,0
8,36
8,2
8,14
8,2
8,1
8,0
8,0
8,15
8,10
8,2
8,14
8,31
8,0
8,50
8,0
8,15
8,29
8,66
8,0
8,13
8,20
8,5
8,54
8,38
8,92
8,28
8,13
8,0
8,59
8,8
8,8
8,1
8,6
8,19
8,0
8,39
8,13
8,25
8,0
8,0
8,20
8,8
8,1
8,28
8,13
8,7
8,1
8,4
8,11
8,19
8,0
8,31
8,6
8,29
8,10
8,1
8,1
8,6
8,30
8,0
8,28
8,0
8,72
8,20
8,16
8,13
8,13
8,31
8,0
8,16
8,17
8,1
8,17
8,44
8,0
8,46
8,0
8,38
8,9
8,0
8,50
8,1
8,1
8,30
8,22
8,4
8,18
8,16
8,2
8,7
8,14
8,17
8,13
8,27
8,33
8,38
8,1
8,8
8,0
8,47
8,0
8,26
8,3
8,10
8,2
8,53
8,31
8,35
8,6
8,0
8,26
8,3
8,9
8,59
8,0
8,1
8,18
8,7
8,73
8,52
8,4
8,59
8,52
8,48
8,18
8,1
8,0
8,51
8,4
8,23
8,46
8,1
8,14
8,2
8,42
8,54
8,1
8,27
8,2
8,10
8,3
8,4
8,7
8,0
8,12
8,21
8,3
8,0
8,10
8,8
8,4
8,4
8,11
8,46
8,51
8,17
8,8
8,15
8,0
8,1
8,23
8,8
8,8
8,17
8,0
8,26
8,3
8,1
8,22
8,22
8,19
8,13
8,52
8,0
8,6
8,62
8,9
8,33
8,21
8,0
8,1
8,2
8,14
8,28
8,12
8,14
8,80
8,7
8,2
8,29
8,13
8,25
8,41
8,1
8,1
8,13
8,105
8,32
8,0
8,1
8,16
8,17
8,7
8,0
8,0
8,39
8,1
8,19
8,13
8,0
8,17
8,43
8,3
8,36
8,0
8,0
8,30
8,0
8,58
8,3
8,0
8,0
8,22
8,20
8,1
8,0
8,1
8,0
8,0
8,51
8,1
8,42
8,1
8,1
8,3
8,15
8,10
8,11
8,36
8,2
8,0
8,0
8,16
8,57
8,30
8,16
8,4
8,25
8,0
8,5
8,2
8,0
8,0
8,0
8,20
8,0
8,46
8,60
8,2
8,77
8,75
8,10
8,29
8,15
8,33
8,18
8,10
8,46
8,1
8,49
8,17
8,52
8,25
8,49
8,16
8,1
8,27
8,13
8,1
8,10
8,22
8,34
8,77
8,27
8,25
8,6
8,17
8,13
8,39
8,12
8,1
8,22
8,53
8,0
8,17
8,21
8,6
8,46
8,0
8,63
8,0
8,3
8,22
8,26
8,6
8,3
8,0
8,1
8,29
8,67
8,48
8,46
8,1
8,23
8,23
8,10
8,1
8,8
8,5
8,2
8,16
8,6
8,18
8,7
8,15
8,9
8,63
8,16
8,1
8,30
8,27
8,0
8,45
8,34
8,61
8,33
8,29
8,0
8,27
8,6
8,0
8,62
8,41
8,10
8,45
8,66
8,0
8,0
8,26
8,5
8,2
8,18
8,2
8,79
8,0
8,10
8,2
8,37
8,32
8,34
8,22
8,0
8,10
8,1
8,1
8,21
8,24
8,1
8,30
8,1
8,41
8,66
8,0
8,1
8,42
8,9
8,36
8,1
8,13
8,2
8,13
8,32
8,10
8,15
8,0
8,42
8,0
8,2
8,9
8,43
8,0
8,19
8,2
8,4
8,26
8,0
8,39
8,34
8,37
8,0
8,3
8,13
8,73
8,0
8,59
8,15
8,45
8,31
8,1
8,83
8,5
8,52
8,28
8,36
8,31
8,18
8,18
8,22
8,28
8,40
8,1
8,35
8,31
8,60
8,27
8,2
8,21
8,9
8,0
8,2
8,0
8,5
8,15
8,62
8,15
8,16
8,19
8,0
8,2
8,11
8,3
8,1
8,22
8,0
8,0
8,49
8,6
8,37
8,64
8,0
8,13
8,44
8,0
8,1
8,16
8,20
8,2
8,35
8,53
8,3
8,10
8,7
8,55
8,60
8,31
8,47
8,31
8,0
8,0
8,0
8,19
8,0
8,4
8,33
8,42
8,75
8,17
8,1
8,21
8,0
8,45
8,27
8,12
8,29
8,6
8,51
8,9
8,0
8,2
8,66
8,72
8,2
8,6
8,7
8,60
8,68
8,29
8,39
8,6
8,0
8,21
8,48
8,0
8,1
8,27
8,19
8,14
8,31
8,0
8,35
8,19
8,23
8,1
8,28
8,40
8,1
8,10
8,22
8,0
8,7
8,8
8,15
8,2
8,3
8,20
8,35
8,4
8,0
8,11
8,47
8,23
8,0
8,26
8,51
8,1
8,61
8,18
8,0
8,46
8,20
8,23
8,72
8,16
8,4
8,33
8,30
8,7
8,25
8,1
8,14
8,15
8,3
8,40
8,3
8,49
8,24
8,2
8,0
8,65
8,1
8,33
8,1
8,12
8,20
8,41
8,13
8,0
8,12
8,39
8,12
8,0
8,30
8,1
8,10
8,0
8,67
8,0
8,1
8,20
8,22
8,0
8,13
8,35
8,7
8,89
8,40
8,2
8,0
8,36
8,43
8,0
8,3
8,10
8,5
8,14
8,49
8,8
8,10
8,6
8,1
8,68
8,59
8,2
8,3
8,8
8,21
8,30
8,0
8,8
8,21
8,31
8,27
8,1
8,10
8,10
8,19
8,2
8,5
8,2
8,0
8,25
8,2
8,16
8,27
8,12
8,8
8,13
8,2
8,1
8,19
8,17
8,45
8,37
8,20
8,36
8,11
8,9
8,2
8,42
8,21
8,7
8,5
8,27
8,3
8,29
8,5
8,26
8,3
8,14
8,13
8,25
8,0
8,42
8,1
8,20
8,33
8,7
8,6
8,41
8,0
8,2
8,5
8,18
8,0
8,56
8,3
8,16
8,9
8,3
8,4
8,4
8,2
8,18
8,0
8,21
8,7
8,4
8,34
8,72
8,29
8,17
8,23
8,19
8,0
8,1
8,4
8,0
8,19
8,38
8,2
8,50
8,22
8,7
8,15
8,18
8,1
8,15
8,6
8,4
8,34
8,1
8,1
8,21
8,26
8,2
8,29
8,2
8,28
8,39
8,4
8,11
8,9
8,33
8,31
8,5
8,0
8,40
8,24
8,16
8,39
8,64
8,24
8,53
8,5
8,12
8,18
8,61
8,29
8,28
8,6
8,4
8,0
8,106
8,20
8,20
8,49
8,36
8,0
8,1
8,29
8,6
8,20
8,12
8,24
8,5
8,3
8,57
8,43
8,22
8,20
8,34
8,83
8,0
8,17
8,34
8,49
8,0
8,8
8,14
8,21
8,37
8,40
8,44
8,1
8,8
8,0
8,65
8,5
8,4
8,1
8,48
8,1
8,11
8,65
8,36
8,5
8,0
8,22
8,4
8,0
8,21
8,0
8,8
8,1
8,32
8,8
8,11
8,16
8,4
8,44
8,53
8,0
8,8
8,9
8,0
8,28
8,76
8,1
8,21
8,5
8,0
8,19
8,4
8,26
8,9
8,63
8,2
8,6
8,23
8,53
8,36
8,9
8,0
8,22
8,1
8,1
8,0
8,2
8,1
8,0
8,3
8,0
8,14
8,0
8,37
8,34
8,20
8,0
8,37
8,3
8,18
8,5
8,35
8,4
8,52
8,18
8,22
8,0
8,43
8,19
8,0
8,16
8,14
8,5
8,4
8,1
8,0
8,16
8,4
8,44
8,52
8,1
8,11
8,30
8,1
8,26
8,2
8,22
8,15
8,5
8,18
8,7
8,0
8,21
8,15
8,3
8,0
8,31
8,5
8,0
8,15
8,6
8,6
8,14
8,1
8,1
8,18
8,38
8,2
8,11
8,40
8,9
8,53
8,13
8,19
8,6
8,1
8,5
8,13
8,35
8,5
8,12
8,25
8,23
8,1
8,35
8,17
8,0
8,64
8,3
8,18
8,7
8,21
8,4
8,59
8,3
8,17
8,29
8,66
8,1
8,41
8,2
8,0
8,0
8,1
8,16
8,35
8,23
8,11
8,35
8,14
8,9
8,13
8,69
8,31
8,1
8,6
8,35
8,4
8,28
8,1
8,31
8,37
8,30
8,22
8,4
8,8
8,17
8,2
8,10
8,1
8,35
8,2
8,18
8,7
8,17
8,0
8,66
8,0
8,79
8,10
8,2
8,1
8,16
8,26
8,13
8,50
8,17
8,6
8,23
8,19
8,39
8,22
8,13
8,6
8,0
8,33
8,48
8,0
8,6
8,10
8,10
8,27
8,11
8,20
8,1
8,46
8,15
8,2
8,12
8,37
8,47
8,13
8,14
8,4
8,1
8,1
8,0
8,55
8,32
8,58
8,0
8,50
8,40
8,42
8,19
8,14
8,0
8,1
8,11
8,25
8,0
8,47
8,36
8,9
8,3
8,10
8,48
8,37
8,1
8,0
8,25
8,5
8,0
8,35
8,33
8,43
8,0
8,1
8,16
8,29
8,47
8,0
8,73
8,39
8,11
8,24
8,14
8,2
8,35
8,35
8,1
8,16
8,29
8,8
8,38
8,47
8,0
8,5
8,24
8,38
8,52
8,54
8,0
8,2
8,7
8,0
8,1
8,69
8,39
8,24
8,24
8,6
8,6
8,25
8,2
8,18
8,0
8,26
8,36
8,2
8,13
8,64
8,36
8,44
8,19
8,13
8,15
8,58
8,26
8,4
8,16
8,1
8,75
8,14
8,38
8,35
8,31
8,7
8,34
8,1
8,22
8,13
8,21
8,27
8,83
8,18
8,0
8,3
8,1
8,40
8,50
8,45
8,27
8,0
8,41
8,35
8,23
8,1
8,59
8,3
8,38
8,14
8,2
8,13
8,6
8,12
8,7
8,2
8,12
8,26
8,22
8,23
8,7
8,65
8,0
8,17
8,27
8,14
8,9
8,14
8,47
8,23
8,26
8,8
10,16
10,1
10,2
10,4
10,20
10,0
10,42
10,29
10,9
10,12
10,11
10,48
10,46
10,63
10,14
10,0
10,45
10,0
10,10
10,43
10,22
10,10
10,58
10,10
10,27
10,30
10,18
10,40
10,34
10,0
10,0
10,4
10,38
10,51
10,1
10,5
10,0
10,1
10,51
10,2
10,37
10,21
10,1
10,0
10,56
10,0
10,35
10,66
10,18
10,43
10,36
10,39
10,45
10,3
10,7
10,9
10,26
10,0
10,11
10,73
10,0
10,22
10,0
10,3
10,46
10,53
10,0
10,50
10,26
10,75
10,29
10,14
10,1
10,1
10,60
10,76
10,0
10,1
10,79
10,27
10,18
10,5
10,43
10,20
10,32
10,1
10,46
10,1
10,121
10,7
10,31
10,21
10,0
10,20
10,71
10,59
10,0
10,4
10,0
10,0
10,40
10,29
10,15
10,103
10,54
10,50
10,6
10,0
10,87
10,0
10,49
10,89
10,20
10,35
10,0
10,25
10,69
10,6
10,31
10,38
10,27
10,30
10,27
10,5
10,44
10,0
10,37
10,43
10,61
10,10
10,36
10,11
10,51
10,15
10,0
10,0
10,2
10,0
10,0
10,0
10,2
10,17
10,2
10,11
10,11
10,1
10,0
10,0
10,17
10,26
10,24
10,1
10,2
10,20
10,5
10,7
10,73
10,0
10,10
10,0
10,0
10,1
10,17
10,43
10,31
10,38
10,0
10,29
10,19
10,24
10,5
10,3
10,30
10,4
10,36
10,39
10,38
10,14
10,0
10,42
10,60
10,2
10,2
10,1
10,9
10,16
10,1
10,0
10,0
10,13
10,0
10,14
10,25
10,47
10,56
10,14
10,1
10,3
10,0
10,23
10,2
10,24
10,6
10,12
10,1
10,11
10,46
10,0
10,1
10,7
10,10
10,2
10,19
10,0
10,18
10,20
10,33
10,10
10,44
10,5
10,35
10,5
10,2
10,0
10,11
10,0
10,3
10,25
10,26
10,4
10,44
10,50
10,0
10,17
10,23
10,36
10,4
10,1
10,0
10,10
10,1
10,0
10,37
10,0
10,53
10,0
10,26
10,13
10,20
10,18
10,37
10,2
10,22
10,0
10,4
10,45
10,37
10,83
10,29
10,26
10,3
10,0
10,22
10,33
10,53
10,17
10,71
10,8
10,0
10,0
10,1
10,48
10,63
10,7
10,21
10,31
10,8
10,2
10,14
10,1
10,52
10,2
10,43
10,50
10,6
10,42
10,48
10,52
10,0
10,3
10,33
10,35
10,16
10,31
10,0
10,5
10,7
10,19
10,1
10,65
10,18
10,25
10,51
10,0
10,13
10,22
10,0
10,4
10,93
10,4
10,14
10,29
10,39
10,43
10,17
10,10
10,10
10,36
10,36
10,28
10,0
10,8
10,12
10,12
10,30
10,0
10,15
10,0
10,43
10,37
10,7
10,109
10,63
10,20
10,0
10,1
10,23
10,1
10,22
10,52
10,4
10,0
10,39
10,53
10,7
10,29
10,11
10,0
10,9
10,14
10,20
10,2
10,24
10,4
10,85
10,17
10,0
10,0
10,20
10,57
10,16
10,9
10,3
10,82
10,32
10,0
10,18
10,2
10,48
10,62
10,36
10,29
10,72
10,12
10,7
10,1
10,19
10,6
10,16
10,13
10,19
10,1
10,78
10,18
10,2
10,27
10,52
10,45
10,0
10,3
10,9
10,1
10,9
10,20
10,22
10,38
10,22
10,0
10,13
10,24
10,26
10,23
10,1
10,5
10,0
10,19
10,46
10,0
10,19
10,100
10,2
10,51
10,52
10,11
10,2
10,0
10,0
10,22
10,0
10,34
10,26
10,36
10,0
10,8
10,36
10,13
10,23
10,32
10,19
10,36
10,38
10,28
10,40
10,0
10,5
10,72
10,12
10,73
10,1
10,9
10,49
10,0
10,1
10,6
10,31
10,2
10,3
10,1
10,1
10,23
10,68
10,6
10,16
10,1
10,5
10,1
10,37
10,46
10,49
10,28
10,11
10,138
10,79
10,4
10,60
10,21
10,0
10,17
10,17
10,12
10,40
10,14
10,0
10,1
10,18
10,41
10,5
10,33
10,34
10,61
10,29
10,8
10,1
10,31
10,3
10,15
10,12
10,43
10,24
10,1
10,15
10,1
10,43
10,0
10,87
10,0
10,42
10,4
10,23
10,14
10,13
10,31
10,36
10,0
10,27
10,0
10,0
10,39
10,8
10,2
10,3
10,25
10,0
10,23
10,4
10,6
10,2
10,8
10,13
10,2
10,2
10,0
10,0
10,0
10,73
10,35
10,0
10,0
10,2
10,0
10,110
10,52
10,76
10,18
10,19
10,38
10,25
10,1
10,0
10,27
10,17
10,4
15,1
15,46
15,16
15,3
15,14
15,0
15,0
15,39
15,46
15,14
15,18
15,6
15,2
15,20
15,24
15,0
15,1
15,16
15,0
15,1
15,13
15,1
15,31
15,19
15,2
15,5
15,3
15,21
15,5
15,11
15,16
15,18
15,0
15,15
15,11
15,54
15,54
15,15
15,14
15,35
15,60
15,29
15,12
15,39
15,49
15,36
15,20
15,36
15,54
15,1
15,46
15,20
15,13
15,0
15,1
15,111
15,33
15,6
15,2
15,32
15,34
15,40
15,25
15,1
15,1
15,0
15,38
15,16
15,0
15,0
15,0
15,21
15,14
15,21
15,11
15,96
15,5
15,13
15,13
15,0
15,26
15,32
15,9
15,0
15,2
15,34
15,12
15,1
15,25
15,25
15,7
15,6
15,43
15,7
15,55
15,3
15,26
15,9
15,0
15,1
15,4
15,0
15,5
15,17
15,0
15,0
15,0
15,0
15,8
15,1
15,44
15,0
15,0
15,41
15,0
15,5
15,3
15,3
15,5
15,1
15,12
15,0
15,4
15,26
15,23
15,13
15,1
15,3
15,23
15,0
15,86
15,5
15,29
15,0
15,0
15,0
15,30
15,22
15,9
15,34
15,54
15,15
15,0
15,1
15,1
15,5
15,16
15,0
15,19
15,23
15,17
15,46
15,3
15,3
15,68
15,24
15,20
15,9
15,10
15,21
15,0
15,11
15,3
15,14
15,30
15,5
15,38
15,38
15,40
15,15
15,0
15,0
15,49
15,0
15,36
15,6
15,3
15,0
15,69
15,6
15,23
15,34
15,27
15,4
15,21
15,9
15,15
15,3
15,2
15,50
15,38
15,15
15,40
15,15
15,6
15,24
15,11
15,0
15,14
15,7
15,0
15,1
15,29
15,0
15,5
15,71
15,17
15,50
15,38
15,7
15,0
15,6
15,22
15,20
15,38
15,7
15,15
15,40
15,5
15,44
15,11
15,24
15,44
15,14
15,24
15,9
15,11
15,39
15,7
15,37
15,4
15,11
15,12
15,29
15,1
15,1
15,54
15,100
15,16
15,30
15,65
15,25
15,48
15,20
15,3
15,14
15,10
15,3
15,10
15,17
15,20
15,27
15,19
15,49
15,98
15,0
15,17
15,0
15,18
15,55
15,26
15,30
15,3
15,46
15,37
15,12
15,1
15,39
15,6
15,56
15,28
15,29
15,0
15,49
15,4
15,0
15,94
15,51
15,59
15,34
15,23
15,41
15,26
15,37
15,0
15,8
15,30
15,52
15,2
15,20
15,3
15,12
15,45
15,18
15,22
15,6
15,45
15,1
15,2
15,35
15,16
15,4
15,14
15,10
15,26
15,38
15,16
15,27
15,3
15,64
15,22
15,93
15,94
15,39
15,69
15,1
15,16
15,12
15,3
15,1
15,16
15,34
15,5
15,21
15,0
15,1
15,39
15,0
15,27
15,27
15,11
15,61
15,3
15,0
15,31
15,6
15,35
15,14
15,2
15,29
15,92
15,25
15,56
15,35
15,32
15,16
15,60
15,21
15,3
15,9
15,17
15,23
15,49
15,52
15,23
15,0
15,0
15,47
15,10
15,67
15,16
15,9
15,8
15,97
15,0
15,0
15,55
15,32
15,71
15,1
15,25
15,12
15,51
15,19
15,4
15,5
15,58
15,0
15,10
15,8
15,43
15,69
15,0
15,61
15,9
15,6
15,20
15,22
15,6
15,6
15,14
15,8
15,20
15,9
15,18
15,25
15,55
15,73
15,31
15,3
15,1
15,29
15,49
15,7
15,23
15,6
15,2
15,33
15,0
15,7
15,5
15,3
15,0
15,54
15,6
15,33
15,4
15,0
15,31
15,15
15,12
15,1
15,10
15,3
15,14
15,15
15,27
15,15
15,13
15,9
15,39
15,30
15,9
15,0
15,8
15,37
15,17
15,8
15,30
15,8
15,14
15,3
15,25
15,1
15,11
15,23
15,23
15,39
15,39
15,1
15,50
15,19
15,1
15,16
15,21
15,14
15,14
15,8
15,16
15,1
15,26
15,4
15,35
15,32
15,30
15,12
15,0
15,37
15,17
15,6
15,12
15,34
15,16
15,0
15,27
15,5
15,7
15,23
15,40
15,2
15,19
15,0
15,8
15,1
15,7
15,30
15,1
15,40
15,28
15,22
15,87
15,32
15,43
15,28
15,0
15,0
15,9
15,36
15,54
15,0
15,37
15,27
15,1
15,0
15,34
15,7
15,20
15,58
15,12
15,1
15,7
15,0
15,20
15,47
15,32
15,0
15,12
15,7
15,31
15,1
15,11
15,22
15,0
15,56
15,27
15,37
15,0
15,11
15,37
15,38
15,48
15,49
15,23
15,12
15,5
15,32
15,19
15,41
15,3
15,31
15,38
15,25
15,9
15,51
15,2
15,6
15,25
15,25
15,14
15,25
15,38
15,40
15,1
15,21
15,24
15,28
15,35
15,52
15,14
15,16
15,22
15,10
15,2
15,3
15,10
15,8
15,19
15,3
15,12
15,11
15,12
15,19
15,0
15,15
15,16
15,41
15,30
15,12
15,28
15,24
15,4
15,0
15,21
15,7
15,25
15,0
15,0
15,1
15,1
15,72
15,0
15,1
15,1
15,49
15,11
15,0
15,77
15,14
15,2
15,16
15,3
15,19
15,0
15,6
15,33
15,10
15,4
15,9
15,31
15,46
15,19
15,64
15,22
15,6
15,9
15,14
15,30
15,0
15,0
15,2
15,6
15,18
15,13
15,10
15,5
15,19
15,8
15,30
15,35
15,22
15,4
15,2
15,9
15,4
15,47
15,52
15,30
15,68
15,78
15,15
15,0
15,28
15,22
15,6
15,3
15,6
15,3
15,8
15,9
15,45
15,0
15,15
15,26
15,18
15,12
15,10
15,32
15,1
15,67
15,12
15,14
15,2
15,0
15,34
15,5
15,0
15,6
15,35
15,16
15,27
15,24
15,14
15,20
15,28
15,27
15,26
15,18
15,27
15,0
15,0
15,66
15,21
15,36
15,30
15,10
15,67
15,36
15,32
15,0
15,4
15,73
15,2
15,0
15,4
15,2
15,13
15,5
15,30
15,6
15,1
15,47
15,24
15,14
15,16
15,54
15,3
15,0
15,17
15,10
15,7
15,1
15,20
15,26
15,0
15,19
15,20
15,26
15,41
15,5
15,2
15,25
15,1
15,21
15,17
15,19
15,23
15,2
15,0
15,6
15,95
15,50
15,32
15,18
15,25
15,13
15,0
15,3
15,9
15,31
15,37
15,0
15,20
15,18
15,5
15,21
15,0
15,31
15,1
15,38
15,31
15,48
15,28
15,24
15,7
15,2
15,13
15,0
15,44
15,1
15,23
15,99
15,2
15,16
15,0
15,12
15,2
15,19
15,0
15,0
15,7
15,2
15,18
15,0
15,25
15,37
15,15
15,23
15,10
15,0
15,0
15,18
15,1
15,25
15,8
15,21
15,21
15,2
15,9
15,6
15,11
15,19
15,39
15,4
15,1
15,19
15,9
15,6
15,16
15,3
15,58
15,11
15,32
15,0
15,0
15,31
15,14
15,7
15,54
15,17
15,3
15,8
15,2
15,1
15,26
15,7
15,27
15,11
15,0
15,5
15,0
15,0
15,16
20,9
20,21
20,1
20,11
20,14
20,19
20,0
20,46
20,1
20,30
20,47
20,82
20,3
20,9
20,48
20,1
20,12
20,73
20,29
20,0
20,6
20,67
20,7
20,0
20,1
20,11
20,6
20,0
20,15
20,46
20,2
20,0
20,4
20,14
20,2
20,35
20,31
20,36
20,39
20,12
20,77
20,2
20,18
20,1
20,55
20,14
20,17
20,98
20,17
20,9
20,2
20,39
20,1
20,84
20,9
20,17
20,2
20,1
20,49
20,5
20,0
20,30
20,28
20,32
20,20
20,0
20,14
20,32
20,49
20,4
20,1
20,1
20,48
20,5
20,39
20,16
20,31
20,2
20,1
20,71
20,0
20,6
20,8
20,89
20,35
20,89
20,35
20,9
20,3
20,2
20,19
20,2
20,11
20,8
20,26
20,13
20,9
20,8
20,71
20,1
20,1
20,16
20,5
20,0
20,31
20,0
20,0
20,4
20,3
20,23
20,0
20,25
20,16
20,24
20,52
20,25
20,15
20,0
20,9
20,10
20,75
20,10
20,93
20,21
20,0
20,52
20,0
20,46
20,22
20,24
20,17
20,62
20,7
20,46
20,1
20,15
20,5
20,20
20,40
20,0
20,23
20,28
20,20
20,30
20,5
20,44
20,10
20,0
20,20
20,76
20,32
20,45
20,19
20,47
20,45
20,1
20,75
20,7
20,84
20,0
20,7
20,20
20,36
20,25
20,34
20,0
20,35
20,7
20,24
20,12
20,12
20,4
20,13
20,23
20,45
20,28
20,19
20,12
20,19
20,11
20,1
20,6
20,14
20,6
20,38
20,3
20,28
20,41
20,3
20,29
20,0
20,0
20,34
20,14
20,52
20,56
20,1
20,15
20,23
20,12
20,0
20,17
20,20
20,11
20,61
20,32
20,16
20,88
20,28
20,2
20,58
20,19
20,11
20,0
20,39
20,46
20,73
20,2
20,68
20,10
20,29
20,4
20,16
20,55
20,7
20,84
20,41
20,10
20,13
20,0
20,27
20,56
20,24
20,65
20,46
20,2
20,72
20,25
20,17
20,1
20,75
20,10
20,19
20,9
20,42
20,15
20,21
20,19
20,8
20,33
20,10
20,49
20,2
20,15
20,0
20,18
20,33
20,44
20,11
20,54
20,9
20,0
20,10
20,12
20,4
20,12
20,14
20,4
20,34
20,13
20,5
20,53
20,1
20,29
20,50
20,35
20,24
20,12
20,23
20,1
20,30
20,2
20,15
20,15
20,3
20,4
20,0
20,12
20,0
20,22
20,0
20,36
20,10
20,0
20,67
20,39
20,15
20,15
20,1
20,2
20,69
20,0
20,126
20,27
20,37
20,58
20,45
20,10
20,27
20,3
20,41
20,55
20,5
20,14
20,3
20,79
20,10
20,32
20,76
20,17
20,12
20,1
20,6
20,79
20,1
20,56
20,9
20,0
20,20
20,33
20,2
20,17
20,13
20,53
20,12
20,29
20,36
20,20
20,8
20,63
20,4
20,45
20,4
20,29
20,91
20,17
20,7
20,25
20,3
20,18
20,33
20,26
20,16
20,11
20,7
20,21
20,71
20,37
20,7
20,48
20,36
20,76
20,42
20,55
20,0
20,32
20,18
20,9
20,5
20,0
20,2
20,11
20,18
20,41
20,24
20,7
20,10
20,2
20,10
20,0
20,51
20,0
20,55
20,2
20,41
20,19
20,0
20,17
20,54
20,45
20,28
20,0
20,15
20,39
20,41
20,16
20,2
20,25
20,0
20,27
20,46
20,9
20,15
20,7
20,9
20,11
20,2
20,12
20,44
20,1
20,66
20,0
20,38
20,12
20,40
20,74
20,1
20,38
20,0
20,13
20,21
20,3
20,3
20,50
20,42
20,26
20,6
20,4
20,3
20,0
20,47
20,23
20,0
20,15
20,20
20,11
20,58
20,1
20,11
20,0
20,13
20,3
20,10
20,10
20,44
20,22
20,30
20,0
20,0
20,40
20,22
20,3
20,0
20,9
20,5
20,9
20,4
20,113
20,16
20,15
20,22
20,0
20,17
20,25
20,13
20,7
20,59
20,3
20,11
20,70
20,27
20,60
20,46
20,1
20,32
20,13
20,1
20,0
20,31
20,42
20,15
20,10
20,3
20,13
20,3
20,37
20,61
20,28
20,0
20,20
20,5
20,30
20,16
20,21
20,70
20,1
20,23
20,21
20,31
20,7
20,13
20,2
20,7
20,18
20,35
20,4
20,1
20,87
20,0
20,6
20,58
20,26
20,4
20,1
20,29
20,26
20,35
20,10
20,3
20,1
20,20
20,0
20,26
20,43
20,66
20,13
20,29
20,37
20,20
20,0
20,0
20,3
20,13
20,54
20,0
20,11
20,21
20,1
20,11
20,16
20,15
20,93
20,2
20,28
20,1
20,42
20,60
20,82
20,37
20,5
20,15
20,21
20,15
20,28
20,38
20,23
20,13
20,51
20,3
20,76
20,4
20,49
20,0
20,20
20,1
20,5
20,0
20,43
20,1
20,0
20,46
20,20
20,30
20,2
20,45
20,27
20,43
20,2
20,8
20,3
20,10
20,26
20,14
20,65
20,1
20,8
20,50
20,14
20,54
20,0
20,21
20,31
20,10
20,1
20,7
20,71
20,25
20,53
20,1
20,6
20,77
20,2
20,15
20,16
20,46
20,25
20,44
20,0
20,6
20,32
20,7
20,45
20,9
20,22
20,2
20,22
20,24
20,35
20,38
20,0
20,32
20,3
20,47
20,64
20,7
20,0
20,5
20,33
20,6
20,102
20,10
20,76
20,3
20,21
20,22
20,1
20,0
20,9
20,3
20,22
20,3
20,11
20,7
20,5
20,54
20,0
20,1
20,3
20,0
20,25
20,0
20,4
20,14
20,0
20,24
20,0
20,2
20,29
20,4
20,10
20,5
20,23
20,19
20,15
20,27
20,24
20,1
20,8
20,15
20,100
20,32
20,29
20,55
20,19
20,43
20,1
20,3
20,5
20,47
20,14
20,24
20,16
20,1
20,2
20,58
20,28
20,75
20,34
20,21
20,35
20,24
20,3
20,26
20,15
20,25
20,60
20,0
20,40
20,5
20,39
20,0
20,12
20,1
20,34
20,10
20,15
20,15
20,10
20,11
20,71
20,8
20,3
20,36
20,1
20,0
20,7
20,2
20,34
20,1
20,0
20,17
20,37
20,27
20,4
20,7
20,16
20,10
20,24
20,12
20,23
20,18
20,17
20,4
20,18
20,7
20,4
20,1
20,21
20,26
20,8
20,47
20,4
20,21
20,42
20,2
20,1
20,19
20,7
20,24
20,23
20,52
20,45
20,19
20,13
20,1
20,40
20,25
20,0
20,8
20,18
20,20
20,6
20,43
20,0
20,56
20,22
20,49
20,18
20,18
20,3
20,6
20,38
20,34
20,1
20,16
20,20
20,41
20,0
20,0
20,0
20,9
20,16
20,51
20,51
20,13
20,9
20,93
20,48
20,2
20,1
20,14
20,29
20,31
20,4
20,20
20,8
20,3
20,5
20,13
20,30
20,0
20,23
20,1
20,11
20,18
20,13
20,49
20,0
20,48
20,1
20,37
20,0
20,18
20,16
20,24
20,57
20,0
20,21
20,39
20,65
20,19
20,16
20,79
20,39
20,10
20,120
20,56
20,34
20,25
20,16
20,18
20,62
20,1
20,7
20,0
20,13
20,41
20,4
20,17
20,12
20,1
20,39
20,15
20,7
20,15
20,31
20,84
20,14
20,0
20,2
20,13
20,4
20,18
20,0
20,10
20,1
20,26
20,7
20,22
20,1
20,14
20,31
20,47
20,0
20,1
20,0
20,1
20,53
20,7
20,6
20,0
20,49
20,25
20,3
20,18
20,14
20,10
20,76
20,13
20,62
20,1
20,25
20,39
20,7
20,19
20,64
20,6
20,7
20,3
20,80
20,3
20,15
20,3
20,14
20,6
20,1
20,1
20,41
20,8
20,44
20,10
20,7
20,0
20,31
20,0
20,62
20,52
20,0
20,11
20,5
20,63
20,15
20,24
20,17
20,10
20,26
20,2
20,64
20,4
20,16
20,4
20,78
20,40
20,14
20,4
20,7
20,22
20,10
20,3
20,5
20,3
20,13
20,5
20,0
20,11
20,6
20,0
20,18
20,17
20,16
20,2
20,1
20,48
20,41
20,7
20,32
20,15
20,0
20,34
20,0
20,11
20,0
20,6
20,6
20,25
20,4
20,0
20,4
20,25
20,2
20,3
20,36
20,37
20,24
20,2
20,12
20,15
20,83
20,21
20,4
20,10
20,56
20,56
20,5
20,15
20,4
20,11
20,19
20,0
20,64
20,23
20,0
20,14
20,3
20,0
20,0
20,18
20,9
20,33
20,48
20,0
20,17
20,22
20,28
20,2
20,1
20,29
20,14
20,4
20,8
20,37
20,31
20,47
20,39
20,1
20,3
20,4
20,0
20,17
20,1
20,9
20,1
20,0
20,35
20,6
20,8
20,24
20,0
20,22
20,29
20,7
20,24
20,54
20,26
20,26
20,2
20,14
20,0
20,2
20,28
20,21
20,8
20,33
20,20
20,8
20,6
20,7
20,25
20,41
20,18
20,20
20,28
20,24
20,23
20,13
20,25
20,33
20,1
20,23
20,1
20,67
20,22
20,48
20,1
20,17
20,0
20,24
20,2
20,85
20,80
20,10
20,47
20,13
20,9
20,69
20,3
20,7
20,25
20,14
20,18
20,33
20,97
20,14
20,1
20,7
20,5
20,12
20,20
20,66
20,29
20,22
20,36
20,4
20,2
20,4
20,18
20,32
20,21
20,1
20,39
20,31
20,40
20,77
20,14
20,18
20,39
20,12
20,35
20,30
20,33
20,38
20,0
20,10
20,15
20,47
20,17
20,38
20,29
20,27
20,27
20,14
20,34
20,3
20,1
20,23
20,35
20,1
20,45
20,22
20,8
20,12
20,20
20,3
20,5
20,32
20,23
20,1
20,29
20,2
20,66
20,16
20,5
20,36
20,25
20,10
20,8
20,38
20,4
20,26
20,0
20,21
20,37
20,15
20,36
20,21
20,9
20,52
20,13
20,52
20,2
25,13
25,4
25,1
25,13
25,10
25,0
25,19
25,47
25,48
25,0
25,33
25,0
25,19
25,0
25,7
25,5
25,33
25,8
25,36
25,8
25,16
25,6
25,43
25,14
25,9
25,25
25,5
25,12
25,6
25,11
25,0
25,1
25,6
25,35
25,41
25,24
25,26
25,51
25,30
25,13
25,9
25,44
25,0
25,5
25,18
25,34
25,13
25,13
25,1
25,3
25,53
25,4
25,17
25,4
25,9
25,26
25,3
25,8
25,27
25,30
25,20
25,0
25,41
25,8
25,4
25,12
25,17
25,29
25,0
25,5
25,9
25,17
25,3
25,7
25,6
25,0
25,19
25,21
25,69
25,19
25,40
25,0
25,6
25,14
25,10
25,7
25,20
25,2
25,7
25,8
25,10
25,6
25,11
25,4
25,27
25,24
25,23
25,33
25,0
25,1
25,7
25,7
25,4
25,4
25,2
25,57
25,5
25,9
25,1
25,12
25,0
25,37
25,3
25,1
25,10
25,0
25,0
25,9
25,1
25,1
25,0
25,10
25,8
25,0
25,0
25,0
25,1
25,1
25,47
25,50
25,23
25,3
25,13
25,5
25,1
25,20
25,54
25,67
25,11
25,11
25,9
25,12
25,17
25,19
25,0
25,31
25,9
25,3
25,15
25,14
25,15
25,24
25,76
25,1
25,1
25,9
25,23
25,43
25,7
25,16
25,10
25,10
25,39
25,19
25,7
25,14
25,9
25,7
25,18
25,2
25,15
25,17
25,30
25,0
25,6
25,13
25,9
25,9
25,0
25,18
25,1
25,30
25,25
25,0
25,1
25,26
25,7
25,31
25,9
25,1
25,0
25,51
25,9
25,24
25,0
25,1
25,15
25,1
25,9
25,43
25,12
25,14
25,2
25,20
25,1
25,0
25,7
25,0
25,14
25,24
25,6
25,39
25,31
25,10
25,14
25,10
25,4
25,17
25,8
25,9
25,2
25,9
25,0
25,4
25,2
25,4
25,10
25,19
25,15
25,2
25,0
25,10
25,0
25,7
25,14
25,37
25,0
25,8
25,53
25,1
25,7
25,18
25,3
25,33
25,18
25,10
25,15
25,3
25,40
25,5
25,3
25,20
25,14
25,34
25,78
25,9
25,49
25,6
25,57
25,3
25,30
25,0
25,5
25,31
25,16
25,16
25,5
25,0
25,20
25,45
25,21
25,53
25,38
25,8
25,15
25,8
25,0
25,8
25,11
25,9
25,5
25,26
25,3
25,18
25,4
25,2
25,55
25,20
25,15
25,19
25,1
25,12
25,17
25,33
25,35
25,11
25,5
25,1
25,25
25,11
25,52
25,18
25,5
25,1
25,5
25,0
25,10
25,3
25,1
25,12
25,5
25,35
25,1
25,0
25,4
25,0
25,24
25,5
25,14
25,9
25,18
25,3
25,5
25,5
25,21
25,29
25,13
25,25
25,8
25,3
25,0
25,18
25,7
25,39
25,16
25,0
25,2
25,25
25,20
25,42
25,54
25,0
25,29
25,8
25,2
25,10
25,0
25,13
25,3
25,24
25,20
25,15
25,45
25,1
25,11
25,34
25,11
25,5
25,21
25,1
25,10
25,4
25,0
25,1
25,0
25,8
25,1
25,20
25,30
25,43
25,5
25,12
25,5
25,2
25,1
25,14
25,1
25,8
25,0
25,2
25,5
25,4
25,2
25,15
25,13
25,15
25,24
25,0
25,1
25,30
25,12
25,2
25,36
25,47
25,17
25,15
25,53
25,12
25,4
25,5
25,24
25,20
25,2
25,3
25,43
25,1
25,46
25,41
25,10
25,5
25,4
25,0
25,5
25,19
25,9
25,11
25,55
25,29
25,9
25,1
25,1
25,0
25,24
25,0
25,2
25,19
25,14
25,50
25,5
25,40
25,14
25,2
25,31
25,47
25,4
25,11
25,9
25,8
25,26
25,24
25,23
25,1
25,0
25,47
25,27
25,1
25,7
25,16
25,20
25,4
25,12
25,10
25,19
25,2
25,23
25,29
25,14
25,0
25,12
25,12
25,11
25,9
25,0
25,22
25,28
25,25
25,0
25,5
25,1
25,8
25,8
25,1
25,9
25,8
25,13
25,26
25,11
25,8
25,29
25,19
25,6
25,11
25,23
25,6
25,18
25,26
25,13
25,1
25,30
25,6
25,11
25,32
25,23
25,2
25,37
25,10
25,12
25,18
25,24
25,25
25,12
25,6
25,12
25,1
25,27
25,5
25,0
25,12
25,6
25,18
25,1
25,11
25,7
25,26
25,7
25,44
25,3
25,0
25,3
25,17
25,23
25,18
25,13
25,2
25,32
25,4
25,12
25,22
25,12
25,15
25,4
25,20
25,31
25,28
25,3
25,11
25,17
25,31
25,0
25,32
25,0
25,47
25,67
25,34
25,48
25,22
25,0
25,0
25,22
25,3
25,9
25,11
25,33
25,26
25,14
25,5
25,16
25,20
25,6
25,17
25,36
25,70
25,6
25,5
25,5
25,45
25,9
25,6
25,6
25,6
25,22
25,68
25,44
25,20
25,3
25,1
25,0
25,31
25,5
25,12
25,4
25,20
25,25
25,14
25,5
25,0
25,37
25,32
25,42
25,2
25,6
30,0
30,14
30,6
30,1
30,16
30,19
30,43
30,18
30,7
30,5
30,15
30,12
30,9
30,6
30,40
30,43
30,34
30,8
30,3
30,1
30,1
30,2
30,16
30,5
30,24
30,24
30,2
30,7
30,6
30,27
30,0
30,1
30,2
30,10
30,15
30,2
30,4
30,12
30,5
30,18
30,4
30,7
30,21
30,5
30,1
30,0
30,16
30,9
30,7
30,11
30,6
30,19
30,33
30,0
30,22
30,15
30,19
30,3
30,41
30,2
30,4
30,12
30,1
30,2
30,7
30,13
30,5
30,10
30,8
30,55
30,18
30,17
30,34
30,0
30,11
30,15
30,5
30,10
30,8
30,21
30,6
30,10
30,36
30,1
30,24
30,27
30,0
30,25
30,34
30,35
30,6
30,5
30,18
30,0
30,0
30,48
30,18
30,43
30,31
30,52
30,8
30,1
30,24
30,0
30,1
30,24
30,48
30,5
30,17
30,10
30,8
30,19
30,29
30,3
30,21
30,15
30,2
30,5
30,5
30,5
30,13
30,20
30,34
30,14
30,8
30,2
30,17
30,11
30,4
30,13
30,25
30,8
30,33
30,1
30,2
30,36
30,9
30,8
30,2
30,20
30,3
30,14
30,27
30,2
30,0
30,9
30,31
30,39
30,7
30,6
30,0
30,6
30,5
30,12
30,14
30,0
30,14
30,7
30,63
30,19
30,18
30,5
30,52
30,3
30,3
30,19
30,0
30,0
30,23
30,15
30,4
30,11
30,0
30,7
30,0
30,3
30,30
30,3
30,6
30,5
30,65
30,9
30,0
30,3
30,1
30,6
30,1
30,14
30,4
30,7
30,14
30,20
30,59
30,5
30,1
30,13
30,1
30,36
30,2
30,5
30,24
30,10
30,9
30,11
30,2
30,20
30,1
30,9
30,2
30,30
30,0
30,14
30,3
30,17
30,20
30,9
30,25
30,3
30,15
30,0
30,31
30,15
30,2
30,11
30,16
30,0
30,17
30,8
30,11
30,31
30,2
30,1
30,12
30,26
30,0
30,6
30,6
30,22
30,17
30,10
30,0
30,28
30,11
30,44
30,8
30,1
30,16
30,3
30,3
30,5
30,22
30,5
30,22
30,17
30,13
30,13
30,11
30,14
30,23
30,0
30,3
30,17
30,13
30,2
30,0
30,17
30,1
30,18
30,10
30,0
30,1
30,32
30,8
30,2
30,9
30,2
30,4
30,15
30,18
30,8
30,26
30,0
30,19
30,20
30,17
30,11
30,7
30,7
30,3
30,13
30,14
30,6
30,21
30,3
30,7
30,3
30,4
30,1
30,15
30,29
30,10
30,4
30,11
30,0
30,6
30,12
30,2
30,5
30,10
30,7
30,29
30,14
30,10
30,19
30,46
30,10
30,10
30,17
30,0
30,72
30,5
30,34
30,11
30,15
30,26
30,28
30,3
30,17
30,2
30,0
30,1
30,15
30,12
30,0
30,29
30,5
30,13
30,11
30,0
30,41
30,6
30,2
30,34
30,23
30,2
30,36
30,5
30,11
30,3
30,0
30,9
30,3
30,1
30,36
30,1
30,20
30,6
30,26
30,8
30,14
30,4
30,0
30,8
30,9
30,0
30,13
30,17
30,15
30,18
30,19
30,12
30,5
30,3
30,14
30,10
30,3
30,4
30,33
30,6
30,8
30,104
30,9
30,0
30,6
30,9
30,5
30,14
30,11
30,1
30,1
30,34
30,10
30,3
30,7
30,22
30,81
30,9
30,15
30,8
30,25
30,10
30,16
30,5
30,10
30,1
30,6
30,4
30,1
30,1
30,1
30,6
30,0
30,5
30,6
30,16
30,35
30,24
30,7
30,6
30,16
30,16
30,14
30,5
30,2
30,6
30,62
30,10
30,0
30,15
30,36
30,24
30,23
30,17
30,31
30,14
30,13
30,7
30,3
30,7
30,8
30,0
30,12
30,12
30,26
30,0
30,3
30,0
30,2
30,1
30,0
30,2
30,24
30,12
30,0
30,0
30,2
30,20
30,2
30,9
30,0
30,11
30,8
30,45
30,30
30,6
30,30
30,57
30,43
30,9
30,36
30,9
30,52
30,22
30,28
30,13
30,23
30,1
30,11
30,17
30,17
30,6
30,0
30,15
30,1
30,8
30,24
30,5
30,8
30,6
30,19
30,5
30,26
30,37
30,1
30,7
30,17
30,5
30,39
30,6
30,4
30,4
30,89
30,8
30,11
30,15
30,18
30,27
30,33
30,7
30,10
30,6
30,2
30,17
30,37
30,26
30,60
30,3
30,3
30,16
30,0
30,4
30,1
30,12
30,14
30,5
30,0
30,7
30,0
30,12
30,93
30,1
30,13
30,26
30,6
30,9
30,15
30,38
30,24
30,33
30,51
30,40
30,45
30,4
30,16
30,7
30,23
30,23
30,10
30,6
30,3
30,14
30,19
30,20
30,9
30,2
30,23
30,13
30,15
30,6
30,22
30,6
30,11
30,0
30,0
30,9
30,0
30,13
30,8
30,3
30,13
30,2
30,4
30,8
30,22
30,5
30,0
30,16
30,3
30,2
30,5
30,10
30,24
30,0
30,9
30,13
30,19
30,24
30,11
30,16
30,41
30,6
30,10
30,34
30,15
30,22
30,4
30,21
30,14
30,14
30,49
30,10
30,0
30,16
30,10
30,0
30,12
30,0
30,3
30,25
30,1
30,34
30,3
30,14
30,0
30,3
30,32
30,75
30,0
30,0
30,10
30,11
30,26
30,5
30,18
30,40
30,2
30,16
30,12
30,20
30,24
30,14
30,21
30,3
30,15
30,13
30,9
30,6
30,26
30,16
30,11
30,44
30,31
30,6
30,16
30,8
30,15
30,15
30,7
30,10
30,3
30,30
30,12
30,5
30,1
30,15
30,3
30,27
30,18
30,12
30,69
30,37
30,9
30,3
30,8
30,4
30,5
30,16
30,27
30,0
30,44
30,1
30,6
30,0
30,34
30,2
30,73
30,21
30,14
30,14
30,1
30,1
30,0
30,7
30,25
30,3
30,20
30,13
30,0
30,26
30,20
30,2
30,8
30,13
30,8
30,16
30,23
30,35
30,10
30,24
30,6
30,37
30,9
30,37
30,0
30,110
30,3
30,26
30,12
30,1
30,32
30,13
30,5
30,30
30,8
30,7
30,0
30,0
30,2
30,5
30,9
30,0
30,21
30,17
30,1
30,0
30,47
30,58
30,56
30,4
30,9
30,12
30,10
30,44
30,48
30,0
30,2
30,0
30,0
30,7
30,8
30,24
30,6
30,1
30,8
30,10
30,7
30,14
30,6
30,11
30,0
30,6
30,2
30,4
30,16
30,0
30,12
30,5
30,53
30,33
30,13
30,0
30,35
30,1
30,16
30,2
30,18
30,11
30,8
30,109
30,42
30,1
30,0
30,26
30,5
30,5
30,0
30,18
30,5
30,14
30,0
30,25
30,8
30,20
30,29
30,4
30,7
30,11
30,36
30,8
30,2
30,1
30,0
30,8
30,22
30,7
30,9
30,5
30,6
30,18
30,102
30,21
30,14
30,75
30,19
30,4
30,15
30,41
30,8
30,21
30,38
30,25
30,40
30,24
30,0
30,6
30,17
30,12
30,14
30,4
30,0
30,11
35,5
35,14
35,1
35,8
35,3
35,1
35,1
35,7
35,1
35,9
35,0
35,2
35,0
35,32
35,0
35,0
35,1
35,13
35,8
35,1
35,9
35,3
35,0
35,4
35,6
35,4
35,2
35,9
35,8
35,3
35,11
35,3
35,1
35,7
35,4
35,8
35,1
35,7
35,2
35,0
35,2
35,0
35,9
35,6
35,0
35,48
35,1
35,0
35,66
35,0
35,2
35,1
35,5
35,2
35,3
35,0
35,4
35,3
35,1
35,4
35,3
35,3
35,1
35,0
35,28
35,5
35,29
35,0
35,1
35,5
35,4
35,3
35,0
35,8
35,4
35,14
35,0
35,16
35,24
35,4
35,0
35,13
35,0
35,8
35,30
35,9
35,4
35,37
35,8
35,2
35,2
35,1
35,2
35,1
35,26
35,0
35,12
35,26
35,0
35,7
35,0
35,0
35,14
35,12
35,0
35,6
35,5
35,9
35,5
35,27
35,1
35,2
35,6
35,6
35,12
35,6
35,5
35,1
35,1
35,3
35,30
35,2
35,1
35,7
35,10
35,1
35,4
35,17
35,2
35,1
35,6
35,1
35,8
35,56
35,6
35,0
35,1
35,4
35,4
35,2
35,4
35,3
35,7
35,18
35,12
35,19
35,17
35,18
35,1
35,51
35,16
35,8
35,3
35,21
35,3
35,0
35,5
35,3
35,16
35,14
35,2
35,0
35,25
35,1
35,3
35,0
35,0
35,3
35,6
35,0
35,0
35,8
35,0
35,4
35,8
35,14
35,3
35,8
35,0
35,12
35,0
35,0
35,4
35,1
35,7
35,2
35,0
35,3
35,8
35,0
35,2
35,0
35,1
35,8
35,1
35,17
35,5
35,15
35,8
35,0
35,21
35,2
35,0
35,2
35,2
35,5
35,0
35,9
35,4
35,21
35,0
35,19
35,6
35,4
35,1
35,3
35,0
35,5
35,4
35,14
35,1
35,3
35,0
35,14
35,8
35,2
35,0
35,0
35,1
35,20
35,0
35,2
35,21
35,8
35,1
35,3
35,0
35,5
35,5
35,5
35,2
35,9
35,2
35,1
35,6
35,8
35,2
35,0
35,57
35,1
35,8
35,15
35,3
35,7
35,5
35,15
35,8
35,3
35,5
35,0
35,12
35,4
35,12
35,34
35,15
35,13
35,21
35,1
35,0
35,37
35,16
35,7
35,0
35,0
35,5
35,29
35,1
35,0
35,1
35,2
35,7
35,11
35,3
35,5
35,10
35,7
35,0
35,25
35,4
35,9
35,1
35,34
35,30
35,0
35,5
35,5
35,21
35,1
35,0
35,4
35,1
35,3
35,3
35,0
35,11
35,1
35,2
35,6
35,4
35,0
35,0
35,2
35,1
35,0
35,9
35,4
35,14
35,19
35,25
35,1
35,0
35,32
35,2
35,5
35,3
35,3
35,1
35,6
35,5
35,28
35,23
35,3
35,0
35,8
35,0
35,5
35,12
35,2
35,7
35,0
35,6
35,29
35,6
35,0
35,0
35,3
35,2
35,28
35,17
35,7
35,5
35,13
35,2
35,3
35,5
35,0
35,0
35,29
35,9
35,11
35,7
35,2
35,5
35,3
35,7
35,0
35,6
35,1
35,0
35,10
35,1
35,0
35,10
35,1
35,2
35,8
35,0
35,5
35,8
35,12
35,6
35,21
35,6
35,55
35,12
40,3
40,1
40,4
40,0
40,10
40,0
40,1
40,16
40,10
40,3
40,37
40,0
40,22
40,0
40,0
40,7
40,0
40,1
40,13
40,21
40,16
40,37
40,19
40,2
40,5
40,19
40,3
40,1
40,28
40,15
40,1
40,3
40,23
40,9
40,0
40,17
40,3
40,18
40,2
40,9
40,1
40,31
40,0
40,0
40,1
40,3
40,23
40,1
40,14
40,1
40,0
40,0
40,10
40,6
40,13
40,11
40,1
40,0
40,5
40,2
40,4
40,10
40,2
40,1
40,1
40,8
40,43
40,0
40,1
40,0
40,7
40,10
40,6
40,24
40,1
40,0
40,19
40,0
40,0
40,0
40,4
40,0
40,9
40,0
40,14
40,1
40,2
40,0
40,0
40,24
40,11
40,23
40,0
40,8
40,1
40,2
40,10
40,1
40,0
40,5
40,33
40,15
40,2
40,0
40,12
40,1
40,5
40,3
40,9
40,0
40,0
40,11
40,1
40,23
40,7
40,16
40,10
40,16
40,3
40,1
40,3
40,1
40,1
40,24
40,4
40,10
40,24
40,0
40,0
40,0
40,12
40,0
40,0
40,0
40,6
40,0
40,5
40,0
40,4
40,1
40,2
40,2
40,5
40,1
40,15
40,0
40,3
40,10
40,9
40,3
40,9
40,13
40,2
40,3
40,18
40,1
40,1
40,5
40,1
40,0
40,10
40,1
40,9
40,30
40,2
40,19
40,8
40,10
40,2
40,1
40,1
40,0
40,3
40,39
40,6
40,3
40,2
40,2
40,5
40,1
40,1
40,5
40,2
40,1
40,3
40,1
40,54
40,1
40,0
40,0
40,0
40,4
40,11
40,5
40,12
40,3
40,5
40,2
40,17
40,1
40,1
40,0
40,6
40,21
40,4
40,5
40,0
40,0
40,0
40,7
40,8
40,2
40,0
40,1
40,1
40,0
40,0
40,1
40,1
40,1
40,44
40,7
40,0
40,1
40,0
40,1
40,3
40,8
40,18
40,2
40,1
40,4
40,12
40,19
40,0
40,7
40,1
40,16
40,2
40,3
40,0
40,14
40,9
40,24
40,4
40,1
40,3
40,2
40,15
40,3
40,0
40,1
40,2
40,6
40,3
40,2
40,3
40,2
40,17
40,3
40,14
40,0
40,0
40,8
40,11
40,9
40,6
40,7
40,3
40,6
40,3
40,2
40,0
40,1
40,2
40,1
40,0
40,2
40,2
40,0
40,22
40,0
40,0
40,0
40,2
40,13
40,6
40,22
40,0
40,1
40,19
40,16
40,2
40,16
40,53
40,2
40,1
40,9
40,2
40,6
40,8
40,0
40,14
40,2
40,5
40,13
40,0
40,0
40,20
40,0
40,7
40,7
40,34
40,3
40,11
40,1
40,3
40,1
40,11
40,52
40,31
40,6
40,14
40,1
40,1
40,3
40,12
40,4
40,0
40,0
40,1
40,22
40,0
40,0
40,13
40,1
40,0
40,11
40,4
40,2
40,2
40,6
40,0
40,2
40,1
40,3
40,2
40,15
40,1
40,4
40,2
40,1
40,21
40,7
40,1
40,15
40,3
40,4
40,11
40,1
40,0
40,3
40,0
40,0
40,27
40,15
40,26
40,7
40,28
40,0
40,18
40,7
40,0
40,14
40,10
40,1
40,0
40,4
40,0
40,4
40,1
40,4
40,2
40,23
40,3
40,32
40,2
40,0
40,30
40,2
40,0
40,8
40,2
40,1
40,0
40,0
40,1
40,0
40,0
40,0
40,1
40,13
40,2
40,1
40,7
40,0
40,2
40,0
40,8
40,3
40,1
40,2
40,1
40,3
40,1
40,0
40,13
40,0
40,3
40,0
40,2
40,0
40,0
40,9
40,21
40,0
40,2
40,0
40,30
40,13
40,6
40,14
40,23
40,7
40,14
40,13
40,18
40,6
40,0
40,1
40,0
40,21
40,0
40,1
40,11
40,18
40,10
40,2
40,16
40,19
40,11
40,10
40,0
40,4
40,11
40,0
40,3
40,1
40,8
40,1
40,2
40,26
40,34
40,12
40,0
40,0
40,3
40,0
40,10
40,4
40,23
40,2
40,0
40,1
40,12
40,10
40,3
40,4
40,17
40,8
40,11
40,32
40,2
40,2
40,1
40,0
40,6
40,10
40,10
40,0
40,12
40,29
40,19
40,24
40,11
40,1
40,12
40,3
40,3
40,14
40,10
40,1
40,3
40,4
40,15
40,31
40,31
40,4
40,0
40,6
40,18
40,1
40,0
40,1
40,5
40,9
40,19
40,0
40,9
40,6
40,1
40,6
40,4
40,8
40,0
40,1
40,26
40,0
40,2
40,0
40,6
40,50
40,0
40,2
40,8
40,0
40,0
40,0
40,4
40,2
40,0
40,3
40,5
40,0
40,1
40,0
40,25
40,5
40,12
40,5
40,11
40,1
40,1
40,36
40,0
40,2
40,2
40,0
40,0
40,3
40,2
40,47
40,0
40,51
40,0
40,1
40,9
40,37
40,0
40,1
40,1
40,6
40,4
40,1
40,4
40,0
40,0
40,0
40,5
40,2
40,1
40,8
40,1
40,1
40,0
40,1
40,49
40,7
40,1
40,3
40,0
40,8
40,0
40,16
40,2
40,3
40,26
40,11
40,0
40,1
40,1
40,0
40,0
40,2
40,9
40,0
40,1
40,0
40,0
40,0
40,3
40,2
40,11
40,1
40,23
40,4
40,10
40,11
40,1
40,1
40,0
40,6
40,0
40,4
40,9
40,6
40,0
40,1
40,0
40,3
40,3
40,0
40,1
40,2
40,10
40,6
40,4
40,0
40,3
40,11
40,75
40,30
40,0
40,0
40,5
40,1
40,4
40,18
40,16
40,0
40,10
40,0
40,10
40,2
40,68
40,1
40,1
40,2
40,2
40,6
40,0
40,1
40,6
40,1
40,13
40,21
40,1
40,0
40,2
40,0
40,2
40,0
40,2
40,0
40,10
40,0
40,7
40,47
40,4
40,14
40,10
40,14
40,12
40,72
40,0
40,14
40,1
40,0
40,22
40,25
40,3
40,7
40,25
40,0
45,3
45,27
45,6
45,3
45,28
45,1
45,2
45,23
45,0
45,15
45,1
45,34
45,6
45,24
45,0
45,2
45,2
45,18
45,1
45,1
45,5
45,1
45,0
45,0
45,3
45,7
45,0
45,3
45,0
45,0
45,1
45,2
45,49
45,1
45,0
45,1
45,0
45,4
45,2
45,0
45,1
45,15
45,0
45,1
45,3
45,6
45,19
45,0
45,2
45,15
45,30
45,0
45,0
45,0
45,0
45,3
45,1
45,8
45,14
45,56
45,28
45,0
45,6
45,2
45,0
45,4
45,0
45,9
45,8
45,16
45,0
45,6
45,4
45,8
45,4
45,0
45,14
45,3
45,10
45,2
45,1
45,18
45,2
45,3
45,5
45,3
45,3
45,35
45,1
45,23
45,39
45,11
45,36
45,1
45,16
45,6
45,2
45,1
45,5
45,1
45,0
45,1
45,3
45,26
45,8
45,18
45,1
45,7
45,19
45,1
45,0
45,0
45,0
45,7
45,30
45,15
45,3
45,2
45,12
45,2
45,12
45,0
45,0
45,0
45,7
45,5
45,0
45,0
45,3
45,4
45,8
45,5
45,0
45,9
45,11
45,0
45,20
45,21
45,7
45,6
45,12
45,4
45,5
45,0
45,3
45,5
45,3
45,2
45,0
45,1
45,11
45,1
45,18
45,0
45,6
45,4
45,0
45,3
45,3
45,4
45,10
45,25
45,0
45,5
45,22
45,20
45,3
45,2
45,3
45,0
45,6
45,0
45,1
45,0
45,23
45,1
45,0
45,10
45,3
45,2
45,0
45,9
45,4
45,0
45,7
45,5
45,1
45,1
45,2
45,11
45,6
45,30
45,17
45,3
45,0
45,3
45,4
45,27
45,0
45,10
45,0
45,2
45,3
45,3
45,1
45,0
45,27
45,0
45,18
45,12
45,0
45,23
45,3
45,17
45,0
45,19
45,3
45,14
45,3
45,1
45,6
45,3
45,7
45,1
45,27
45,16
45,16
45,15
45,13
45,4
45,0
45,2
45,0
45,23
45,4
45,11
45,6
45,4
45,10
45,10
45,8
45,2
45,5
45,14
45,1
45,0
45,22
45,14
45,4
45,4
45,1
45,37
45,4
45,5
45,1
45,2
45,13
45,3
45,2
45,1
45,1
45,0
45,6
45,3
45,2
45,1
45,3
45,3
45,9
45,0
45,0
45,1
45,3
45,0
45,1
45,0
45,2
45,9
45,12
45,9
45,7
45,0
45,5
45,3
45,3
45,12
45,3
45,1
45,8
45,0
45,6
45,6
45,0
45,14
45,0
45,3
45,3
45,9
45,3
45,0
45,4
45,0
45,0
45,0
45,6
45,3
45,5
45,17
45,17
45,29
45,2
45,0
45,5
45,2
45,0
45,8
45,25
45,2
45,3
45,0
45,0
45,0
45,10
45,0
45,2
45,2
45,0
45,2
45,22
45,0
45,0
45,12
45,0
45,8
45,5
45,24
45,2
45,21
45,33
45,2
45,1
45,1
45,50
45,1
45,9
45,43
45,0
45,3
45,5
45,31
45,2
45,7
45,8
45,6
45,9
45,7
45,9
45,10
45,14
45,6
45,2
45,47
45,5
45,14
45,15
45,8
45,12
45,1
45,16
45,15
45,1
45,21
45,6
45,11
45,2
45,3
45,5
45,10
45,2
45,10
45,0
45,3
45,7
45,2
45,3
45,0
45,0
45,13
45,5
45,0
45,2
45,4
45,4
45,1
45,1
45,14
45,12
45,0
45,20
45,6
45,4
45,0
45,0
45,3
45,1
45,78
45,1
45,19
45,8
45,14
45,7
45,5
45,0
45,0
45,8
45,0
45,2
45,0
45,1
45,39
45,6
45,11
45,5
45,21
45,0
45,0
45,26
45,2
45,4
45,0
45,24
45,3
45,2
45,1
45,11
45,0
45,1
45,1
45,4
45,0
45,8
45,10
45,0
45,3
45,8
45,0
45,0
45,13
45,2
45,1
45,24
45,2
45,6
45,22
45,1
45,32
45,0
45,14
45,32
45,2
45,1
45,0
45,1
45,0
45,0
45,0
45,0
45,0
45,1
45,0
45,0
45,0
45,3
45,4
45,1
45,2
45,1
45,0
45,0
45,2
45,4
45,0
45,7
45,0
45,2
45,6
45,25
45,24
45,2
45,1
45,6
45,1
45,1
45,3
45,0
45,13
45,6
45,3
45,2
45,3
45,21
45,4
45,7
45,4
45,1
45,0
45,3
45,18
45,0
45,1
45,14
45,0
45,7
45,0
45,7
45,2
45,0
45,4
45,0
45,0
45,7
45,0
45,38
45,1
45,1
45,0
45,18
45,0
45,0
45,16
45,6
45,13
45,0
45,1
45,2
45,15
45,0
45,1
45,1
45,1
45,10
45,3
45,2
45,0
45,2
45,7
45,5
45,3
45,12
45,21
45,5
45,1
45,9
45,2
45,0
45,5
45,21
45,37
45,5
45,2
45,0
45,1
45,1
45,0
45,6
45,11
45,1
45,2
45,2
45,0
45,0
45,0
45,3
45,10
45,7
45,7
45,42
45,2
45,1
45,2
45,42
45,1
45,3
45,20
45,1
45,8
45,4
45,1
45,0
45,1
45,0
45,1
45,10
45,11
45,46
45,1
45,0
45,12
45,2
45,19
45,11
45,1
45,0
45,13
45,3
45,2
45,0
45,1
45,29
45,3
45,0
45,10
45,43
45,4
45,31
45,0
45,6
45,12
45,3
45,6
45,2
45,7
45,29
45,1
45,0
45,3
45,10
45,0
45,10
45,0
45,3
45,0
45,2
45,22
45,2
45,7
45,0
45,6
45,3
45,18
45,0
45,5
45,0
45,0
45,3
45,0
45,0
45,13
45,2
45,15
45,2
45,58
45,0
45,1
45,1
45,0
45,0
45,4
45,1
45,3
45,12
45,0
45,6
45,14
45,0
45,0
45,3
45,4
45,21
45,1
45,50
45,1
45,10
45,0
45,2
45,1
45,0
45,4
45,7
45,3
45,65
45,3
45,4
45,2
45,0
45,1
45,0
45,0
45,53
45,13
45,0
45,0
45,1
45,0
45,0
45,12
45,5
45,1
45,19
45,1
45,0
45,0
45,41
45,6
45,29
45,0
45,0
45,0
45,0
45,3
45,2
45,17
45,7
45,4
45,1
45,0
45,2
45,0
45,6
45,0
45,27
45,0
45,0
45,1
45,0
45,6
45,7
45,0
45,0
45,14
45,1
45,2
45,33
45,15
45,0
45,0
45,0
45,6
45,0
45,2
45,16
45,1
45,10
45,1
45,1
45,3
45,11
45,0
45,2
45,7
45,35
45,1
45,9
45,3
45,14
45,19
45,1
45,2
45,22
45,3
45,15
45,2
45,0
45,0
45,7
45,44
45,0
45,2
45,12
45,20
45,5
45,15
45,0
45,11
45,13
45,0
45,2
45,1
45,0
45,0
45,2
45,0
45,2
45,1
45,0
45,1
45,0
45,1
45,9
45,13
45,0
45,54
45,0
45,55
45,1
45,2
45,0
45,0
45,14
45,1
45,0
45,1
45,0
45,7
45,12
45,3
45,0
45,0
45,1
45,0
45,8
45,3
45,0
45,16
45,5
45,10
45,1
45,30
45,15
45,12
45,3
45,2
45,14
45,0
45,2
45,11
45,2
45,15
45,1
45,2
45,25
45,5
45,42
45,0
45,3
45,37
45,0
45,11
45,7
45,0
45,5
45,3
45,32
45,41
45,0
45,0
45,0
45,0
45,0
45,4
45,0
45,30
45,1
45,1
45,0
45,1
45,7
45,4
45,3
45,19
45,22
45,0
45,18
45,4
45,0
45,2
45,11
45,4
45,10
45,7
45,4
45,1
45,17
45,28
45,21
45,1
45,0
45,2
45,30
45,1
45,1
45,1
45,2
45,6
45,2
45,23
45,11
45,7
45,5
45,0
45,1
45,1
45,0
45,1
45,1
45,3
45,3
45,6
45,4
45,11
45,5
45,7
45,13
45,1
45,2
45,16
45,7
45,7
45,5
45,1
45,5
45,3
45,1
45,2
45,0
45,2
45,1
45,14
45,0
45,10
45,7
45,0
45,34
45,2
45,0
45,39
45,0
45,10
45,8
45,0
45,3
45,0
45,16
45,0
45,8
45,1
45,3
45,2
45,2
45,13
45,30
45,28
45,4
45,1
45,12
45,5
45,6
45,30
45,1
45,0
45,5
45,0
45,14
45,2
45,3
45,0
45,35
45,1
45,12
45,2
45,1
45,1
45,2
45,7
45,0
45,0
45,2
45,0
45,4
45,25
45,0
45,13
45,5
45,19
45,15
45,1
45,2
45,2
45,0
45,1
45,4
45,1
45,2
45,21
45,5
45,22
45,7
45,18
45,0
45,19
45,0
45,53
45,48
45,10
45,0
45,1
45,1
45,13
45,4
45,0
45,3
45,1
45,16
45,0
50,1
50,0
50,3
50,10
50,24
50,1
50,5
50,5
50,3
50,12
50,0
50,36
50,12
50,2
50,2
50,0
50,25
50,1
50,3
50,37
50,0
50,31
50,10
50,0
50,0
50,0
50,4
50,1
50,20
50,22
50,0
50,15
50,6
50,0
50,0
50,0
50,0
50,2
50,3
50,2
50,0
50,1
50,0
50,1
50,10
50,28
50,0
50,0
50,1
50,2
50,4
50,10
50,0
50,1
50,0
50,0
50,0
50,2
50,5
50,94
50,0
50,1
50,39
50,1
50,5
50,0
50,0
50,12
50,1
50,2
50,1
50,31
50,35
50,0
50,0
50,4
50,1
50,3
50,1
50,46
50,2
50,8
50,0
50,6
50,0
50,17
50,33
50,14
50,5
50,24
50,1
50,5
50,4
50,1
50,0
50,5
50,20
50,16
50,25
50,0
50,0
50,7
50,2
50,10
50,44
50,3
50,0
50,0
50,20
50,10
50,0
50,0
50,1
50,3
50,1
50,0
50,3
50,1
50,26
50,25
50,3
50,4
50,50
50,20
50,0
50,24
50,11
50,1
50,55
50,3
50,1
50,0
50,15
50,19
50,18
50,0
50,1
50,1
50,1
50,0
50,0
50,4
50,0
50,1
50,0
50,13
50,25
50,3
50,8
50,0
50,40
50,24
50,37
50,25
50,8
50,5
50,0
50,12
50,21
50,1
50,0
50,3
50,4
50,2
50,16
50,0
50,8
50,0
50,1
50,1
50,1
50,3
50,18
50,0
50,3
50,7
50,3
50,2
50,24
50,1
50,0
50,1
50,0
50,1
50,10
50,29
50,118
50,19
50,5
50,17
50,3
50,6
50,15
50,0
50,0
50,5
50,5
50,0
50,0
50,0
50,0
50,0
50,1
50,0
50,0
50,1
50,1
50,0
50,4
50,2
50,0
50,55
50,1
50,1
50,3
50,5
50,0
50,1
50,23
50,0
50,1
50,73
50,13
50,11
50,6
50,12
50,0
50,3
50,7
50,0
50,1
50,5
50,14
50,0
50,0
50,69
50,2
50,0
50,1
50,1
50,28
50,1
50,5
50,5
50,2
50,10
50,6
50,27
50,0
50,24
50,1
50,23
50,0
50,0
50,9
50,0
50,1
50,1
50,15
50,3
50,2
50,0
50,1
50,0
50,3
50,1
50,3
50,2
50,0
50,3
50,0
50,4
50,3
50,0
50,1
50,0
50,15
50,2
50,5
50,3
50,0
50,1
50,17
50,1
50,1
50,2
50,0
50,1
50,10
50,0
50,6
50,0
50,0
50,1
50,0
50,7
50,15
50,2
50,5
50,1
50,15
50,2
50,0
50,0
50,0
50,0
50,8
50,0
50,27
50,17
50,13
50,2
50,1
50,8
50,4
50,0
50,0
50,0
50,8
50,1
50,2
50,1
50,0
50,2
50,9
50,20
50,0
50,0
50,1
50,2
50,0
50,1
50,0
50,2
50,0
50,2
50,0
50,11
50,1
50,2
50,0
50,41
50,0
50,7
50,12
50,0
50,0
50,8
50,6
50,3
50,16
50,11
50,7
50,3
50,5
50,5
50,0
50,9
50,0
50,2
50,1
50,1
50,4
50,0
50,42
50,12
50,0
50,1
50,26
50,0
50,1
50,0
50,3
50,10
50,2
50,0
50,11
50,58
50,0
50,0
50,6
50,0
50,0
50,2
50,25
50,8
50,26
50,22
50,4
50,4
50,2
50,31
50,0
50,0
50,11
50,0
50,3
50,2
50,14
50,17
50,3
50,8
50,0
50,34
50,1
50,7
50,3
50,0
50,1
50,0
50,0
50,0
50,1
50,0
50,0
50,0
50,0
50,0
50,1
50,0
50,13
50,1
50,4
50,25
50,0
50,1
50,0
50,6
50,6
50,0
50,4
50,1
50,48
50,4
50,0
50,0
50,1
50,2
50,4
50,0
50,0
50,11
50,1
50,5
50,1
50,0
50,2
50,0
50,9
50,0
50,0
55,2
55,2
55,1
55,0
55,8
55,0
55,22
55,0
55,0
55,2
55,20
55,0
55,4
55,2
55,2
55,0
55,0
55,5
55,0
55,14
55,0
55,27
55,21
55,21
55,8
55,3
55,52
55,0
55,0
55,1
55,3
55,0
55,1
55,1
55,0
55,10
55,6
55,12
55,14
55,0
55,16
55,1
55,5
55,26
55,1
55,0
55,0
55,38
55,34
55,1
55,2
55,12
55,10
55,0
55,3
55,18
55,0
55,29
55,5
55,8
55,23
55,3
55,2
55,0
55,53
55,22
55,6
55,10
55,7
55,13
55,0
55,14
55,1
55,9
55,1
55,38
55,0
55,4
55,14
55,7
55,35
55,0
55,1
55,1
55,26
55,0
55,1
55,17
55,1
55,6
55,17
55,19
55,4
55,0
55,25
55,7
55,5
55,3
55,1
55,3
55,12
55,0
55,10
55,6
55,1
55,0
55,9
55,8
55,12
55,2
55,2
55,37
55,19
55,3
55,0
55,19
55,1
55,17
55,2
55,21
55,0
55,19
55,11
55,10
55,0
55,15
55,2
55,0
55,13
55,2
55,12
55,9
55,21
55,6
55,50
55,3
55,10
55,0
55,2
55,0
55,0
55,1
55,0
55,38
55,2
55,11
55,0
55,0
55,21
55,0
55,0
55,1
55,0
55,14
55,3
55,1
55,3
55,1
55,0
55,19
55,0
55,0
55,1
55,50
55,6
55,25
55,2
55,14
55,1
55,16
55,0
55,2
55,5
55,7
55,25
55,0
55,0
55,13
55,7
55,0
55,1
55,0
55,21
55,1
55,17
55,11
55,0
55,2
55,2
55,4
55,6
55,11
55,1
55,34
55,10
55,4
55,2
55,9
55,14
55,0
55,16
55,1
55,2
55,9
55,1
55,0
55,11
55,8
55,0
55,0
55,1
55,0
55,0
55,0
55,2
55,3
55,2
55,0
55,4
55,0
55,3
55,2
55,4
55,1
55,10
55,2
55,4
55,58
55,0
55,3
55,33
55,2
55,1
55,2
55,4
55,0
55,37
55,10
55,5
55,6
55,22
55,0
55,0
55,73
55,0
55,2
55,6
55,0
55,0
55,0
55,1
55,2
55,3
55,0
55,14
55,5
55,53
55,7
55,1
55,2
55,27
55,5
55,1
55,10
55,1
55,12
55,18
55,17
55,13
55,12
55,18
55,49
55,11
55,18
55,3
55,6
55,1
55,3
55,0
55,2
55,11
55,0
55,23
55,6
55,1
55,2
55,4
55,1
55,7
55,5
55,25
55,3
55,0
55,16
55,13
55,10
55,11
55,0
55,1
55,18
55,51
55,10
55,3
55,15
55,3
55,1
55,24
55,0
55,2
55,8
55,17
55,0
55,1
55,0
55,12
55,26
55,2
55,38
55,22
55,2
55,0
55,0
55,0
55,0
55,2
55,0
55,1
55,7
55,0
55,2
55,7
55,17
55,2
55,1
55,0
55,2
55,1
55,2
55,8
55,6
55,11
55,0
55,1
55,15
55,0
55,3
55,22
55,11
55,3
55,11
55,6
55,25
55,24
55,1
55,24
55,9
55,18
55,1
55,10
55,2
55,2
55,0
55,5
55,39
55,10
55,2
55,13
55,48
55,4
55,12
55,5
55,2
55,6
55,8
55,18
55,16
55,23
55,24
55,2
55,0
55,21
55,20
55,7
55,3
55,28
55,11
55,4
55,0
55,4
55,31
55,5
55,7
55,0
55,9
55,1
55,2
55,3
55,3
55,42
55,7
55,36
55,7
55,1
55,11
55,1
55,0
55,13
55,21
55,2
55,0
55,19
55,18
55,22
55,0
55,46
55,17
55,9
55,34
55,21
55,26
55,2
55,13
55,2
55,1
55,13
55,1
55,32
55,45
55,0
55,50
55,13
55,13
55,24
55,18
55,18
55,7
55,2
55,4
55,3
55,28
55,14
55,12
55,0
55,1
55,3
55,0
55,7
55,13
55,1
55,1
55,1
55,1
55,111
55,25
55,1
55,6
55,0
55,19
55,2
55,2
55,0
55,2
55,1
55,0
55,8
55,0
55,62
55,1
55,0
55,12
55,3
55,2
55,3
55,9
55,1
55,32
55,0
55,0
55,7
55,4
55,45
55,17
55,4
55,0
55,10
55,1
55,0
55,5
55,2
55,0
55,0
55,28
55,10
55,1
55,16
55,2
55,59
55,1
55,4
55,1
55,25
55,14
55,2
55,1
55,17
55,4
55,11
55,7
55,27
55,29
55,5
55,7
55,1
55,5
55,0
55,2
55,4
55,4
55,3
55,1
55,1
55,2
55,15
55,16
55,13
55,8
55,0
55,9
55,9
55,0
55,1
55,2
55,52
55,30
55,28
55,0
55,2
55,6
55,9
55,36
55,1
55,0
55,1
55,1
55,12
55,17
55,13
55,14
55,49
55,6
55,10
55,10
55,8
55,2
55,31
55,14
55,23
55,2
55,19
55,11
55,3
55,6
55,4
55,2
55,4
55,8
55,15
55,7
55,10
55,2
55,2
55,1
55,0
55,6
55,2
55,0
55,4
55,27
55,0
55,2
55,42
55,15
55,2
55,54
55,11
55,9
55,0
55,17
55,36
55,15
55,2
55,20
55,2
55,2
55,1
55,17
55,0
55,28
55,1
55,0
55,0
55,15
55,1
55,0
55,6
55,48
55,12
55,1
55,0
55,1
55,39
55,4
55,22
55,5
55,38
55,4
55,7
55,2
55,10
55,9
55,8
55,0
55,24
55,32
55,28
55,21
55,8
55,1
55,0
55,21
55,6
55,35
55,25
55,1
55,1
55,22
55,6
55,8
55,3
55,11
55,1
55,8
55,2
55,1
55,2
55,0
55,4
55,23
55,1
55,8
55,4
55,35
55,1
55,0
55,5
55,45
55,12
55,2
55,0
55,1
55,0
55,61
55,63
55,34
55,4
55,1
55,9
55,0
55,1
55,3
55,4
55,0
55,18
55,6
55,7
55,37
55,2
55,0
55,8
55,3
55,68
55,10
55,1
55,1
55,6
55,1
55,1
55,0
55,6
55,10
55,6
55,1
55,28
55,6
55,4
55,0
55,6
55,15
55,30
55,0
55,0
55,0
55,5
55,0
55,30
55,1
55,1
55,8
55,2
55,11
55,4
55,5
55,2
55,1
55,32
55,1
55,0
55,2
55,1
55,4
55,0
55,2
55,1
55,1
55,6
55,5
55,8
55,2
55,1
55,4
55,2
55,3
55,1
55,2
55,40
55,60
55,5
55,44
55,30
55,2
55,5
55,0
55,0
55,12
55,0
55,0
55,3
55,1
55,40
55,3
55,0
55,3
55,1
55,2
55,0
55,2
55,7
55,7
55,0
55,0
55,12
55,1
55,9
55,21
55,2
55,9
55,63
55,0
55,0
55,17
55,31
55,2
55,2
55,1
55,1
55,17
55,0
55,3
55,5
55,0
55,0
55,0
55,1
55,1
55,5
55,1
55,0
55,22
55,10
55,2
55,2
55,3
55,14
55,1
55,25
55,1
55,0
55,2
55,1
55,2
55,25
55,6
55,1
55,6
55,1
55,8
55,3
55,36
55,0
55,16
55,0
55,2
55,2
55,0
55,0
55,1
55,11
55,0
55,1
55,0
55,10
55,8
55,19
55,1
55,0
55,22
55,4
55,25
55,7
55,16
55,0
55,7
55,3
55,1
55,6
55,21
55,2
55,7
55,32
55,3
55,11
55,1
55,0
55,17
55,25
55,0
55,15
55,35
55,2
55,9
55,3
55,26
55,25
55,25
55,0
55,3
55,24
55,1
55,0
55,2
55,3
55,1
55,18
55,6
55,0
55,0
55,1
55,1
55,31
55,1
55,11
55,1
55,43
55,5
55,0
55,0
55,12
55,3
55,15
55,0
55,0
55,41
55,2
55,12
55,21
55,1
55,3
55,1
55,2
55,10
55,13
55,21
55,39
55,3
55,0
55,2
55,63
55,0
55,7
55,2
55,11
55,1
55,3
55,3
55,0
55,3
55,1
55,10
55,1
55,3
55,1
55,24
55,0
55,6
55,1
55,25
55,0
55,7
55,0
55,18
55,3
55,0
55,4
55,24
55,38
55,0
55,14
55,17
55,6
55,0
55,3
55,0
55,12
55,3
55,34
55,1
55,0
55,23
55,53
55,47
55,0
55,10
55,5
55,3
55,8
55,17
55,0
55,14
55,6
55,10
55,1
55,36
55,21
55,3
55,2
55,2
55,5
55,1
55,1
55,23
55,17
55,4
55,31
55,6
55,4
55,3
55,10
55,3
55,0
55,62
55,8
55,1
55,4
55,1
55,4
55,1
55,7
55,2
55,0
55,45
55,0
55,1
55,1
55,18
55,22
55,0
55,30
55,3
55,6
55,6
55,3
55,0
55,56
55,38
55,11
55,0
55,0
55,0
55,4
55,4
55,0
55,0
55,1
55,0
55,1
55,1
55,1
55,6
55,14
55,3
55,7
55,0
55,4
55,17
55,2
55,2
55,0
55,8
55,1
55,1
55,1
55,1
55,2
55,6
55,1
55,1
55,0
55,4
55,1
55,3
55,5
55,1
55,4
55,2
55,0
55,3
55,7
55,1
55,11
55,2
55,1
55,1
55,0
55,20
55,0
55,2
55,1
55,14
55,58
55,0
55,10
55,0
55,4
55,9
55,4
55,1
55,10
55,0
55,29
55,36
55,1
55,77
55,0
55,19
55,0
55,34
55,4
55,0
55,37
55,2
55,6
55,31
55,0
55,1
55,24
55,46
55,0
55,3
55,1
55,15
55,9
55,1
55,2
55,0
55,1
55,2
55,8
55,1
55,2
55,12
55,10
55,4
55,1
55,1
55,1
55,14
55,0
55,17
55,3
55,9
55,2
55,30
55,47
55,7
55,6
55,54
55,5
55,12
55,1
55,0
55,0
55,2
55,11
55,4
55,9
55,2
55,0
55,1
55,17
55,0
55,18
55,0
