nucGRint,cytoGRint,time,dex_conc,unique_cell_id,normGRcyt,normGRnuc
5948.65125494401,1494.9368664730764,30,100,872,5,22
7116.153716707938,1584.5964926146112,30,100,873,6,28
5652.403977343146,1489.5234056221277,30,100,875,5,21
6266.312198701908,1564.785248083543,30,100,878,6,24
5861.968128790062,1464.1681063700685,30,100,880,5,22
5558.191794049872,1501.7751364111768,30,100,881,5,20
5475.479119940702,1428.4779054592482,30,100,882,4,20
5311.631580086642,1432.4609776928996,30,100,883,4,19
5421.801097315766,1475.719278870282,30,100,884,5,19
5480.114272431103,1467.2456812480443,30,100,887,5,20
5672.257518410675,1416.6821737235352,30,100,888,4,21
5413.722167750799,1543.4924321914295,30,100,889,5,19
5880.647388839175,1716.0024692666768,30,100,891,7,22
6037.386724462362,1544.7922766951472,30,100,894,5,23
4090.931144024025,1404.8800244036668,30,100,895,4,12
5934.311023396082,1578.2924640481187,30,100,896,6,22
5382.078427471859,1519.519548369859,30,100,898,5,19
5043.538914999648,1471.5475670043868,30,100,899,5,17
5439.15222142986,1388.698254018533,30,100,902,4,19
5890.046098269946,1420.6524175472268,30,100,903,4,22
5719.047165148788,1485.019323846292,30,100,904,5,21
5851.141617968053,1526.2122016706858,30,100,906,5,22
5976.935343750294,1540.892851510628,30,100,907,5,22
4546.389898856646,1422.2375610091017,30,100,914,4,15
5329.081241398934,1520.0935253802927,30,100,916,5,19
5848.977470577103,1548.1595595284643,30,100,918,5,22
4744.368001764004,1444.5429960675183,30,100,919,4,16
4649.706910993562,1428.8138726006407,30,100,922,4,15
4939.482491374321,1390.194034790077,30,100,923,4,17
5789.829805741635,1444.6982761897696,30,100,925,4,21
5755.494132378184,1447.1274433764934,30,100,928,4,21
6023.230246192308,1505.912813084845,30,100,929,5,23
5371.181794441826,1446.657850491985,30,100,931,4,19
5607.205606390651,1439.3214056457723,30,100,932,4,20
6050.280786659992,1502.6066056986183,30,100,933,5,23
5060.577016631197,1487.932068907147,30,100,936,5,17
6053.615582913437,1457.9896916258504,30,100,941,5,23
4491.429241016701,1404.154841155594,30,100,942,4,14
6266.806920969518,1455.9369732297837,30,100,943,5,24
5759.37737880532,1486.3909844128343,30,100,944,5,21
4712.501509780748,1440.5814622177772,30,100,945,4,16
4467.757694488863,1354.0107390319376,30,100,946,4,14
6032.483866619843,1493.1645563004258,30,100,948,5,23
4810.816466532428,1379.0939133763427,30,100,949,4,16
5370.476600127779,1399.8188449483512,30,100,952,4,19
5787.110533352749,1466.5598867237202,30,100,958,5,21
6163.683624119579,1485.1846034290438,30,100,959,5,23
5426.142290005933,1415.4118641666855,30,100,961,4,19
4595.230365877931,1464.0303728669162,30,100,962,5,15
4841.483908149879,1405.041178097358,30,100,963,4,16
5651.475660155558,1697.5319047756925,30,100,965,7,21
5810.618807394919,1510.3235922007284,30,100,967,5,21
5777.153058680941,1533.0843980042469,30,100,970,5,21
4750.748781576278,1474.036685266763,30,100,971,5,16
5601.186665131088,1469.370517743441,30,100,973,5,20
5458.301947052507,1448.2980052586518,30,100,976,5,20
6065.081119012339,1628.756702710463,30,100,977,6,23
6836.203855246052,1643.6588559060997,30,100,978,6,27
6355.6895270710975,1688.7320169543607,30,100,979,7,24
5907.986729550835,1489.0515614747724,30,100,980,5,22
6495.841103358576,1542.5837445296283,30,100,982,5,25
6486.528312522769,1582.4351293147326,30,100,983,6,25
4945.717983147748,1482.6883125069942,30,100,984,5,17
5847.491638718625,1471.767876379956,30,100,988,5,22
6446.960839332257,1500.4935829543278,30,100,993,5,25
4785.636104321689,1484.6440407804737,30,100,996,5,16
4968.752142544094,1399.395247817971,30,100,997,4,17
5625.612571218607,1501.9318773477453,30,100,1002,5,20
4342.887146798279,1400.2047613983789,30,100,1003,4,14
4757.340876458463,1433.0954447474774,30,100,1004,4,16
4685.900890969909,1433.4209542094352,30,100,1006,4,15
6064.064705627078,1496.1730404776338,30,100,1007,5,23
4572.167811140366,1421.8556940877288,30,100,1008,4,15
5120.75329550428,1455.902354103737,30,100,1009,5,18
4601.549024944794,1423.0435985347654,30,100,1011,4,15
4257.083042168847,1443.1212724706195,30,100,1012,4,13
4810.854239205669,1574.537728512836,30,100,1013,6,16
3954.276871053244,1377.6413223751251,30,100,1015,4,12
4681.501864839969,1456.3695239159958,30,100,1018,5,15
4375.886553487631,1339.93568408537,30,100,1019,3,14
6288.809126719851,1518.086592195514,30,100,1020,5,24
4696.903170676861,1361.6871066399056,30,100,1021,4,16
4385.483902960092,1383.6657191115246,30,100,1022,4,14
5162.993393868249,1435.555707029927,30,100,1023,4,18
4789.79818266487,1418.6588296330008,30,100,1026,4,16
4993.631549638677,1469.157786263826,30,100,1028,5,17
5282.734242503607,1489.8068370555952,30,100,1029,5,19
4927.886404067499,1506.2794406179112,30,100,1034,5,17
5197.562626788603,1445.000573396281,30,100,1036,4,18
4787.210482421891,1386.230438148567,30,100,1037,4,16
4571.983176189557,1398.7379391220572,30,100,1038,4,15
5838.957622319902,1530.1705279668631,30,100,1042,5,22
4889.175740366199,1401.877594984505,30,100,1047,4,17
4724.233600534545,1428.197907383891,30,100,1048,4,16
5949.681619586532,1530.0449704938317,30,100,1049,5,22
5071.760456984129,1459.3716816367207,30,100,1052,5,18
4003.0918970650537,1406.1016933218168,30,100,1053,4,12
5619.313823069643,1462.0755041113905,30,100,1054,5,20
4489.704654166424,1422.8811049818796,30,100,1055,4,14
4052.7534517776585,1423.734759626608,30,100,1058,4,12
5005.898635562598,1465.4757130683538,30,100,1059,5,17
4780.456702117865,1479.7945183752045,30,100,1062,5,16
5060.39231043004,1483.3069572645056,30,100,1063,5,17
5436.881769257384,1468.136761435607,30,100,1068,5,19
4759.355969318771,1434.294046602166,30,100,1069,4,16
5669.655619397537,1512.0248452188307,30,100,1072,5,21
4285.370747107031,1433.1161271894805,30,100,1073,4,13
5195.059509284649,1443.4845353198446,30,100,1074,4,18
5346.35530152338,1494.33633427563,30,100,1075,5,19
4475.030084426543,1454.7417290316853,30,100,1077,5,14
5106.673588048789,1449.694674883455,30,100,1078,5,18
5040.710080056447,1531.2125208551292,30,100,1079,5,17
4806.880417467615,1467.08724516115,30,100,1080,5,16
7838.53310904214,1594.43688124994,30,100,1083,6,30
7695.951421833659,1635.253919571709,30,100,1084,6,30
5292.525355055856,1491.7663777176704,30,100,1085,5,19
4454.761718630006,1420.90082509645,30,100,1090,4,14
4141.708762844215,1498.7058736321726,180,100,1091,5,13
3860.8835310796135,1565.0585132000483,180,100,1093,6,11
4000.870787429359,1502.1283585031504,180,100,1094,5,12
4139.611321029458,1553.2261275542603,180,100,1095,6,13
3148.847585496382,1521.4515322705531,180,100,1096,5,7
3535.877695614732,1527.997274272742,180,100,1100,5,9
4182.144145472478,1518.393990518016,180,100,1101,5,13
3691.38279982499,1448.868051930525,180,100,1103,5,10
3887.590148505548,1491.6704074644467,180,100,1104,5,11
3439.316886240134,1468.4274884950796,180,100,1105,5,9
3743.8120700718105,1452.195246206341,180,100,1106,5,10
3931.168872786118,1485.8906498389924,180,100,1109,5,11
4906.911965898815,1570.510161518283,180,100,1110,6,17
3663.217519663209,1480.096661133047,180,100,1115,5,10
3922.116518852031,1457.091758595185,180,100,1116,5,11
4075.417202550748,1480.5713080656978,180,100,1119,5,12
3718.56198523649,1430.7518352450948,180,100,1122,4,10
3883.5769539324033,1479.0638838026066,180,100,1123,5,11
4155.552821226399,1470.1668228669794,180,100,1124,5,13
3671.7564027030535,1439.40425993567,180,100,1126,4,10
4980.264176612247,1535.8777802760517,180,100,1128,5,17
4633.487042348942,1541.7004243444403,180,100,1130,5,15
3588.314241452949,1437.8986443239237,180,100,1132,4,10
4707.39098547975,1523.8481240153574,180,100,1134,5,16
3497.023938373084,1464.0085692003145,180,100,1136,5,9
3876.897597517757,1477.5590287813118,180,100,1139,5,11
4608.943951562696,1515.076246335265,180,100,1140,5,15
4072.877505898313,1436.2619101137202,180,100,1141,4,12
3717.025447804901,1459.1285397302283,180,100,1142,5,10
4129.591902871414,1464.871497167754,180,100,1143,5,12
4747.073382463682,1442.3348152161336,180,100,1146,4,16
4090.883349165472,1533.1406974754898,180,100,1147,5,12
4582.903905280241,1483.2008961407028,180,100,1148,5,15
4084.307624815076,1448.1056311342095,180,100,1149,5,12
3996.81337862302,1423.345373986521,180,100,1150,4,12
3878.805150816711,1417.8408069931488,180,100,1151,4,11
4341.980010261679,1429.974569538704,180,100,1154,4,14
4517.199426045157,1514.2262467076407,180,100,1166,5,15
4181.017355280218,1479.449674418486,180,100,1168,5,13
3659.788634229883,1450.0552164665814,180,100,1170,5,10
4562.425309087394,1463.8654872887998,180,100,1171,5,15
3851.7281049519847,1415.7913912451772,180,100,1172,4,11
4626.638194598996,1482.8959188584813,180,100,1174,5,15
3719.277066691074,1448.568015314897,180,100,1178,5,10
4629.554504930934,1538.379742330288,180,100,1180,5,15
3680.6425281916254,1441.6524521920985,180,100,1182,4,10
3969.648673131796,1525.0086254545956,180,100,1188,5,12
3460.029249966819,1344.4882399173755,180,100,1189,3,9
3808.569942033524,1346.7511186087338,180,100,1190,4,11
4293.43684651585,1460.9891687635586,180,100,1192,5,13
4123.2542716226935,1396.994417790781,180,100,1193,4,12
3603.457636545327,1334.647231876105,180,100,1196,3,10
4599.568700349126,1463.8747768721155,180,100,1197,5,15
3921.39719807778,1337.668663381922,180,100,1199,3,11
4013.935964840035,1360.8516007670894,180,100,1200,4,12
5168.245565521359,1485.509009372456,180,100,1202,5,18
4335.916333979642,1461.9373238598644,180,100,1203,5,14
4409.381894731932,1486.5469397990837,180,100,1204,5,14
5297.771041365214,1545.3414529553104,180,100,1206,5,19
4444.453815017148,1507.5306574911951,180,100,1210,5,14
3657.209217465639,1481.322494535783,180,100,1212,5,10
3684.694566485967,1446.8096900385406,180,100,1213,4,10
4270.193954211188,1488.886186276304,180,100,1214,5,13
3456.2773143409645,1441.2346496027862,180,100,1215,4,9
3167.403061734193,1427.4557351657552,180,100,1216,4,7
3636.37452001756,1455.7878823567416,180,100,1217,5,10
3519.468748470813,1450.9414010263506,180,100,1218,5,9
4069.213783257322,1495.982111920188,180,100,1219,5,12
3775.875164512224,1467.2993794150495,180,100,1221,5,11
3629.050528819729,1460.891752990633,180,100,1223,5,10
3791.846512083821,1474.2748580945372,180,100,1224,5,11
4860.036865748703,1580.4072713726218,180,100,1227,6,16
3930.3269514017175,1444.7995284491324,180,100,1228,4,11
4406.178634527565,1508.8965736051323,180,100,1229,5,14
3779.008476658484,1440.873135266964,180,100,1230,4,11
3957.51923143432,1445.96087511966,180,100,1231,4,12
3915.732395265407,1480.9802899253482,180,100,1234,5,11
3498.7785269822098,1461.868859481754,180,100,1236,5,9
3638.5892086624,1515.744772656266,180,100,1237,5,10
4017.5900871884055,1410.7227429322018,180,100,1238,4,12
3431.386083270182,1392.223864801669,180,100,1242,4,9
3367.201589863292,1374.9364720594936,180,100,1244,4,8
3896.923772733592,1384.3292994766723,180,100,1245,4,11
3994.787596451501,1439.8429620008524,180,100,1246,4,12
4533.840348347859,1486.4535314811956,180,100,1248,5,15
4541.987648671774,1437.8315205345814,180,100,1249,4,15
3206.251714054056,1389.5843916392623,180,100,1251,4,8
4039.49249766076,1466.0105785814512,180,100,1254,5,12
4449.093868854537,1447.1025077020809,180,100,1255,4,14
5220.447181246608,1510.0323177692233,180,100,1256,5,18
4433.362194845843,1452.7448108209535,180,100,1258,5,14
4131.777506692592,1441.3440056249565,180,100,1259,4,12
3793.530613150224,1426.517291213113,180,100,1262,4,11
3807.635076725807,1428.0232322640172,180,100,1263,4,11
4081.204673546925,1408.6974451733988,180,100,1264,4,12
4303.176917907861,1425.4168379867228,180,100,1267,4,13
3578.898067436972,1412.1808363987443,180,100,1270,4,10
3471.959201915541,1402.3232890310946,180,100,1271,4,9
3454.845418198587,1405.0604054624348,180,100,1273,4,9
3859.2857134767137,1422.0464973219223,180,100,1275,4,11
3888.98765338465,1410.7146990638928,180,100,1276,4,11
3793.56806714768,1416.9797353627475,180,100,1279,4,11
4181.810144792668,1464.6408157461851,180,100,1280,5,13
3332.913892977146,1404.6282045448295,180,100,1282,4,8
4826.277166927086,1518.1018162837197,180,100,1288,5,16
4197.941511191761,1467.3423331267284,180,100,1289,5,13
4400.770639288851,1457.8320411878212,180,100,1291,5,14
3726.222802738898,1382.7902103461795,180,100,1293,4,10
3943.8439249712815,1383.795922029965,180,100,1294,4,11
4129.043693872052,1380.0141407653157,180,100,1297,4,12
3789.559711832953,1367.285542161651,180,100,1298,4,11
4069.899729681805,1418.0019033941967,180,100,1300,4,12
4456.3512934592045,1408.1261669474177,180,100,1302,4,14
4597.641370833071,1378.9984319650089,180,100,1303,4,15
4362.71372076744,1374.5890500721464,180,100,1304,4,14
4083.913970147343,1345.8260819492905,180,100,1305,4,12
4059.1428861676345,1359.1393188518043,180,100,1307,4,12
4417.193654957536,1334.9184881892793,180,100,1308,3,14
4390.593127315533,1410.4168436554337,180,100,1310,4,14
5509.672968441673,1486.8239697682518,10,100,3675,5,20
5935.526069610137,1551.9863140594157,10,100,3678,6,22
4966.300577599272,1651.5998422679982,10,100,3681,6,17
4342.5929861320665,1516.1701816396126,10,100,3682,5,14
4289.79495383714,1419.1038118667711,10,100,3684,4,13
5428.18949832294,1643.7765247847058,10,100,3686,6,19
5056.675497079191,1563.186264696665,10,100,3687,6,17
4270.399244734833,1456.8511571368258,10,100,3688,5,13
4513.638545651625,1487.764161635439,10,100,3690,5,15
5407.788553093585,1659.3959215504829,10,100,3691,7,19
4277.748059429395,1415.2422527536105,10,100,3692,4,13
5461.926444774032,1542.7182216823296,10,100,3693,5,20
4568.24441329262,1502.446079821576,10,100,3694,5,15
5444.321646414743,1679.1308661581884,10,100,3695,7,19
5130.308101263807,1503.782340019694,10,100,3696,5,18
5320.664337793638,1536.5007442690642,10,100,3697,5,19
4182.910566575435,1426.446578707154,10,100,3702,4,13
5204.978808272308,1526.882633418723,10,100,3704,5,18
4986.469502694132,1754.2588176255992,10,100,3705,7,17
3722.610532113927,1385.3000889204582,10,100,3706,4,10
3958.821199262028,1406.900757835646,10,100,3707,4,12
4031.800664062342,1476.6326951071649,10,100,3708,5,12
3774.907572523887,1380.6516377684868,10,100,3709,4,11
4067.7209883065257,1385.333366430547,10,100,3712,4,12
5193.426014936231,1594.917299176654,10,100,3716,6,18
4381.394632741542,1512.5652754360403,10,100,3719,5,14
4287.560784879973,1577.9431809441603,10,100,3721,6,13
2734.141691381153,1930.8730035607105,10,100,3722,9,5
5725.433268076875,1631.016346486763,10,100,3724,6,21
5223.472036299001,1663.160019747614,10,100,3725,7,18
5034.266684570085,1668.7421800282104,10,100,3727,7,17
4415.217439472787,1440.2680340901743,10,100,3733,4,14
3890.124453301156,1369.840588494891,10,100,3734,4,11
5911.715339327911,1603.8205042973188,10,100,3735,6,22
4670.575594428502,1480.5819019543378,10,100,3736,5,15
3730.9744737211886,1335.5356268180003,10,100,3738,3,10
3034.394231555621,1351.396702108813,10,100,3739,4,7
5400.010334741986,1581.0954180190315,10,100,3740,6,19
5304.9922244537065,1556.6344861804455,10,100,3744,6,19
4594.213361146784,1644.5067168376388,10,100,3745,6,15
4302.281029423811,1449.655881649062,10,100,3746,5,13
4513.154312077292,1484.8434599360037,10,100,3747,5,15
4738.652772377198,1580.541466979456,10,100,3749,6,16
4872.066133176254,1512.176079838859,10,100,3750,5,16
4907.912893279821,1480.2930154629637,10,100,3751,5,17
4741.462577478165,1494.3344197845586,10,100,3752,5,16
4256.8265219440345,1414.6604702738823,10,100,3754,4,13
4914.813312097627,1497.9707358718392,10,100,3755,5,17
4419.814903113004,1429.3371125147155,10,100,3757,4,14
2525.7769439724843,2026.270560619837,10,100,3758,10,4
4911.876970027534,1478.246327373576,10,100,3762,5,17
5075.846383699634,1541.3887162113265,10,100,3765,5,18
4162.84943183269,1580.3825802443334,10,100,3766,6,13
4558.88494239249,1448.8633833551248,10,100,3769,5,15
4910.504911956636,1481.274193478239,10,100,3773,5,17
4776.616360311313,1493.0606800890907,10,100,3776,5,16
6705.80328614289,1671.0354999683134,10,100,3777,7,26
4959.617820441494,1413.9087584467538,10,100,3779,4,17
5008.572120331745,1506.0386069089452,10,100,3780,5,17
4437.19024607363,1485.787236609802,10,100,3782,5,14
4336.452160582258,1410.1787910275766,10,100,3783,4,14
5648.112890137852,1601.0655582099905,10,100,3785,6,21
5192.215122383,1523.0512963821122,10,100,3786,5,18
5787.339187288908,1585.8927160237547,10,100,3789,6,21
5284.222750441409,1552.5456758689957,10,100,3790,6,19
4966.310486535936,1547.6015254316414,10,100,3792,5,17
5125.1882603378,1556.861398597288,10,100,3794,6,18
5013.489930678249,1533.7080410183244,10,100,3796,5,17
4585.005547201302,1433.445783938561,10,100,3797,4,15
4259.141152331644,1383.2570258499084,10,100,3799,4,13
5833.216689199508,1726.4033096329972,10,100,3803,7,22
5618.870353835463,1550.4087429572542,10,100,3804,5,20
4968.172794129959,1461.9073148097734,10,100,3805,5,17
4988.115230072469,1420.109455601751,10,100,3806,4,17
5655.967971875142,1423.0000094145337,10,100,3807,4,21
4530.902076444944,1409.3666233609115,10,100,3808,4,15
5439.31080406103,1461.441341155792,10,100,3809,5,19
5454.226128703193,1646.796193512082,10,100,3810,6,20
5725.485686808809,1538.250481359736,10,100,3812,5,21
2660.5238613113424,2096.1636865372457,10,100,3813,11,5
4735.650889050892,1409.2816185082609,10,100,3814,4,16
5291.855041185899,1555.3449011058472,10,100,3816,6,19
4821.469784660212,1547.610831275929,10,100,3817,5,16
5376.5608930238295,1503.122916870229,10,100,3818,5,19
5366.821360838344,1522.6476821315578,10,100,3820,5,19
4425.598069759338,1375.6261236061212,10,100,3821,4,14
5473.025582994088,1558.3403416783403,10,100,3823,6,20
4662.540424744165,1478.8801995071765,10,100,3825,5,15
5522.310091616096,1519.089243159215,10,100,3826,5,20
4337.94973085884,1419.9865253957917,10,100,3827,4,14
2833.900712864513,2109.71155692237,10,100,3828,11,6
4437.090088517985,1393.6248427894106,10,100,3830,4,14
4652.517179227884,1500.1319423497343,10,100,3831,5,15
4551.802657082919,1548.978473355744,10,100,3832,5,15
5295.686370700834,1544.2174515816998,10,100,3836,5,19
4279.733249062304,1305.81933210537,10,100,3838,3,13
5919.012582071265,1524.6274813057648,10,100,3839,5,22
5193.658813999067,1557.073726930809,10,100,3840,6,18
4791.895128870646,1519.0542704317024,10,100,3843,5,16
5495.709274590349,1510.9715242124505,10,100,3845,5,20
6373.17839146408,1682.0947635473012,10,100,3847,7,24
5545.925977577032,1541.6467529233175,10,100,3849,5,20
5073.782214249175,1518.6409788226292,10,100,3851,5,18
6384.502787613382,1739.462142038863,10,100,3854,7,25
5305.708349378899,1468.7907989957066,10,100,3855,5,19
5040.076849891962,1571.4747496905345,10,100,3856,6,17
6851.860599231238,1747.4931624088151,10,100,3857,7,27
4735.414224964316,1524.0517795644134,10,100,3858,5,16
5370.996427269009,1425.904823489902,10,100,3860,4,19
5319.1511885615855,1520.2500149259404,10,100,3861,5,19
4462.946175489437,1410.9783234952854,10,100,3865,4,14
5516.88260238404,1621.819342206696,10,100,3866,6,20
5240.729652228734,1511.2077057716826,10,100,3867,5,18
5825.236392884742,1485.9522222783544,10,100,3869,5,22
5649.955886089633,1547.9283913494332,10,100,3873,5,21
4321.608691373313,1651.6953396514689,10,100,3874,6,14
4420.977369522124,1402.9545156394715,10,100,3875,4,14
5236.791212694924,1587.392338625785,10,100,3876,6,18
6163.39138464735,1679.6573390989124,10,100,3879,7,23
4974.786216895407,1462.8840641911186,10,100,3880,5,17
4684.229547752362,1427.6297766955695,10,100,3884,4,15
5775.023937395016,1618.2443710177658,10,100,3885,6,21
5202.369989247682,1494.4498872438987,10,100,3886,5,18
5451.7147425369685,1594.6126618972603,10,100,3887,6,20
4759.245972355375,1476.5689590012453,10,100,3889,5,16
4870.329764407478,1464.1780174458356,10,100,3890,5,16
5640.966011508464,1576.3994490214,10,100,3892,6,21
5515.075327741138,1620.34178259427,10,100,3893,6,20
4517.20694053108,1418.1181278249908,10,100,3895,4,15
5959.421840756412,1619.7812056197608,10,100,3896,6,22
5246.269935271708,1497.5576905593057,10,100,3897,5,18
6422.326343983644,1679.1912528229168,10,100,3898,7,25
3709.8192710190656,2022.9046680270856,10,100,3899,10,10
4068.7329360403246,1299.124514648557,75,100,4317,3,12
3972.0704700616775,1336.1471053912817,75,100,4318,3,12
4023.76661447897,1296.7777148966009,75,100,4319,3,12
4378.26152617117,1351.07726948501,75,100,4321,4,14
5296.005385445132,1432.6009878514149,75,100,4323,4,19
5001.728174138486,1402.834220922263,75,100,4324,4,17
4113.652321993606,1302.036351310749,75,100,4327,3,12
4284.118297974844,1296.5285431908871,75,100,4334,3,13
3707.2898532328254,1286.2119572118406,75,100,4338,3,10
3346.185814560593,1291.7191800238925,75,100,4339,3,8
3573.051060761942,1288.6621863771957,75,100,4340,3,10
3911.6799263968032,1274.0193318647127,75,100,4343,3,11
3880.995252001752,1275.6443650041688,75,100,4346,3,11
3908.288542026809,1289.9356690902198,75,100,4351,3,11
3848.367903683722,1281.1649122363144,75,100,4353,3,11
5013.0804155358455,1377.6388521964366,75,100,4354,4,17
3489.8818673146066,1247.5077570566032,75,100,4355,3,9
3756.3070524333048,1257.811541599142,75,100,4356,3,10
4460.541646500512,1365.5143588818826,75,100,4357,4,14
4168.577449894222,1375.3257661113414,75,100,4358,4,13
3097.246160513864,1269.940154261972,75,100,4360,3,7
3958.799702447665,1371.1076241628411,75,100,4362,4,12
3555.4847577962964,1294.780226761387,75,100,4364,3,9
3734.490412073481,1307.2714044146771,75,100,4365,3,10
3591.7578349811088,1308.4493750372314,75,100,4367,3,10
4511.514544748981,1357.5278711317244,75,100,4371,4,15
4257.49890584379,1397.0893134189248,75,100,4372,4,13
3277.7995332137025,1295.8309691054826,75,100,4374,3,8
3736.536249677761,1337.37682175628,75,100,4375,3,10
3570.1641564494616,1308.763880690258,75,100,4376,3,10
4786.295429275592,1450.0794177514524,75,100,4377,5,16
3497.1262252145457,1313.811114305238,75,100,4379,3,9
4222.059981123252,1363.5829378836047,75,100,4381,4,13
3899.424413951306,1395.6117804943317,75,100,4382,4,11
4278.1689142105015,1396.3287781240267,75,100,4384,4,13
3988.0547444854,1337.183773768527,75,100,4396,3,12
4617.123796290404,1373.0750153142628,75,100,4400,4,15
4818.546873695495,1377.4987943691103,75,100,4401,4,16
4133.90792622347,1410.1703997618015,75,100,4404,4,13
4899.829809565455,1387.3234330780963,75,100,4408,4,17
4504.749238693627,1344.3347252287497,75,100,4409,3,14
4757.524233068543,1432.8561408177686,75,100,4411,4,16
4116.492395976187,1321.2258638496758,75,100,4413,3,12
4762.258145811174,1402.0265318834706,75,100,4414,4,16
2925.0048504141005,1323.435114752975,75,100,4417,3,6
4327.738525486983,1377.4840598292342,75,100,4418,4,14
3848.156057246918,1340.0768461506243,75,100,4419,3,11
4455.187069651058,1358.751031665363,75,100,4420,4,14
4627.498910792297,1453.845909297347,75,100,4422,5,15
3867.116632141656,1411.6907926599754,75,100,4423,4,11
5047.800336247806,1408.2974107276134,75,100,4430,4,17
5134.048319147944,1495.8845658483872,75,100,4431,5,18
3962.605064662824,1242.78049975808,75,100,4433,3,12
3589.7110711340547,1238.1101211060193,75,100,4434,2,10
3880.2830645579097,1234.1157546777283,75,100,4435,2,11
4868.118030058922,1351.2986188995674,75,100,4436,4,16
4055.668986425081,1354.532401975244,75,100,4437,4,12
4184.969638117905,1292.30207470839,75,100,4438,3,13
3619.516375670692,1271.939474262609,75,100,4439,3,10
4135.748508017771,1323.2689546210931,75,100,4440,3,13
3902.676600244341,1319.3681085070868,75,100,4441,3,11
4425.837386843249,1327.1976879556205,75,100,4442,3,14
3754.179483503727,1258.3192279055097,75,100,4446,3,10
3204.721403906004,1256.6646912992435,75,100,4448,3,8
3856.951719790589,1302.3362372287147,75,100,4452,3,11
3451.865623179919,1266.162299402484,75,100,4453,3,9
3748.590222501716,1305.942931207638,75,100,4454,3,10
3522.143299026597,1261.9288123555186,75,100,4459,3,9
4637.661040472312,1282.8457416766116,75,100,4460,3,15
4650.503061289912,1364.7035346796367,75,100,4464,4,15
3729.315260902888,1297.8886710048544,75,100,4466,3,10
3600.9623246230867,1265.1818561787811,75,100,4470,3,10
3876.793685383169,1287.784902362146,75,100,4474,3,11
4484.6193959308885,1340.7414158672154,75,100,4476,3,14
3865.35454003084,1281.4941731550336,75,100,4478,3,11
3975.643602396084,1340.1361349745307,75,100,4479,3,12
4480.865691652948,1342.8020881223858,75,100,4480,3,14
3503.800106805448,1295.4043561309504,75,100,4483,3,9
5197.957259867503,1381.5698581643112,75,100,4486,4,18
4427.597509986119,1332.733342602573,75,100,4487,3,14
4600.1153723129455,1375.3541983244245,75,100,4494,4,15
4010.51842931898,1311.9268376227558,75,100,4499,3,12
3479.299560698904,1320.157485744916,75,100,4504,3,9
3859.090619878506,1360.7430019292783,75,100,4505,4,11
5478.684840253302,1358.4766862829622,75,100,4507,4,20
4160.232776427692,1305.0004504886267,75,100,4508,3,13
4001.948645084535,1394.4269920187642,75,100,4509,4,12
4051.698818184471,1342.2479018913095,75,100,4510,3,12
3184.510443849024,1308.2161599439144,75,100,4511,3,7
4690.890952327311,1354.7497011316746,75,100,4514,4,15
4404.575291609171,1378.851888417489,75,100,4515,4,14
4519.324513470838,1330.5728811520137,75,100,4516,3,15
4426.074739538609,1323.5553433851026,75,100,4517,3,14
4566.088424234799,1459.443464157676,75,100,4518,5,15
4055.358308919304,1296.4716319480422,75,100,4519,3,12
3769.432255213502,1285.969460755246,75,100,4520,3,11
4144.494549582427,1304.540067123092,75,100,4521,3,13
4379.299514873733,1347.830168423695,75,100,4524,4,14
3565.4657142426645,1259.0055819099412,75,100,4526,3,9
4212.229018660918,1302.0921295373755,75,100,4527,3,13
3896.940461783624,1267.3692794258225,75,100,4528,3,11
3989.788605537538,1270.5314312720502,75,100,4529,3,12
3968.733427240356,1277.7090760733015,75,100,4530,3,12
3423.055242228457,1284.0007048886266,75,100,4531,3,9
4251.967609487141,1293.7029908057582,75,100,4532,3,13
3842.898351706565,1286.31534605109,75,100,4533,3,11
4398.323855104652,1282.6659216313503,75,100,4535,3,14
4904.244178794621,1398.8929426741283,75,100,4536,4,17
3746.875061147732,1283.5897294324202,75,100,4537,3,10
4925.311073915233,1333.6343303781991,75,100,4541,3,17
3708.9843060867374,1285.2595210311752,75,100,4543,3,10
3318.79594002272,1266.4374707783782,75,100,4545,3,8
4444.551620678136,1644.3913743479727,120,100,6270,6,14
4086.528789002101,1595.5922228873465,120,100,6273,6,12
4395.765787333664,1653.4025196982093,120,100,6274,6,14
3988.7145797635353,1559.3894075827295,120,100,6277,6,12
4040.4690785695807,1569.3550057433465,120,100,6278,6,12
4375.683575836766,1628.9237468705942,120,100,6279,6,14
4192.280811439002,1627.9475923217126,120,100,6280,6,13
4080.9181235038823,1574.7429691353675,120,100,6282,6,12
4041.086773062396,1601.9317941922286,120,100,6283,6,12
4224.384654681444,1570.812738817602,120,100,6285,6,13
4111.578737696942,1550.664895908435,120,100,6286,5,12
3050.696774634155,1510.5654298279514,120,100,6288,5,7
3102.5677125455823,1518.9320335844595,120,100,6290,5,7
3784.924982048397,1535.9866459518164,120,100,6292,5,11
3613.5744412315353,1530.2281368529998,120,100,6293,5,10
4051.7693502148913,1595.2097780954828,120,100,6294,6,12
4543.334019208286,1651.804753421333,120,100,6298,6,15
4381.93632231592,1612.9381104344568,120,100,6299,6,14
4428.671587619685,1616.1149514080157,120,100,6300,6,14
4470.998169894966,1632.102103305425,120,100,6301,6,14
4464.833573145153,1633.944086093793,120,100,6302,6,14
3881.174991640345,1582.459701313828,120,100,6303,6,11
4399.427363329348,1645.9947981338987,120,100,6305,6,14
4463.048173336025,1616.5889521606778,120,100,6307,6,14
4497.783337947719,1646.2850872003655,120,100,6308,6,14
4587.93970743806,1604.9364125803615,120,100,6309,6,15
4855.7483492769015,1604.4826673099872,120,100,6310,6,16
5117.626184016688,1654.3218143895324,120,100,6312,7,18
4672.581504510772,1637.4580088926475,120,100,6314,6,15
4231.148114950856,1588.8088458204318,120,100,6315,6,13
3877.2297271320936,1541.2057076111932,120,100,6317,5,11
4820.050991649499,1660.3322401697037,120,100,6318,7,16
4265.049768478907,1577.516055714918,120,100,6320,6,13
5113.645226144279,1684.72025894513,120,100,6323,7,18
3951.147657039248,1534.641878833498,120,100,6324,5,12
4630.244360951904,1623.163815541041,120,100,6325,6,15
4539.205590429268,1541.2973377072285,120,100,6328,5,15
4748.666794581558,1585.8373436034756,120,100,6330,6,16
4995.677910218657,1657.372060004606,120,100,6331,7,17
3988.358261738572,1553.2548303372353,120,100,6333,6,12
4361.460392439366,1597.4382461629468,120,100,6334,6,14
5448.544278858281,1632.9672014571927,120,100,6335,6,20
4461.743312584535,1592.6258867652034,120,100,6336,6,14
4676.861466920413,1617.904324602329,120,100,6341,6,15
5176.571603457128,1658.9077719202833,120,100,6342,7,18
6136.946795360021,1700.223903581763,120,100,6344,7,23
4726.068960365351,1589.989405102562,120,100,6345,6,16
5030.520891746985,1662.57380132117,120,100,6347,7,17
3899.1230783854535,1520.0035244291728,120,100,6348,5,11
4082.6593409293296,1554.1177514165718,120,100,6349,6,12
4767.075271218398,1617.772646058953,120,100,6350,6,16
4161.40989571428,1576.707510676476,120,100,6354,6,13
4013.918287169727,1506.230941065984,120,100,6357,5,12
3921.254930476323,1512.873617038165,120,100,6358,5,11
5032.327590659402,1554.9051411084645,120,100,6359,6,17
4770.092034829561,1532.2248199877213,120,100,6360,5,16
4912.16865924578,1548.2543802668192,120,100,6362,5,17
2653.001587306115,1430.2804315519015,120,100,6363,4,5
3778.482594358413,1538.0036603178105,120,100,6364,5,11
3810.632466641661,1517.3779225008682,120,100,6365,5,11
4816.722710073481,1543.1312600736048,120,100,6366,5,16
4463.648398496744,1529.522530227086,120,100,6368,5,14
4040.376463567284,1488.631198776288,120,100,6371,5,12
4727.844144261755,1480.97812031925,120,100,6372,5,16
3786.994582262874,1478.564531006419,120,100,6375,5,11
3840.705907894583,1476.3910538170169,120,100,6376,5,11
4426.12201373259,1499.4830656030676,120,100,6377,5,14
3772.68230072099,1437.4299201372585,120,100,6378,4,11
3660.022385024637,1574.1974421270727,120,100,6380,6,10
4218.134360257857,1686.2855127228422,120,100,6381,7,13
4041.07786769811,1590.7978239357035,120,100,6382,6,12
4257.661558053655,1647.6654989684837,120,100,6384,6,13
4189.300588580569,1683.570760912051,120,100,6385,7,13
4126.076018915777,1639.763099238629,120,100,6386,6,12
4204.178544078914,1640.9291113582956,120,100,6387,6,13
4714.243730669988,1653.0639620383597,120,100,6388,6,16
4280.902483233892,1637.797503911009,120,100,6389,6,13
3769.966515907958,1649.2892161082464,120,100,6390,6,11
4389.7118265591325,1693.6022483696026,120,100,6392,7,14
3850.502335400979,1687.8663116516109,120,100,6394,7,11
4484.0092118861485,1722.718863094169,120,100,6395,7,14
3805.8855338205103,1672.123972174741,120,100,6396,7,11
4364.678085427186,1686.4964426797935,120,100,6399,7,14
4090.9981373567807,1695.62253687192,120,100,6401,7,12
4837.1992366919485,1710.7655543264937,120,100,6402,7,16
3861.026406171688,1652.8940337359702,120,100,6403,6,11
3301.400191991684,1530.664994651953,120,100,6404,5,8
4360.925013444104,1686.6154023242384,120,100,6406,7,14
4601.570739415105,1683.8689623343612,120,100,6408,7,15
4289.552600578455,1664.1404588432704,120,100,6412,7,13
4542.019101058977,1632.4948207003104,120,100,6415,6,15
4279.288854371647,1614.8186616397804,120,100,6417,6,13
4037.605705214384,1563.7602419300624,120,100,6425,6,12
4265.145059672992,1634.1162293097384,120,100,6426,6,13
4221.812508727566,1648.0479361226512,120,100,6427,6,13
5034.478842743348,1710.7367165787057,120,100,6428,7,17
3749.30294166463,1556.3206304187056,120,100,6430,6,10
4666.7190590007485,1892.7617611860296,120,100,6431,9,15
3760.970146348938,1572.502305713832,120,100,6432,6,11
4387.723238245384,1622.3667366944674,120,100,6433,6,14
6647.163143337958,1762.2110307409057,120,100,6435,8,26
4268.585676870875,1594.4506870109628,120,100,6436,6,13
4759.7083821699,1593.5252011370894,120,100,6441,6,16
4627.624849859888,1625.097456791785,120,100,6443,6,15
4491.146032777938,1618.853641059129,120,100,6445,6,14
6271.400481452099,1714.3401937797018,120,100,6446,7,24
4171.620156219142,1580.9419838560991,120,100,6448,6,13
4530.003241241703,1580.8348599535536,120,100,6449,6,15
4143.122218409972,1542.806896451208,120,100,6452,5,13
4681.343589045484,1565.9601292142672,120,100,6453,6,15
4735.614642411989,1681.887333966076,120,100,6458,7,16
4367.039093079169,1577.909992520943,120,100,6459,6,14
4098.293712810856,1419.8510656649692,120,100,6461,4,12
5267.192186034869,1418.836338697262,120,100,6463,4,19
3793.5790442145258,1429.1095811731172,120,100,6465,4,11
5203.747560804687,1491.784847712784,120,100,6467,5,18
5046.54439781775,1429.6329712661093,120,100,6468,4,17
4586.438175917024,1434.0126221556743,120,100,6469,4,15
5660.246664583951,1427.4276318361035,120,100,6471,4,21
4159.917109701189,1375.902947813628,120,100,6473,4,13
3839.157273906701,1346.2776163929695,120,100,6476,4,11
4902.481900286017,1486.523495620061,120,100,6477,5,17
4334.626144470614,1390.8831193087028,120,100,6478,4,14
5265.660087277215,1443.2767089272977,120,100,6479,4,19
5286.644636881033,1430.297287396529,120,100,6480,4,19
4378.813758577697,1390.6869756609972,120,100,6483,4,14
5101.97109636774,1467.3596674639225,120,100,6484,5,18
5086.816483209906,1441.5035962388426,120,100,6486,4,18
4447.328431942303,1400.495062263481,120,100,6487,4,14
6492.345734276764,1898.564507326896,50,100,7547,9,25
7003.698337291097,1985.818852828657,50,100,7548,10,28
5570.43655009766,1758.7504916645637,50,100,7553,8,20
5854.26096175566,1804.9050250791763,50,100,7554,8,22
5331.083560282876,1745.2479893597654,50,100,7555,7,19
7056.4223377649005,1998.6316661552444,50,100,7557,10,28
8335.283421587617,1945.6912028114248,50,100,7559,9,30
5612.979304442062,1705.839928402048,50,100,7560,7,20
8502.05533605863,1966.97724923578,50,100,7561,10,30
6986.539496380051,1867.1951045972608,50,100,7563,9,28
6022.159954640977,1742.156693411099,50,100,7566,7,23
7380.475439664737,1845.7584065265964,50,100,7568,8,30
6102.706341237015,1801.539540299544,50,100,7571,8,23
7621.808012419748,1938.094640980354,50,100,7572,9,30
6680.7004195729005,1836.34255824896,50,100,7574,8,26
7667.499793960267,1930.8484720420597,50,100,7575,9,30
6509.8940197578295,1811.4466160011452,50,100,7576,8,25
6684.860254056442,1881.916401648471,50,100,7577,9,26
6287.295456872676,1807.254736951257,50,100,7578,8,24
7025.190100861266,2000.396491180993,50,100,7581,10,28
7270.262453404648,1936.8084640264933,50,100,7582,9,29
6493.9161721711125,1784.5473978972327,50,100,7583,8,25
7774.722392991748,1902.7006955701363,50,100,7584,9,30
6449.41951951072,1864.743829258627,50,100,7591,9,25
6448.11667758814,1871.541044244853,50,100,7592,9,25
5969.4277263781,1806.524437978169,50,100,7593,8,22
6959.889248541026,1853.8582167810937,50,100,7595,8,28
6373.193645166855,1879.5548533323004,50,100,7597,9,24
6146.768183549723,1805.372671646785,50,100,7598,8,23
6047.020204021698,1807.269449574964,50,100,7599,8,23
7339.45848690938,1856.043021410757,50,100,7601,8,30
6660.030254988804,1926.7864884784756,50,100,7604,9,26
6907.092445920597,1784.637501337525,50,100,7605,8,27
7052.608484631623,1885.429881550611,50,100,7606,9,28
6298.612706901778,1791.163155841618,50,100,7607,8,24
6720.579097245164,1806.7493574495095,50,100,7608,8,26
5628.782838669543,1834.835000004936,50,100,7609,8,20
5786.363075354253,1835.4437681016327,50,100,7610,8,21
6165.045033503304,1854.9872645259595,50,100,7611,8,23
6737.012279981695,1845.8177242711636,50,100,7613,8,26
6105.952418557888,1838.203485803245,50,100,7617,8,23
6425.977568397326,1930.0165413002987,50,100,7618,9,25
6945.03043783817,1890.4244343366488,50,100,7619,9,27
6391.036083352167,1793.495569265271,50,100,7621,8,25
7915.995484106463,1915.002002761606,50,100,7622,9,30
6888.5451181606095,1701.8373920017275,50,100,7623,7,27
6671.132989425405,1766.1539117736568,50,100,7627,8,26
7043.975716607451,1817.7430840541183,50,100,7628,8,28
6214.717982558044,1799.735118303095,50,100,7633,8,24
6109.661252139898,1788.8325372079848,50,100,7635,8,23
6432.674657058753,1868.5366791395677,50,100,7636,9,25
5326.138298226615,1787.8784209711605,50,100,7638,8,19
6466.3647633804985,1840.141353776221,50,100,7639,8,25
6756.462551295223,2024.3789447967824,50,100,7641,10,26
5214.355956262547,1779.1213686198166,50,100,7644,8,18
6720.033730202044,1879.5784606801003,50,100,7645,9,26
6958.899619328415,1841.4649268011844,50,100,7646,8,28
5476.528648727423,1809.7889090371093,50,100,7648,8,20
7289.862875731548,1950.8261048565448,50,100,7650,9,29
6882.909380842957,1943.2042712195937,50,100,7652,9,27
5691.875659132235,1880.194535301781,50,100,7654,9,21
5864.8135480200135,1648.8463035979507,50,100,7655,6,22
5669.04096310329,1679.906472130383,50,100,7656,7,21
6386.929608957296,1742.7698495227598,50,100,7657,7,25
6897.977355393054,1794.1792708773175,50,100,7658,8,27
6458.541472471382,1728.8017926267455,50,100,7659,7,25
4583.537372301574,1623.859327181145,50,100,7660,6,15
5422.353030294115,1682.5719906106185,50,100,7662,7,19
6249.217369324205,1733.7734003448,50,100,7663,7,24
5776.776330363226,1774.265813984592,50,100,7664,8,21
5697.011500683012,1706.52997887163,50,100,7666,7,21
6690.702143976232,1769.2388930092582,50,100,7668,8,26
5802.929173423034,1656.931479531289,50,100,7670,7,21
6524.309053462074,1753.6817148802593,50,100,7671,7,25
5750.842197313057,1661.5945787639137,50,100,7673,7,21
4526.827853790351,1612.4705118865315,50,100,7676,6,15
5367.341933594493,1680.7041781840553,50,100,7677,7,19
4987.784022799001,1644.3477527437954,50,100,7679,6,17
6739.119687095666,1793.477639331157,50,100,7680,8,26
4521.740611102451,1616.763673315241,50,100,7682,6,15
5484.63713941897,1739.4089168934706,50,100,7684,7,20
5419.106590588819,1683.8096505111023,50,100,7685,7,19
6135.146852621917,1836.247201364857,50,100,7688,8,23
5654.93019109562,1830.585374230877,50,100,7689,8,21
5893.566346709113,1801.7616998596384,50,100,7690,8,22
5902.369912157535,1771.6048589972954,50,100,7692,8,22
5276.676832303518,1695.690926433483,50,100,7693,7,19
5823.017218322874,1702.8617634243544,50,100,7694,7,22
5964.953963063558,1783.634823054279,50,100,7696,8,22
6113.131798651984,1719.714781616501,50,100,7699,7,23
5385.388788810627,1694.5805008175707,50,100,7700,7,19
5776.324453967691,1699.5951040545754,50,100,7702,7,21
5458.194628759964,1645.8526704506874,50,100,7705,6,20
5989.146461560224,1687.8274658682308,50,100,7708,7,22
6478.921602877972,1803.524782200077,50,100,7710,8,25
5706.422092036427,1652.1552274920236,50,100,7711,6,21
5884.288706578841,1791.2260853361342,50,100,7712,8,22
6520.199155410419,1814.1990299733293,50,100,7713,8,25
6726.385558024912,1742.143402570874,50,100,7715,7,26
5461.3662208936685,1665.3817882288392,50,100,7719,7,20
5177.223537283088,1680.5164339051034,50,100,7722,7,18
5584.254725466235,1669.8306860512791,50,100,7723,7,20
6697.466326185009,1801.298684307507,50,100,7725,8,26
5658.7972571878445,1643.7036390350268,50,100,7726,6,21
6221.162203989676,1752.703557282569,50,100,7727,7,24
5664.180236089492,1666.9350908713627,50,100,7728,7,21
5586.174386042803,1677.2463513266764,50,100,7729,7,20
5382.382241564585,1641.641773662166,50,100,7731,6,19
7573.841174678778,1757.4121159191636,50,100,7732,8,30
5442.57368718876,1673.291400056567,50,100,7735,7,19
6886.715565960821,1774.6220962684522,50,100,7737,8,27
6270.351521447497,1733.97846959221,50,100,7738,7,24
5060.935385418274,1656.1211685832118,50,100,7742,7,17
5253.492434296088,1635.0001867283718,50,100,7745,6,18
6434.0914527544255,1806.2342270700483,50,100,7746,8,25
5076.220686784515,1632.396782420886,50,100,7747,6,18
4989.884320056951,1637.1039000496771,50,100,7748,6,17
4606.39639185906,1580.8139983578233,50,100,7750,6,15
5389.322909127041,1630.4970751769908,50,100,7753,6,19
5542.445246546875,1703.613176632616,50,100,7754,7,20
4444.626117236842,1592.7696389606103,50,100,7755,6,14
5237.692196927319,1661.5262393485043,50,100,7756,7,18
5789.8668308273145,1618.6984500867677,50,100,7757,6,21
6358.419892587215,1702.2345253144306,50,100,7758,7,24
6543.125546206411,1721.7526142199583,50,100,7762,7,25
6068.293606851308,1674.6742514203252,50,100,7764,7,23
6617.481697902602,1714.0341762082098,50,100,7765,7,26
3906.386980332412,1253.9795700795366,75,100,7982,3,11
4053.037492987072,1275.730914847653,75,100,7983,3,12
4900.090688667367,1342.7424486131238,75,100,7984,3,17
4007.112531853351,1262.1209071874457,75,100,7990,3,12
3895.564703993807,1240.901210226663,75,100,7991,2,11
3718.8363650080223,1307.2146574951894,75,100,7998,3,10
4787.876810407598,1345.9459287856298,75,100,8001,4,16
4298.801097218731,1265.739812643922,75,100,8003,3,13
4961.859773947659,1376.3148749803945,75,100,8006,4,17
4041.416976324761,1280.5111995249108,75,100,8007,3,12
5423.396734092747,1373.1213294834129,75,100,8008,4,19
4313.391241674536,1272.1537980825929,75,100,8009,3,13
5123.9157338817095,1770.0198784123622,75,100,8010,8,18
3787.6750573527465,1223.5799215438092,75,100,8012,2,11
3977.4089470854974,1204.3181572505755,75,100,8018,2,12
3701.5714688838807,1155.6456583106942,75,100,8021,2,10
4190.272484452889,1195.580811169035,75,100,8025,2,13
3098.602610304425,1197.6597084361804,75,100,8026,2,7
3697.420875223991,1183.860459127103,75,100,8032,2,10
3624.949025015438,1165.2597009813403,75,100,8033,2,10
4379.6444697391735,1238.2152850695638,75,100,8039,2,14
3934.5628842212136,1163.4141460993292,75,100,8044,2,11
3740.8980671827458,1175.9340823161206,75,100,8053,2,10
3028.495168250896,1145.7877888629157,75,100,8054,2,7
3489.2578242063582,1182.5401608139728,75,100,8056,2,9
3730.8175019901655,1152.8175244528177,75,100,8057,2,10
3771.1739728480975,1170.9279036260782,75,100,8062,2,11
4251.857903044524,1192.6172911290355,75,100,8064,2,13
3257.649818294287,1179.9274343573538,75,100,8065,2,8
4384.369609317663,1229.5130672468129,75,100,8066,2,14
3790.1593558824425,1235.114226540138,75,100,8068,2,11
4470.800090803759,1317.1193219845695,75,100,8073,3,14
4480.226834043928,1338.9020728286705,75,100,8074,3,14
5245.392355212667,1392.770449678777,75,100,8077,4,18
4644.675437677253,1340.6952143208573,75,100,8079,3,15
4419.775022742623,1305.6464230886577,75,100,8081,3,14
4996.592253636025,1364.7545925676245,75,100,8084,4,17
4250.048341568259,1309.660632166996,75,100,8086,3,13
4654.241534098876,1307.2161072385595,75,100,8087,3,15
4804.444927468212,1336.0837667029532,75,100,8088,3,16
5790.007038728183,1371.2638897269296,75,100,8091,4,21
4974.589242832206,1300.4308068563394,75,100,8092,3,17
5101.116702446371,1332.4106906852985,75,100,8095,3,18
4050.345269666621,1310.0291646906917,75,100,8096,3,12
4500.373299890716,1295.8623840947498,75,100,8097,3,14
4978.182322907744,1305.8994027067106,75,100,8098,3,17
4459.4981077751645,1289.5706193872093,75,100,8099,3,14
5067.79788365452,1349.567770913645,75,100,8100,4,17
4585.395396663471,1319.9915752937177,75,100,8103,3,15
3708.640712720536,1233.8131025541168,75,100,8104,2,10
5844.84544867555,1408.610227136068,75,100,8105,4,22
3593.28738402743,1281.2177612938176,75,100,8106,3,10
4516.851741292403,1377.346125537558,75,100,8107,4,15
4198.275207401663,1341.1280064371404,75,100,8108,3,13
3729.238453316101,1316.703337478505,75,100,8110,3,10
3907.690967282176,1281.0763018536584,75,100,8111,3,11
4658.503099763494,1373.7108241467365,75,100,8112,4,15
4832.426231750908,1321.43977642995,75,100,8117,3,16
3814.471393329267,1282.278159607382,75,100,8120,3,11
4599.005788624208,1290.8639571609165,75,100,8123,3,15
4999.069685391055,1294.5360169243722,75,100,8125,3,17
4691.466960436118,1375.6248575856205,75,100,8128,4,15
5070.234255559069,1396.3932840843397,75,100,8129,4,17
5262.598776572497,1367.2039601666586,75,100,8130,4,19
5546.793171409568,1376.3890072636525,75,100,8132,4,20
4578.773828346427,1295.9196963523068,75,100,8133,3,15
4279.83476804099,1278.606574975067,75,100,8134,3,13
5545.693714770544,1392.945333373644,75,100,8135,4,20
4364.729770580801,1306.0292755302503,75,100,8146,3,14
4417.492392355427,1279.83863146818,75,100,8147,3,14
3900.5318339940536,1286.6082383486143,75,100,8148,3,11
3929.104060959769,1269.7922311699158,75,100,8149,3,11
4271.871862227263,1306.1538789240915,75,100,8151,3,13
4105.555952891872,1401.1186937194025,75,100,8159,4,12
4117.546707597383,1379.5293011538135,75,100,8161,4,12
5050.085607184557,1472.8902462451576,75,100,8163,5,17
3772.952347888143,1357.7047916853164,75,100,8164,4,11
4173.068313108549,1395.4623408090556,75,100,8166,4,13
4506.694230636082,1362.2644536620408,75,100,8167,4,14
3482.296080803339,1241.4056773880052,180,100,8962,3,9
3791.039933301433,1300.8276137863884,180,100,8963,3,11
3622.108305462554,1234.6306058325313,180,100,8964,2,10
3780.6424633544257,1219.219633103981,180,100,8967,2,11
3893.15487004901,1240.1991570187593,180,100,8968,2,11
3690.2682828737966,1247.0074454798148,180,100,8969,3,10
3819.604276432413,1204.676424286977,180,100,8970,2,11
4206.71086562688,1275.7568484785768,180,100,8971,3,13
3885.690450480117,1260.1799327165895,180,100,8972,3,11
3490.908451060169,1243.0536837963173,180,100,8973,3,9
3339.05032454152,1341.2436686426715,180,100,8974,3,8
4444.0726526715935,1368.0147996831606,180,100,8976,4,14
4089.247660821413,1260.6286979198603,180,100,8981,3,12
4236.200041327726,1330.8525403421295,180,100,8982,3,13
4551.241125223682,1332.3497437266867,180,100,8986,3,15
4059.655205783571,1330.6804297630554,180,100,8988,3,12
4060.443854387093,1294.0854998771651,180,100,8991,3,12
3684.826356523355,1289.625554735967,180,100,8992,3,10
3212.042744479832,1251.465009477355,180,100,8994,3,8
3825.546590073875,1265.6563395040396,180,100,8995,3,11
4162.32876204148,1284.9798119260054,180,100,8997,3,13
3700.013875995776,1293.851725333029,180,100,8998,3,10
3857.749290188536,1280.6851861323407,180,100,9002,3,11
3390.6008274268784,1298.7845308875558,180,100,9003,3,9
3871.8542020361488,1288.2561320323457,180,100,9006,3,11
3890.3881640530776,1336.8943051321053,180,100,9007,3,11
3800.355929388301,1285.3066807461094,180,100,9008,3,11
4515.246289297055,1364.989008507308,180,100,9010,4,15
3773.037527881215,1357.9428065494085,180,100,9011,4,11
3626.02771686859,1342.1666916165802,180,100,9013,3,10
4356.608092978017,1326.3981817195624,180,100,9014,3,14
3839.683027281364,1301.966088049886,180,100,9017,3,11
3035.906965522355,1234.5881361933514,180,100,9018,2,7
3898.072832950192,1286.8662101420737,180,100,9019,3,11
4224.660961292457,1270.0752119398878,180,100,9023,3,13
4049.4631344998543,1289.7701710855044,180,100,9028,3,12
3826.8547259601446,1278.862962443577,180,100,9032,3,11
3643.628596766846,1297.6754916047798,180,100,9034,3,10
3190.0245053111184,1274.4829602979594,180,100,9036,3,7
2966.3846737449508,1220.955403902061,180,100,9038,2,6
3861.60085046912,1251.2995535316998,180,100,9039,3,11
3534.399519316974,1285.1009165529922,180,100,9040,3,9
3484.9502082954696,1267.8928719793375,180,100,9042,3,9
3309.837843091699,1265.442107735471,180,100,9043,3,8
4021.892355564026,1303.8221149569365,180,100,9044,3,12
3616.1969723083735,1275.2054118695617,180,100,9048,3,10
3434.5182147412997,1252.916142889734,180,100,9049,3,9
3671.6458324689015,1311.4513580057642,180,100,9050,3,10
4457.742820166973,1320.0088574715594,180,100,9055,3,14
4001.9600988108255,1262.929599271465,180,100,9056,3,12
4845.584786966759,1290.6752652971504,180,100,9057,3,16
3434.468082765477,1237.5926801900907,180,100,9059,2,9
3752.066120427862,1253.7560570097742,180,100,9060,3,10
5345.958270521534,1312.975334463047,180,100,9062,3,19
4481.527637555466,1312.822881999158,180,100,9063,3,14
4006.199262772073,1275.904442233035,180,100,9064,3,12
5061.361681741336,1335.5740358322494,180,100,9065,3,17
4128.294403013494,1290.1578464418262,180,100,9066,3,12
4003.541106617147,1401.2135681450552,180,100,9068,4,12
4834.988444213389,1379.750757145336,180,100,9069,4,16
4435.866560181802,1356.6108668768125,180,100,9070,4,14
4506.389511538296,1279.165532126268,180,100,9080,3,14
4380.77347812683,1301.271732178613,180,100,9082,3,14
3160.094538743575,1252.6009816328876,180,100,9085,3,7
3406.5974537888023,1276.9340827262492,180,100,9086,3,9
5557.107142199367,1335.0340534299503,180,100,9088,3,20
3726.0494108568178,1244.9857725871757,180,100,9089,3,10
3842.562866111594,1322.200808830926,180,100,9090,3,11
4742.184007533925,1345.9984653417998,180,100,9091,4,16
4030.47053982626,1285.9383911018035,180,100,9093,3,12
5458.219107429645,1362.0389950605077,180,100,9094,4,20
4959.2603700643,1318.557900883946,180,100,9095,3,17
4990.575152251272,1313.7988472856366,180,100,9096,3,17
4138.828712193814,1271.4712649861438,180,100,9097,3,13
4332.872728996385,1430.275695005163,180,100,9098,4,14
3856.61704743074,1288.941111684828,180,100,9099,3,11
4550.778396960025,1309.5319704506824,180,100,9100,3,15
4000.8049779815706,1284.7933800111714,180,100,9102,3,12
4149.445027336214,1240.971361590367,180,100,9104,2,13
3664.784256630153,1226.6778035476489,180,100,9105,2,10
3649.154131792242,1286.3874552955194,180,100,9108,3,10
3842.40550790819,1268.0852308211804,180,100,9111,3,11
4381.117832878502,1324.3547547367716,180,100,9113,3,14
4261.312282484558,1292.7388185450177,180,100,9115,3,13
4014.698752337964,1267.6299184457637,180,100,9116,3,12
4606.991142098554,1308.179719302636,180,100,9117,3,15
3693.08441038658,1258.690025573169,180,100,9121,3,10
3657.137000578207,1272.4096236881387,180,100,9122,3,10
2819.04649770807,1208.0645454199555,180,100,9123,2,5
5570.829470025426,1341.21498084651,180,100,9125,3,20
3709.59174705143,1262.6841021187886,180,100,9126,3,10
3825.3046033665873,1255.62713160094,180,100,9130,3,11
3546.477849463498,1236.722355657845,180,100,9132,2,9
3810.164721451015,1300.2020630091567,180,100,9133,3,11
3374.043396175224,1241.0394700248885,180,100,9134,2,8
3867.941604318533,1243.6079918390158,180,100,9136,3,11
4245.743849509639,1303.0271994364514,180,100,9142,3,13
4038.001134355333,1257.6929847109686,180,100,9143,3,12
3805.6575942946106,1256.138040251396,180,100,9144,3,11
3913.4898858191737,1309.1532318251932,180,100,9145,3,11
4317.046921953903,1295.66474315111,180,100,9147,3,13
4094.293780541004,1270.699202241765,180,100,9149,3,12
3849.764607849481,1260.4622159951884,180,100,9150,3,11
4514.956824292892,1286.8511557047111,180,100,9151,3,15
3897.7935726421674,1354.1462651597085,10,100,9575,4,11
4554.928336152928,1348.9291171418909,10,100,9576,4,15
4243.597405279259,1310.0618807561211,10,100,9578,3,13
3666.100425481938,1274.7213621246296,10,100,9579,3,10
4908.1735812333545,1419.2436588919954,10,100,9581,4,17
4460.337388222819,1337.6132552523302,10,100,9582,3,14
3646.7219674789126,1293.0016604306795,10,100,9584,3,10
3587.050429106991,1285.523977313882,10,100,9585,3,10
3306.6255481848816,1252.56035054044,10,100,9587,3,8
4882.223273667175,1375.5761491435323,10,100,9591,4,16
3387.09374195188,1258.9695312662463,10,100,9593,3,9
4802.26785763049,1381.5182976350625,10,100,9594,4,16
4439.684769887508,1372.527547460995,10,100,9595,4,14
3872.9915261404512,1303.390803902008,10,100,9600,3,11
3803.02063926033,1341.2578868523472,10,100,9601,3,11
4566.787912409922,1411.0932343445415,10,100,9603,4,15
3915.441084021517,1304.1622992966718,10,100,9607,3,11
4214.670451533401,1298.6026563604075,10,100,9608,3,13
3831.0692577903737,1278.195871384028,10,100,9610,3,11
4325.704499147298,1324.5398658047434,10,100,9611,3,14
3995.7873571399296,1328.707527321542,10,100,9615,3,12
4628.831559120251,1382.3700334906937,10,100,9616,4,15
4141.45449184649,1319.683758348869,10,100,9617,3,13
3463.9621251920457,1273.5843528311786,10,100,9619,3,9
4004.407305405044,1285.9654035816382,10,100,9623,3,12
3774.077140592719,1279.6065909268837,10,100,9626,3,11
3974.1152659545055,1260.4947428243695,10,100,9630,3,12
3652.348484551662,1271.681878129647,10,100,9631,3,10
4082.677976574964,1260.5379450329806,10,100,9633,3,12
3947.4592404770815,1310.7480591231486,10,100,9637,3,12
3854.886949164346,1276.726489498815,10,100,9640,3,11
3870.804894786295,1351.327954420884,10,100,9641,4,11
4641.15809265746,1356.8162257524802,10,100,9642,4,15
4498.791603254244,1364.387232703821,10,100,9644,4,14
3672.0042323818375,1298.0465933188216,10,100,9645,3,10
3471.952424655185,1291.184585529007,10,100,9646,3,9
3480.846575978776,1307.7211391901203,10,100,9648,3,9
3710.631194982356,1297.8084519329757,10,100,9651,3,10
4174.220816657166,1344.3198059333947,10,100,9652,3,13
4097.271617853245,1324.4383378397622,10,100,9654,3,12
4782.766334991723,1390.1441277227848,10,100,9655,4,16
3845.887102042637,1412.4659730820172,10,100,9656,4,11
3863.21681240034,1342.0694313806312,10,100,9658,3,11
3440.663949251189,1310.8445363761416,10,100,9660,3,9
5265.717689376134,1386.2822175488166,10,100,9661,4,19
3883.71505538408,1320.4914697111064,10,100,9662,3,11
3637.789452578226,1312.359671359858,10,100,9663,3,10
5434.721569148294,1441.445409853633,10,100,9666,4,19
4414.170257404962,1380.6410262382833,10,100,9668,4,14
3645.018986137188,1280.7468177966264,10,100,9671,3,10
4211.575793825734,1392.8274035660645,10,100,9677,4,13
4288.411140216198,1379.0309270013472,10,100,9679,4,13
3533.86201212345,1274.883492587346,10,100,9681,3,9
5064.868694587449,1450.80294261465,10,100,9682,5,17
4144.55255395432,1350.3803011598827,10,100,9683,4,13
4180.156611220132,1235.6671038159782,10,100,9692,2,13
4157.077401329883,1228.9360489019557,10,100,9693,2,13
3876.8105665580138,1294.725909615166,10,100,9696,3,11
4412.414252403748,1341.9232873182243,10,100,9699,3,14
4170.97271217767,1297.2522674081065,10,100,9702,3,13
3304.1089673266724,1250.9125253862358,10,100,9703,3,8
3485.851096221917,1276.121796371607,10,100,9704,3,9
3511.987164361042,1344.133177941762,10,100,9705,3,9
4344.1983182190215,1311.112573699141,10,100,9706,3,14
3815.857581645789,1284.7065061205233,10,100,9707,3,11
4562.070028033863,1285.455255303708,10,100,9708,3,15
3292.815097569304,1235.8600731969666,10,100,9711,2,8
3735.5254330658713,1251.124067076362,10,100,9712,3,10
4342.783200188469,1318.4664943712814,10,100,9713,3,14
3653.171980892996,1309.800421635007,10,100,9714,3,10
3976.645186626861,1309.3413614817605,10,100,9715,3,12
4306.963424007909,1299.887560829731,10,100,9716,3,13
4357.661419893118,1318.4552629004718,10,100,9718,3,14
4509.428828532663,1294.0991252879237,10,100,9720,3,15
4432.864064834644,1370.9597440136831,10,100,9721,4,14
4736.683148737111,1305.1407278879997,10,100,9723,3,16
3813.9987334520174,1276.066485438014,10,100,9726,3,11
3513.402204646766,1283.499349780948,10,100,9727,3,9
4163.210082196446,1305.7384353286022,10,100,9730,3,13
4015.710615215502,1284.8743118980665,10,100,9731,3,12
4581.075401575815,1337.147370314539,10,100,9733,3,15
3632.968402562983,1248.1612548523196,10,100,9734,3,10
4236.038336240321,1285.4333997909218,10,100,9735,3,13
4002.1878173699706,1276.471622761467,10,100,9736,3,12
4403.05664855316,1327.9051678998453,10,100,9737,3,14
4095.7426882600703,1326.3177573235253,10,100,9738,3,12
4734.218976881976,1320.962264247584,10,100,9740,3,16
4340.489865986117,1332.5606145917543,10,100,9748,3,14
4569.591464912634,1339.3441289216562,10,100,9749,3,15
3981.661174205869,1317.5438934944852,10,100,9751,3,12
4171.91038057617,1323.8326489249184,10,100,9752,3,13
4253.212866486507,1319.2112869429468,10,100,9753,3,13
4752.557316320567,1302.3797639888944,10,100,9755,3,16
4280.719819550273,1310.7421574572468,10,100,9756,3,13
3798.96230602341,1256.1698327053618,10,100,9757,3,11
4542.182790197107,1316.5856164320808,10,100,9759,3,15
4751.129302146596,1344.6943089486488,10,100,9760,4,16
4315.39611168955,1327.660005335341,10,100,9761,3,13
4161.344472741723,1329.53671536616,120,100,9764,3,13
4114.663053366685,1287.3428500502744,120,100,9765,3,12
4790.52714434214,1288.15564749001,120,100,9766,3,16
4478.003328976602,1467.0947557905677,120,100,9768,5,14
4699.238250531665,1273.0654631551329,120,100,9769,3,16
5026.49296938827,1362.602206129528,120,100,9770,4,17
4099.880594759076,1261.282943530771,120,100,9771,3,12
4682.5889077350985,1333.2897998931712,120,100,9772,3,15
3813.92673915802,1253.066689814852,120,100,9773,3,11
3946.569585298095,1306.3021343010196,120,100,9777,3,12
4482.865026445269,1328.0063015788762,120,100,9778,3,14
3977.758942752345,1263.9366955967755,120,100,9779,3,12
3731.128544159551,1248.3810730299183,120,100,9780,3,10
4078.9397769897314,1252.3381475211324,120,100,9781,3,12
4473.510328496419,1269.8009508534,120,100,9782,3,14
4818.028433068945,1311.872333960134,120,100,9783,3,16
4485.798039097766,1305.3243043061898,120,100,9785,3,14
4128.730773870093,1234.0727927760984,120,100,9786,2,12
3305.9178171411777,1225.1843303370758,120,100,9790,2,8
4771.866541885144,1303.4496419633774,120,100,9793,3,16
4091.599502190296,1264.814803120964,120,100,9794,3,12
4233.335187625304,1281.9657508844696,120,100,9795,3,13
3435.412404509893,1225.964383590764,120,100,9796,2,9
4243.499633853913,1256.7430036663957,120,100,9797,3,13
4302.074500912192,1254.3016332581512,120,100,9798,3,13
4092.759329580327,1230.4867195269803,120,100,9800,2,12
3702.5646734673273,1249.357782650893,120,100,9802,3,10
3853.539370917161,1224.3524261876792,120,100,9803,2,11
4452.165998446196,1274.9858871475033,120,100,9807,3,14
4253.0627322560695,1278.995084031546,120,100,9810,3,13
4364.673635067099,1322.1455625094432,120,100,9814,3,14
4192.964256147036,1283.6273080112517,120,100,9815,3,13
4083.591628432413,1228.047269634517,120,100,9820,2,12
4766.377575146065,1260.4200812256129,120,100,9823,3,16
4381.709356047828,1255.5213867338452,120,100,9824,3,14
4700.523666560158,1315.38675424775,120,100,9825,3,16
5240.758752234064,1419.2754318804352,120,100,9826,4,18
4168.068997452508,1262.8628097041778,120,100,9827,3,13
4457.851783149771,1288.4729767503288,120,100,9830,3,14
3220.2485745529743,1209.737112219918,120,100,9832,2,8
4005.343369772207,1277.724138599432,120,100,9833,3,12
4621.646087927295,1304.4634450543065,120,100,9838,3,15
4354.569475711039,1324.8678873892989,120,100,9839,3,14
3723.830995269868,1196.8122765429396,120,100,9841,2,10
3456.800952214521,1229.1293640601025,120,100,9842,2,9
4246.998750845311,1273.0934030319054,120,100,9843,3,13
3528.095694782726,1216.0183230453788,120,100,9844,2,9
4519.519688171534,1312.9683615868917,120,100,9847,3,15
3440.0349465907184,1233.4126051867554,120,100,9848,2,9
3401.394445093817,1206.832584344205,120,100,9849,2,9
3283.846608675369,1252.3540266876578,120,100,9850,3,8
4279.3553035742,1282.322061267652,120,100,9854,3,13
4252.284670689015,1294.6613117500394,120,100,9855,3,13
4773.028548826312,1392.0463737563357,120,100,9857,4,16
4630.179782273351,1362.8619330886368,120,100,9858,4,15
3630.289594663075,1272.223991519436,120,100,9859,3,10
5368.621173096186,1273.3776147269866,120,100,9860,3,19
4782.839786419767,1218.7364546439394,120,100,9861,2,16
5488.568366277451,1380.6470134457006,120,100,9866,4,20
4447.587223937336,1270.6212441482858,120,100,9867,3,14
4789.364392844624,1254.9629765270463,120,100,9868,3,16
5111.96012731951,1333.2285216109922,120,100,9869,3,18
4734.196782085531,1307.7101686462,120,100,9870,3,16
4627.716003001429,1313.0245385582923,120,100,9871,3,15
4171.153592675029,1236.2808101498772,120,100,9874,2,13
6096.116126068622,1355.9646060189914,120,100,9875,4,23
4391.138584829806,1264.5085655970693,120,100,9876,3,14
5261.942091981893,1371.3749406630131,120,100,9877,4,19
4395.282905092917,1306.484125915431,120,100,9878,3,14
4445.109655771689,1310.7409157919396,120,100,9880,3,14
4769.18419075525,1398.6060659702607,120,100,9881,4,16
5002.950989970659,1337.3469060308928,120,100,9886,3,17
4445.536282336559,1334.6599198878375,120,100,9887,3,14
3698.956861210525,1278.443106256,120,100,9888,3,10
4689.200585002537,1361.9597923261267,120,100,9890,4,15
5012.072017097917,1318.7345638674913,120,100,9892,3,17
5425.119377572969,1314.909814051648,120,100,9898,3,19
5736.819119035904,1350.646934462034,120,100,9900,4,21
5191.491421749326,1326.8225691180864,120,100,9902,3,18
5683.555526044446,1389.5976155206574,120,100,9905,4,21
3835.3089404158495,1260.7737547766003,120,100,9909,3,11
4273.824893813183,1224.925780016057,120,100,9910,2,13
3801.193132390813,1252.68808135793,120,100,9911,3,11
3959.2315150398313,1241.7754463651245,120,100,9912,3,12
4043.130790188768,1248.034853267296,120,100,9914,3,12
4860.539254550317,1254.2955733012927,120,100,9917,3,16
3990.853793052843,1293.3866402428966,120,100,9920,3,12
4376.196569334118,1299.9699259232184,120,100,9921,3,14
3875.444316095177,1227.8939930733306,120,100,9923,2,11
4418.428759579023,1261.6406777452637,120,100,9928,3,14
5086.072601691936,1311.7275512769922,120,100,9929,3,18
4409.075845969751,1255.1940921937482,120,100,9932,3,14
3933.591543029317,1279.6379282217367,120,100,9934,3,11
4055.603490425942,1247.998876671409,120,100,9935,3,12
5079.86100210825,1297.6150851045188,120,100,9937,3,18
3577.2796160669504,1211.266955111936,120,100,9938,2,10
3727.169457776112,1239.8856450435896,120,100,9939,2,10
4795.282930681591,1320.6061494782386,120,100,9940,3,16
3719.022187500007,1258.6325746207062,120,100,9942,3,10
4294.097398703447,1282.3802402101314,120,100,9946,3,13
5644.072423362663,1374.6613785551085,50,100,10335,4,21
5512.233888189168,1395.2313326394578,50,100,10336,4,20
6625.35423984609,1537.1440351349825,50,100,10337,5,26
7292.369321798165,1484.8480796059007,50,100,10339,5,29
5480.533958582394,1363.1071654019638,50,100,10340,4,20
5835.328131837639,1356.9559847607698,50,100,10342,4,22
6486.061249914888,1493.2981754833709,50,100,10345,5,25
5730.260839388931,1476.5424207039284,50,100,10347,5,21
5714.451389960992,1438.662425110983,50,100,10348,4,21
6024.701294145627,1390.120197212037,50,100,10355,4,23
4945.398074471498,1303.809440795237,50,100,10357,3,17
7214.65013428771,1481.944571640938,50,100,10358,5,29
5195.657165094963,1366.4264111417813,50,100,10359,4,18
4530.187197299086,1280.435933797585,50,100,10362,3,15
5460.930232301962,1349.9464716407858,50,100,10363,4,20
4214.305697638722,1287.7851632612249,50,100,10365,3,13
4861.609898123566,1334.558361626312,50,100,10366,3,16
5170.9508747086265,1406.7394735228356,50,100,10367,4,18
6958.782543138103,1397.9458599527684,50,100,10368,4,28
5168.669019770677,1314.61952199525,50,100,10370,3,18
5497.526691375011,1311.3866445983251,50,100,10371,3,20
5490.8795071816585,1398.783614096115,50,100,10372,4,20
5109.577159980461,1286.6002447242888,50,100,10376,3,18
4902.065432646173,1295.2464912414423,50,100,10379,3,17
6153.734493711727,1404.6024979572476,50,100,10380,4,23
5508.585891842158,1331.9221260434429,50,100,10381,3,20
5513.606320657271,1373.5967518413704,50,100,10383,4,20
5556.452080199664,1336.0869899805575,50,100,10385,3,20
4899.276582254361,1305.4986921679342,50,100,10386,3,17
4891.884152109526,1288.652665920015,50,100,10387,3,17
4975.571539013777,1329.7884764954945,50,100,10388,3,17
5204.921186312624,1320.0333649488448,50,100,10389,3,18
7523.353886873183,1681.5150640423471,50,100,10392,7,30
4643.305631581349,1319.4886474952234,50,100,10395,3,15
5473.638050868062,1389.6277596782272,50,100,10397,4,20
5320.598422932794,1349.3880829301702,50,100,10398,4,19
4844.472977108914,1340.06263739396,50,100,10400,3,16
6719.116054742243,1549.919075050606,50,100,10401,5,26
5000.750753372741,1317.2452163605556,50,100,10402,3,17
5217.881898194298,1332.9588158203835,50,100,10403,3,18
5560.37820004482,1354.0397337978156,50,100,10405,4,20
5824.91848306518,1340.0716174796662,50,100,10406,3,22
5218.327859317697,1328.2737683415332,50,100,10408,3,18
4801.034013350897,1302.3432120018724,50,100,10413,3,16
6143.564693072897,1425.2037247636729,50,100,10414,4,23
6130.117326988937,1359.2458820195327,50,100,10416,4,23
5527.069786506887,1347.3407222859364,50,100,10418,4,20
4797.9105955776295,1274.1261846686275,50,100,10421,3,16
4139.662391646373,1250.940579705101,50,100,10423,3,13
4696.622859759355,1261.6035657244772,50,100,10424,3,16
4832.951378143711,1264.353727894557,50,100,10425,3,16
4578.680932050806,1278.551502435335,50,100,10426,3,15
4782.559108426522,1243.1879667400026,50,100,10428,3,16
5779.6282355130015,1337.4788838070128,50,100,10430,3,21
5145.811610139852,1303.0148706985606,50,100,10431,3,18
5717.199694495129,1396.7279103813514,50,100,10434,4,21
5887.338967040059,1424.1818632720583,50,100,10436,4,22
4711.50633822586,1314.854112013538,50,100,10440,3,16
5006.211242528066,1297.6615447944596,50,100,10441,3,17
5229.668894521387,1323.3337634230134,50,100,10443,3,18
5105.238748970728,1328.6039395970336,50,100,10447,3,18
4539.204126541259,1278.0587765427113,50,100,10448,3,15
4655.263542579018,1314.7666932497657,50,100,10450,3,15
4162.781439957212,1261.0739348662855,50,100,10452,3,13
5658.13518922362,1310.8246762646288,50,100,10453,3,21
4519.262364619739,1309.9667890340086,50,100,10456,3,15
5438.848449242453,1368.5947630183896,50,100,10459,4,19
5605.4805644778,1356.9305122439157,50,100,10460,4,20
5511.492745831077,1253.263384690391,50,100,10466,3,20
4937.263811597537,1301.4209955833924,50,100,10467,3,17
6014.435858362892,1335.100856352738,50,100,10469,3,23
5423.795913566745,1365.978832220368,50,100,10470,4,19
5138.600688480864,1279.918226737807,50,100,10471,3,18
5356.367830293007,1439.250718052577,50,100,10472,4,19
5322.496501189171,1279.392282630794,50,100,10475,3,19
5789.428541992392,1257.7683009650866,50,100,10476,3,21
4674.855687721033,1258.3602549002198,50,100,10477,3,15
5275.869430956201,1269.4222654092796,50,100,10478,3,19
4476.597287758164,1288.2438154074057,50,100,10481,3,14
4866.005329148593,1262.6837924122576,50,100,10485,3,16
6374.846420783512,1356.2569042400507,50,100,10486,4,24
5149.262842838682,1279.9481116683808,50,100,10487,3,18
4988.643706126492,1251.9027424267306,50,100,10490,3,17
3334.591942828168,1148.2649365199552,50,100,10492,2,8
6234.908550672171,1327.9130703045917,50,100,10493,3,24
5248.019161051384,1254.607114206072,50,100,10494,3,18
5826.808223469315,1358.739130266324,50,100,10495,4,22
5531.217327283685,1323.381014333503,50,100,10499,3,20
5318.98000155903,1262.9430794099503,50,100,10500,3,19
5615.363329174064,1411.7552988268883,50,100,10502,4,20
5929.582003898182,1405.5609693092542,50,100,10503,4,22
5752.463908577779,1365.8168325451193,50,100,10505,4,21
5985.527605766167,1399.0661985279453,50,100,10507,4,22
4996.265096754509,1335.4163213796433,50,100,10509,3,17
4887.452252567322,1267.606343031781,50,100,10510,3,17
4934.7607562761605,1311.7122736100678,50,100,10511,3,17
5105.946998038522,1341.747360235306,50,100,10512,3,18
4726.18223188288,1284.925784255334,50,100,10515,3,16
5181.564903663273,1299.2807808925013,50,100,10516,3,18
4815.810988704291,1314.8067347355716,50,100,10517,3,16
5465.034687311532,1340.4205058924367,50,100,10520,3,20
5128.939229729936,1415.2976680969034,50,100,10521,4,18
6103.063890963128,1411.6310077570724,50,100,10522,4,23
5082.559591100335,1301.955647082703,50,100,10524,3,18
5402.298800267595,1409.3860747314434,50,100,10528,4,19
5022.585309425404,1421.926506699882,30,100,10940,4,17
5015.0334795747885,1289.711924505753,30,100,10941,3,17
6741.056686616974,1471.892501088681,30,100,10944,5,26
4957.391480319348,1373.001491744812,30,100,10945,4,17
5594.643737549042,1316.713032321117,30,100,10947,3,20
4835.506623841185,1279.4788059270925,30,100,10948,3,16
5096.6986373590735,1342.5077692919356,30,100,10950,3,18
4552.893964198215,1248.6742156811565,30,100,10951,3,15
5052.310927302901,1323.1742788867095,30,100,10952,3,17
3625.211387184793,1237.1056048137857,30,100,10953,2,10
5844.3155293331465,1368.0521220713094,30,100,10954,4,22
4874.454872051267,1306.0348772328095,30,100,10955,3,16
3881.1289815674913,1243.4663086761625,30,100,10956,3,11
4371.738231862725,1262.7633597124875,30,100,10957,3,14
3706.967363837392,1207.9919740932012,30,100,10958,2,10
4431.04252766124,1261.5203894722702,30,100,10960,3,14
3650.010643039867,1321.6406773027898,30,100,10962,3,10
5194.920444478648,1349.7374183099655,30,100,10964,4,18
4847.653733276494,1344.213580800894,30,100,10967,3,16
5053.177646864494,1351.833775117373,30,100,10969,4,17
4987.788875337437,1341.4277525777636,30,100,10970,3,17
5056.212203704165,1344.517235638136,30,100,10973,3,17
4534.455417283648,1303.319838623788,30,100,10977,3,15
4563.258106283004,1375.335071267083,30,100,10978,4,15
5242.715392346504,1414.8874933331233,30,100,10982,4,18
4907.193399249838,1409.8475028442404,30,100,10983,4,17
4311.272280568704,1303.868622365197,30,100,10985,3,13
4728.659571547565,1358.4547567204263,30,100,10987,4,16
4872.936642329191,1337.962485128951,30,100,10988,3,16
3486.336401191495,1323.6833995334807,30,100,10991,3,9
4714.6686087260005,1408.1405036062251,30,100,10993,4,16
4571.025072084078,1375.990629250354,30,100,10995,4,15
5117.230642320688,1349.0652518178572,30,100,10996,4,18
5548.018170031277,1360.8383144511383,30,100,10999,4,20
4695.128834569426,1322.5673807345809,30,100,11000,3,15
5471.982091713389,1371.3313811002304,30,100,11001,4,20
4111.543782480276,1314.8791411094,30,100,11002,3,12
4858.610861053134,1346.530275996667,30,100,11003,4,16
4872.428014873072,1376.9029547550992,30,100,11004,4,16
5353.144614786378,1407.3718253383915,30,100,11005,4,19
4700.956399181826,1352.4805283336375,30,100,11008,4,16
5641.5313392706485,1387.416436291736,30,100,11009,4,21
5351.602650234664,1369.5511147197733,30,100,11011,4,19
5267.247179474834,1355.862629604119,30,100,11013,4,19
3774.929300415292,1276.1957568966573,30,100,11014,3,11
4815.415140300868,1403.2029249443074,30,100,11016,4,16
5724.099821148784,1397.3361899512952,30,100,11017,4,21
4388.362793129716,1339.3090431115777,30,100,11018,3,14
4291.077525307088,1307.64098024164,30,100,11019,3,13
5037.698663674006,1321.79386704477,30,100,11020,3,17
4011.629934190637,1310.5778303465722,30,100,11021,3,12
4872.205278108693,1300.1485204707833,30,100,11023,3,16
4365.405225775873,1364.6033793262795,30,100,11024,4,14
4241.40615312488,1379.8733412845086,30,100,11028,4,13
5180.344736274398,1419.0923290959302,30,100,11035,4,18
4648.931368664543,1440.333370150047,30,100,11037,4,15
4910.448259755414,1422.0067939477558,30,100,11038,4,17
4654.410791305391,1403.5607273116427,30,100,11039,4,15
4460.333912927901,1359.0851516095645,30,100,11040,4,14
4858.421555933369,1313.0781414519658,30,100,11041,3,16
5536.572660814716,1449.6490862002097,30,100,11043,5,20
4878.443571387852,1312.6963448448705,30,100,11047,3,16
4419.238875022149,1289.5764654392106,30,100,11048,3,14
4754.7649502068425,1296.0918113390014,30,100,11050,3,16
4668.236123521248,1299.646327053708,30,100,11051,3,15
3973.433523260389,1274.0575145557575,30,100,11053,3,12
3897.131126343721,1273.790161114954,30,100,11055,3,11
4876.417233305054,1358.9639410723423,30,100,11057,4,16
5566.054326192148,1618.6584807542854,30,100,11058,6,20
4911.159890056811,1351.9621465219727,30,100,11059,4,17
4985.712639948596,1374.056729383287,30,100,11060,4,17
4781.134924961949,1272.7508341012235,30,100,11062,3,16
4945.014265366643,1414.0775745176672,30,100,11063,4,17
5322.484230070346,1343.2548234009837,30,100,11065,3,19
3898.764863773197,1296.6976001922562,30,100,11068,3,11
5410.692246263632,1351.775983582001,30,100,11070,4,19
4765.216540027523,1264.1389477751954,30,100,11071,3,16
4653.841591558496,1289.6753115129177,30,100,11072,3,15
5154.743785980757,1300.345762341156,30,100,11077,3,18
5510.41051063068,1304.3601679130682,30,100,11078,3,20
4494.251168185662,1277.7025941744123,30,100,11079,3,14
4786.964419102446,1308.7173075755827,30,100,11080,3,16
4623.653608826453,1276.830232766816,30,100,11084,3,15
5399.08881452388,1332.4246798769311,30,100,11086,3,19
4914.669652359186,1320.496210844139,30,100,11087,3,17
4596.08434656729,1304.9747278324753,30,100,11088,3,15
5176.891434983382,1440.3880155694465,30,100,11089,4,18
4652.606730477317,1299.0225675580598,30,100,11093,3,15
4835.682430787277,1364.3754820521503,30,100,11094,4,16
4429.172964842243,1346.0691581916542,30,100,11096,4,14
5917.453741565681,1411.2926697320745,30,100,11097,4,22
5965.610265980879,1492.523048254529,30,100,11098,5,22
5539.510669615876,1377.52104914582,30,100,11099,4,20
4957.604558820581,1316.8743851106356,30,100,11100,3,17
5046.583286012067,1360.5558826148658,30,100,11103,4,17
4690.702077526357,1355.205782806753,30,100,11104,4,15
4096.781698460752,1283.8597654719142,30,100,11106,3,12
5930.382655508606,1400.4076362691176,30,100,11112,4,22
4551.5316318298765,1293.705731094988,30,100,11114,3,15
4699.152953238834,1385.442770002548,30,100,11115,4,16
5446.04600116616,1411.8846617568738,30,100,11120,4,19
5287.288868627196,1378.1267578744755,30,100,11125,4,19
4465.033335067466,1316.2693797626653,30,100,11127,3,14
3823.205907024108,1275.6164841081395,30,100,11132,3,11
4463.757201684962,1275.186906265763,30,100,11133,3,14
5098.398428677559,1337.335064360321,30,100,11135,3,18
4450.726221628977,1303.99893898899,30,100,11136,3,14
4860.012488943709,1289.1737819422772,30,100,11138,3,16
4125.671381972291,1286.9498208185528,30,100,11140,3,12
3066.971548130235,1081.135292299428,180,100,12191,1,7
3993.380593091671,1148.1163385229138,180,100,12195,2,12
2636.701001027862,1017.6812665746662,180,100,12200,0,5
4087.127006277807,1083.1083618847847,180,100,12202,1,12
3597.145500386832,1116.3712115219164,180,100,12206,1,10
3226.89580761974,1047.3825156688083,180,100,12211,1,8
3213.262111941613,1179.2494384626746,180,100,12219,2,8
2943.590033876096,1085.7660053785537,180,100,12222,1,6
3536.059331357304,1121.5047978419143,180,100,12224,1,9
4224.177860375487,1158.3640459471774,180,100,12229,2,13
2812.226599292034,1062.728003882621,180,100,12234,1,5
2956.759624983369,1029.511795401438,180,100,12240,0,6
2842.992222738368,1101.857123453948,180,100,12242,1,6
3084.359380444251,1074.5105562978367,180,100,12243,1,7
3557.862981683563,1128.0749777972717,180,100,12244,1,9
3123.2153888076496,1124.7607819526731,180,100,12245,1,7
2910.805557629936,1089.3153180641575,180,100,12253,1,6
3389.200355789525,1126.744077453522,180,100,12255,1,9
2860.305286356849,1033.446432308951,180,100,12256,0,6
2750.669488603197,1043.8853359765446,180,100,12257,1,5
2904.3856235613243,1044.8789967266864,180,100,12260,1,6
2999.273603630876,1089.39554029881,180,100,12266,1,6
3528.070808632886,1098.8965269938542,180,100,12269,1,9
3093.005909713864,1038.5183083328443,180,100,12272,1,7
3437.2061461321323,1117.9335381697783,180,100,12274,1,9
2751.657658539948,1069.3841855939677,180,100,12278,1,5
2971.404697595488,1103.6458358521645,180,100,12282,1,6
3157.3866959989373,1097.7579258930282,180,100,12285,1,7
3051.141661741955,1065.744209023933,180,100,12286,1,7
3428.660795247318,1089.8574971004305,180,100,12287,1,9
2687.681203264511,1049.3438474136378,180,100,12288,1,5
2555.183170406964,1073.8700684720927,180,100,12290,1,4
3132.8815174767587,1091.8579670613108,180,100,12291,1,7
3151.470825056993,1153.0306525055908,180,100,12293,2,7
3442.9074933412467,1113.2236890641748,180,100,12302,1,9
3174.267183240225,1156.366135926421,180,100,12303,2,7
2760.018383379194,1051.5856356086808,180,100,12305,1,5
2969.5054757670114,1049.7134042522916,180,100,12306,1,6
2807.225928359252,1041.9363640775196,180,100,12307,1,5
3202.240414232192,1043.5650562342578,180,100,12309,1,8
3326.7568321423087,1122.6146480527457,180,100,12313,1,8
2800.19188488345,1040.9371116344842,180,100,12322,1,5
4044.392464058339,1105.180133607307,180,100,12328,1,12
2916.2904043652425,1080.2739843517174,180,100,12329,1,6
3095.6943327238564,1021.759035395096,180,100,12332,0,7
3035.4028722095363,1049.798568298517,180,100,12333,1,7
3154.3986136016933,1073.090837660093,180,100,12338,1,7
3096.707323530345,1091.0801019180738,180,100,12339,1,7
3295.639440270294,1029.6506704943697,180,100,12346,0,8
3191.7294535049923,1039.859264790232,180,100,12348,1,7
3217.0201767776166,1100.4553875263832,180,100,12349,1,8
2589.841261929657,1084.3752695856988,180,100,12350,1,4
3175.081939111627,1058.3738628159108,180,100,12353,1,7
3462.8882790331413,1077.2126973728489,180,100,12354,1,9
2857.343185659898,1054.1138642518897,180,100,12355,1,6
2955.020062123271,1055.054693426505,180,100,12356,1,6
2815.088998099529,1084.895943322664,180,100,12361,1,5
3408.678099656144,1043.2698206575064,180,100,12363,1,9
2767.601907803219,1036.88631519356,180,100,12366,1,5
3383.642821217969,1117.643528830651,180,100,12367,1,9
3151.8032354772777,1069.1821413586854,180,100,12368,1,7
2870.7192234306945,1094.778119331692,180,100,12371,1,6
2765.396155789604,1069.8000847983783,180,100,12372,1,5
3498.193256136068,1111.748246563947,180,100,12374,1,9
3305.8212704718494,1078.1434319869695,180,100,12375,1,8
2920.583155895431,1047.452617668067,180,100,12380,1,6
2781.6766686264577,1049.920956516183,180,100,12384,1,5
2608.605690108879,1037.1745808139535,180,100,12387,1,4
2398.62055639796,1013.8736141078316,180,100,12389,0,3
2573.924262278169,1026.9674879177114,180,100,12393,0,4
3013.550549156558,1075.9313723318426,180,100,12395,1,7
3010.6026251267444,1062.939084358075,180,100,12396,1,7
3613.600762748181,1080.959141016369,180,100,12398,1,10
3123.7743941295703,1052.5867735052122,180,100,12404,1,7
2943.154537772413,1072.3724252084237,10,100,12628,1,6
3321.7839372367025,1100.7411837823,10,100,12630,1,8
3967.794284271638,1117.2665364889867,10,100,12631,1,12
3755.424457856762,1159.4104810869528,10,100,12635,2,10
3228.9881655172376,1182.443400047172,10,100,12636,2,8
3210.4748360097747,1036.3081763721234,10,100,12640,1,8
3396.3549347490984,1072.1761576546644,10,100,12641,1,9
2976.375158853637,1047.6532638181582,10,100,12642,1,6
3315.3294940681767,1142.9474075974351,10,100,12644,2,8
3330.789975102893,1102.1679203045485,10,100,12645,1,8
3219.471787358204,1092.7454963088376,10,100,12650,1,8
3586.5493556987467,1121.9133317561452,10,100,12652,1,10
3282.760464233124,1157.761456219204,10,100,12654,2,8
3141.683566402696,1054.219696865852,10,100,12657,1,7
3593.384826806229,1103.838118784088,10,100,12658,1,10
3613.034553006205,1134.2847766616192,10,100,12665,1,10
3550.985893505868,1133.7378464918806,10,100,12667,1,9
2910.3814278244217,1112.106236273293,10,100,12668,1,6
3800.3639792872286,1122.5704005337557,10,100,12669,1,11
3820.3934940211934,1083.9163922634375,10,100,12670,1,11
2800.675673798279,1065.837603139697,10,100,12671,1,5
2884.7495750102657,1112.619930538013,10,100,12672,1,6
3416.1819167802228,1050.3826539336244,10,100,12673,1,9
2633.339342615761,1019.416749196394,10,100,12674,0,5
3925.080344502903,1191.244734543103,10,100,12676,2,11
3499.437773828654,1088.5264221350342,10,100,12684,1,9
3309.7471547730006,1127.969855867977,10,100,12685,1,8
3539.294092317216,1182.773326827762,10,100,12688,2,9
2853.212382163201,1077.6533600724697,10,100,12693,1,6
3164.513388082124,1070.3626757547447,10,100,12696,1,7
3818.207641532819,1107.2420875527982,10,100,12700,1,11
3383.789098681172,1152.1764874207915,10,100,12703,2,9
3039.6490249856606,1143.161420715736,10,100,12709,2,7
3515.724823546334,1156.3268726578274,10,100,12711,2,9
2812.390044989824,1114.891500661029,10,100,12712,1,5
3222.635657910311,1095.223341101047,10,100,12715,1,8
3535.935187135464,1186.7790513330465,10,100,12716,2,9
2941.2480976038537,1099.288088428637,10,100,12717,1,6
3145.643104949264,1038.1021998604592,10,100,12720,1,7
3396.2888292363164,1039.6532120177328,10,100,12723,1,9
3739.035146160339,1120.4332622606012,10,100,12726,1,10
2968.5076110175546,1025.1494099910738,10,100,12727,0,6
3298.8583059582693,1094.0640423208465,10,100,12728,1,8
3916.4683725884847,1126.4888487369997,10,100,12731,1,11
4148.667121972391,1196.9698712264326,10,100,12732,2,13
3454.7536072384905,1131.9567065606905,10,100,12733,1,9
2611.9996778993,1063.2573894785662,10,100,12735,1,4
3365.736151210844,1101.4491238543249,10,100,12738,1,8
3298.1108561308583,1128.2568866279792,10,100,12742,1,8
3901.232229583421,1164.876520141557,10,100,12745,2,11
3192.9100544592466,1038.1642987551838,10,100,12748,1,7
3310.4948108871204,1094.2687409473783,10,100,12749,1,8
2890.8754937434637,1048.532796155898,10,100,12750,1,6
3825.398880976674,1187.9814657270083,10,100,12756,2,11
3411.3481177300773,1072.2064247342023,10,100,12758,1,9
3067.299685020468,1134.569471752405,10,100,12761,1,7
2441.330552748033,1083.532583500252,10,100,12762,1,3
3042.2591321399814,1103.379457118985,10,100,12763,1,7
3154.3549484703217,1093.7744522339706,10,100,12766,1,7
3797.863291701938,1142.648774655196,10,100,12767,2,11
3174.176972564431,1081.7952775041103,10,100,12768,1,7
2092.98011087424,1077.4014251990834,10,100,12769,1,2
2594.418363578321,1100.3278494968283,10,100,12772,1,4
3512.178280975132,1069.3018206953757,10,100,12773,1,9
3396.863795502204,1094.0497422080912,10,100,12774,1,9
2999.7858233488187,1087.9905250242457,10,100,12775,1,6
3121.371150531606,1155.577731808452,10,100,12776,2,7
3883.423744977574,1181.825552724363,10,100,12777,2,11
4112.134256729345,1197.6906002235876,10,100,12790,2,12
3049.441919993684,1106.1261459854504,10,100,12792,1,7
3708.74319635335,1190.7417216559986,10,100,12793,2,10
4137.932081752916,1193.0365267954594,10,100,12794,2,13
3119.85840433493,1132.3042433796986,10,100,12797,1,7
3307.3473313478144,1106.9983719200138,10,100,12803,1,8
3284.626788943516,1061.0485062226878,10,100,12804,1,8
3428.93030532155,1135.091777386386,10,100,12808,1,9
3414.988861801483,1198.9301169644027,10,100,12810,2,9
3335.207682962624,1093.6573199202685,10,100,12811,1,8
4002.233945328298,1154.8168004959916,10,100,12812,2,12
3516.384218039347,1139.2612362069135,10,100,12818,2,9
3167.71773138364,1099.9510268067386,10,100,12821,1,7
3511.064422148552,1108.4466610717857,10,100,12824,1,9
3396.697763543749,1136.7488337590055,10,100,12825,1,9
3551.2105629054995,1108.174247636395,10,100,12831,1,9
3067.7812043397903,1094.7078878961763,10,100,12836,1,7
2968.6168843029263,1117.3014532358734,10,100,12838,1,6
2629.671490313244,1048.6131226098685,120,100,13264,1,4
2960.425799906299,1015.7373908708174,120,100,13268,0,6
2602.8642891187883,1023.6647631522568,120,100,13269,0,4
2890.665446299517,1044.5550197314872,120,100,13272,1,6
2766.509093107946,1063.299041656676,120,100,13284,1,5
3336.380221416018,1058.9559508521772,120,100,13286,1,8
3405.102325121051,1061.9911991108415,120,100,13287,1,9
3305.2509856867064,1094.505478810279,120,100,13289,1,8
3166.115679202076,1103.0417210009082,120,100,13293,1,7
3230.53473740904,1075.4897552710822,120,100,13294,1,8
3027.1151651918804,1029.406062829573,120,100,13296,0,7
3622.3235683686935,1118.861654121721,120,100,13302,1,10
3557.0823270443284,1082.3869028419128,120,100,13305,1,9
2536.9803061764896,1045.4508326868142,120,100,13309,1,4
2979.4561387250465,1096.0640103902158,120,100,13312,1,6
3174.183151800637,1063.9567507562567,120,100,13315,1,7
3149.410056782648,1056.446064800665,120,100,13317,1,7
2895.773820894557,1049.8923255047448,120,100,13321,1,6
2722.9898670445828,1036.8684222709826,120,100,13322,1,5
3007.2228041353183,1045.2253538712023,120,100,13327,1,6
2741.4944734498963,1095.0906431741926,120,100,13328,1,5
2932.2518964474807,1054.764327515392,120,100,13330,1,6
2684.557625177962,1030.996188194078,120,100,13333,0,5
2543.395358191463,1041.5724624292727,120,100,13337,1,4
3551.160349403946,1141.8556956996763,120,100,13338,2,9
2526.163899949497,1024.558080768177,120,100,13341,0,4
3636.073065484648,1130.7683073539322,120,100,13342,1,10
2793.3623084617293,1004.240893995923,120,100,13344,0,5
2531.3182834862214,1034.572392562461,120,100,13345,0,4
2445.3413504437176,1018.4068893594936,120,100,13346,0,4
2809.747851531178,1062.9351122082633,120,100,13347,1,5
2303.7361778646336,1014.1234427893152,120,100,13348,0,3
3991.6246026760577,1115.1172927642133,120,100,13355,1,12
3159.475190533934,1022.1941000441972,120,100,13357,0,7
3219.845929955777,1127.806281470777,120,100,13372,1,8
3494.718948821264,1089.8015557880944,120,100,13374,1,9
2887.99350635325,1033.2991176324026,120,100,13376,0,6
2976.841398496914,1017.0115455182092,120,100,13380,0,6
2328.587742709079,1019.247458382188,120,100,13381,0,3
2744.682408229654,1045.6617217290095,120,100,13382,1,5
2938.905625874883,1064.5402513920733,120,100,13385,1,6
3237.862041332467,1053.9375572227175,120,100,13388,1,8
3005.210998482153,1053.4770164943072,120,100,13402,1,6
3554.466838521971,1062.820522601683,120,100,13405,1,9
2550.223281270632,978.2023848485132,120,100,13412,0,4
2975.641389164123,1003.527949621805,120,100,13413,0,6
2731.471483960508,1020.7797807184054,120,100,13414,0,5
2919.94634052748,1034.763432021926,120,100,13415,0,6
2231.494382960525,956.9766876082704,120,100,13416,0,2
2736.4111771466837,1009.3092118701752,120,100,13417,0,5
3315.08961268058,1058.4179175666857,120,100,13418,1,8
2452.834994375619,1016.175802744187,120,100,13421,0,4
2929.789592275452,1050.0559071204991,120,100,13433,1,6
2594.2032537172804,1028.7707985757074,120,100,13434,0,4
2252.3104282030654,995.3905729325958,120,100,13435,0,2
3453.9608986698054,1064.7846826629784,120,100,13436,1,9
2954.167892820358,1045.0472237160748,120,100,13437,1,6
3000.140260294899,1044.5748626073023,120,100,13438,1,6
2218.557436392284,945.5648994565502,120,100,13439,0,2
2412.541049759422,1011.048349104532,120,100,13440,0,3
2878.30920092228,1062.4588616843296,120,100,13443,1,6
2201.7280644597736,999.275475522925,120,100,13445,0,2
2662.3472720037093,994.630946723439,120,100,13447,0,5
2701.0601762012943,1030.0030751199415,120,100,13448,0,5
2465.559232403692,1021.9412145892716,120,100,13453,0,4
2381.5138497316166,1012.7448756115616,120,100,13454,0,3
2864.735308891378,1004.2135564353456,120,100,13456,0,6
2703.586199255308,1010.4853581644072,120,100,13457,0,5
2607.5869633711613,1024.9561473199808,120,100,13458,0,4
3006.639799326275,1013.7692504496016,120,100,13459,0,6
3027.471082691018,1030.3844057647484,120,100,13462,0,7
2564.659755591488,957.4930733169292,120,100,13463,0,4
2703.131315906749,975.6215500853132,120,100,13464,0,5
3264.533630463412,1045.631316702919,120,100,13465,1,8
2137.0366420387395,967.8397029585688,120,100,13468,0,2
2447.692061556783,986.0565430939206,120,100,13470,0,4
2196.3441768770035,955.5781565051458,120,100,13475,0,2
2870.578474074875,1002.7551884823624,120,100,13478,0,6
2791.633979855119,1018.68967197279,120,100,13479,0,5
2473.357228410803,1002.8236770282326,120,100,13482,0,4
2272.8535340282056,983.3841917654812,120,100,13488,0,3
2354.030351239328,948.928695982842,120,100,13489,0,3
2300.9727774335524,965.5092843532764,120,100,13490,0,3
3470.408986407894,1107.4091366842397,75,100,13493,1,9
2910.019678439374,1082.5688948540396,75,100,13494,1,6
3060.66957959528,1061.4107895222696,75,100,13496,1,7
3013.336463284999,1118.514266233608,75,100,13499,1,7
3477.3424185824924,1123.867841305523,75,100,13510,1,9
3311.340317013152,1079.0778598809063,75,100,13511,1,8
4924.250884380442,1273.3992150286806,75,100,13512,3,17
4057.4650294008648,1173.2641051725564,75,100,13513,2,12
3333.7224841134084,1132.9921200881977,75,100,13516,1,8
3519.6148499690576,1119.9787204579968,75,100,13518,1,9
3218.9381777838985,1107.9881200069883,75,100,13520,1,8
3521.698700287871,1116.7085592534931,75,100,13521,1,9
4271.114296364638,1150.7472616580092,75,100,13522,2,13
3600.4004047688622,1127.00211354139,75,100,13523,1,10
3957.1198701766302,1108.4602802744437,75,100,13525,1,12
4604.637112628978,1175.6293828612218,75,100,13526,2,15
3873.196501933911,1145.7882911646077,75,100,13530,2,11
3337.212425813317,1126.639781276117,75,100,13533,1,8
3623.72049491662,1103.94708732676,75,100,13554,1,10
4299.233937846405,1155.2352635474117,75,100,13555,2,13
4412.997251659072,1228.4058920889306,75,100,13559,2,14
4271.974551240601,1166.0600798228002,75,100,13560,2,13
2816.370965578758,1080.460903896463,75,100,13562,1,5
3768.803294923857,1132.5731960959044,75,100,13570,1,11
3145.7035088954017,1176.797814661035,75,100,13571,2,7
3688.286102308125,1183.6953424689186,75,100,13573,2,10
3452.55114020096,1094.6190033443847,75,100,13574,1,9
3527.471776083443,1100.251058982077,75,100,13577,1,9
4642.323245608831,1220.9555326803486,75,100,13578,2,15
3776.0434184557225,1096.3002585192007,75,100,13579,1,11
3473.3704578254883,1117.3465539696329,75,100,13583,1,9
4396.710363890247,1246.5471765675325,75,100,13584,3,14
4713.308178497842,1256.0332151750852,75,100,13585,3,16
3271.706436584272,1106.6182839224866,75,100,13587,1,8
3390.7369435241853,1151.57485114779,75,100,13589,2,9
3346.243760039063,1145.740106136868,75,100,13590,2,8
3018.939093122235,1110.37476808335,75,100,13591,1,7
3530.11603268954,1145.0888584759357,75,100,13592,2,9
3766.699620965365,1110.9630645070572,75,100,13593,1,11
3335.0956478176245,1097.502899040615,75,100,13594,1,8
3805.669996622484,1213.0692150045256,75,100,13599,2,11
3942.6717805233534,1265.456025451016,75,100,13602,3,11
3870.464742898599,1156.808934341352,75,100,13603,2,11
4404.264346661425,1256.111650461204,75,100,13606,3,14
3636.702179348744,1105.263590353728,75,100,13607,1,10
3328.594354917521,1152.7674603658986,75,100,13608,2,8
3737.19151414513,1154.1893200281042,75,100,13610,2,10
3914.3123098587416,1186.4870685124174,75,100,13613,2,11
3699.8050609446095,1212.8132388858126,75,100,13615,2,10
3430.511761125538,1163.8302387344672,75,100,13619,2,9
2986.5644864787323,1104.1151202439955,75,100,13626,1,6
3359.4349792296966,1076.0320058859816,75,100,13633,1,8
3090.3394183320693,1122.1529645877388,75,100,13634,1,7
3155.170557939362,1082.034684271092,75,100,13635,1,7
3105.7614563118327,1109.1804094368288,75,100,13636,1,7
4286.992402626381,1204.627553935056,75,100,13637,2,13
3247.80325296523,1089.744442145677,75,100,13641,1,8
3623.871164850223,1097.170247650034,75,100,13645,1,10
2929.713890148968,1082.4513764567523,75,100,13646,1,6
3729.342939722727,1164.2899387369405,75,100,13651,2,10
4314.699138557815,1153.7096294613746,75,100,13654,2,13
3675.921953411213,1112.008923514842,75,100,13655,1,10
3074.633206828327,1089.5921252001706,75,100,13656,1,7
2738.261096867424,1085.9105619241464,75,100,13660,1,5
2868.4698024919403,1065.360644276452,75,100,13664,1,6
3015.7994031100434,1104.0941902073102,75,100,13665,1,7
4380.119992888996,1293.415699995648,75,100,13666,3,14
3618.1164192715705,1117.653558913163,75,100,13667,1,10
2962.860750283056,1094.8983218556027,75,100,13668,1,6
3341.5085249899016,1127.8906042880185,75,100,13669,1,8
3140.335835825112,1115.892449489667,75,100,13670,1,7
3999.729970098973,1177.821687390855,75,100,13671,2,12
3293.160440731575,1116.006881976558,75,100,13674,1,8
3389.0722349140774,1177.2891659356137,75,100,13675,2,9
3314.0491839250826,1142.127611910376,75,100,13676,2,8
3912.8972296468182,1187.4730735094167,75,100,13679,2,11
3213.463663560042,1179.0026502399396,75,100,13680,2,8
3073.773938034785,1124.508048412422,75,100,13682,1,7
3774.1468870066656,1173.190692732911,75,100,13687,2,11
3564.2815242708048,1148.321211810293,75,100,13688,2,9
3514.140288783752,1151.0603553676915,75,100,13691,2,9
3118.5115045677253,1112.7537753648842,75,100,13693,1,7
3115.690394383392,1134.552461891067,75,100,13694,1,7
3504.5705851920784,1149.484727214083,75,100,13695,2,9
2928.5174033946923,1104.332259885397,75,100,13700,1,6
3505.5541518024406,1121.8397495881334,50,100,13937,1,9
3047.292821031263,1104.279617613378,50,100,13941,1,7
2719.268347964883,1100.8474887065029,50,100,13942,1,5
3894.295852403645,1156.168115169546,50,100,13944,2,11
3089.190704218607,1136.780305605154,50,100,13949,1,7
2893.2367266502865,1103.7306020631834,50,100,13950,1,6
3765.8944839039327,1163.2101051461177,50,100,13951,2,11
3627.579198132524,1175.1435572130322,50,100,13954,2,10
2992.8712066408,1109.0851082801914,50,100,13955,1,6
3400.6060488958365,1142.2476586245764,50,100,13956,2,9
3136.2660731979418,1140.5663946479942,50,100,13961,2,7
2459.5850089569662,1075.4094667087395,50,100,13962,1,4
2588.334606554708,1051.70029258831,50,100,13963,1,4
3172.236594813705,1074.913836996782,50,100,13965,1,7
3168.6653477466725,1120.659973589444,50,100,13966,1,7
3300.977103090075,1120.4057626354056,50,100,13971,1,8
2565.2701279314974,1055.6370802491156,50,100,13972,1,4
2970.098095354548,1117.1636865018058,50,100,13973,1,6
3326.864570363877,1148.4314624865433,50,100,13975,2,8
2795.9220925001027,1067.0401811707104,50,100,13978,1,5
3254.110585616664,1159.8368688888995,50,100,13979,2,8
2891.344001485977,1082.1439972034195,50,100,13980,1,6
3150.450884432536,1091.2360679099645,50,100,13987,1,7
3445.051877439119,1146.7148636756046,50,100,13988,2,9
2787.242159373804,1067.701560963049,50,100,13992,1,5
2745.554146057595,1052.8844616659917,50,100,13993,1,5
3186.9111016506527,1099.6560740946145,50,100,14004,1,7
3119.086044262886,1108.2601749922433,50,100,14005,1,7
3076.3355655108007,1064.755597696155,50,100,14011,1,7
3124.689022970805,1046.993761307377,50,100,14013,1,7
2851.88252531313,1044.5411425389873,50,100,14017,1,6
2429.733108338617,1023.6133566306536,50,100,14020,0,3
2984.985562771212,1099.6398597514144,50,100,14022,1,6
3347.7479926259293,1094.1300345069867,50,100,14025,1,8
3355.38765612432,1086.227677582251,50,100,14026,1,8
3335.627802849586,1108.4041050203489,50,100,14027,1,8
3019.2468472905125,1125.8874592058826,50,100,14029,1,7
3413.2032493606266,1103.8807287431237,50,100,14030,1,9
2782.0523816642085,1052.2510905060583,50,100,14034,1,5
2592.3469196093424,1045.845957804284,50,100,14035,1,4
2431.4887643918314,1031.735514929166,50,100,14036,0,3
3145.886432154513,1097.4306923478812,50,100,14038,1,7
3853.386083488855,1174.7935835712133,50,100,14041,2,11
3456.479482970424,1145.2623571135816,50,100,14043,2,9
3320.111751926832,1112.4684652460826,50,100,14049,1,8
4116.241958766385,1237.5187702094795,50,100,14051,2,12
2909.99150848024,1117.1394024258825,50,100,14054,1,6
2939.260793982441,1087.5821090460877,50,100,14057,1,6
3289.807609803526,1100.6472447640854,50,100,14059,1,8
3545.8335523681767,1131.9513712829405,50,100,14060,1,9
3128.074817251904,1091.1238540576626,50,100,14063,1,7
3571.01727196762,1072.9616330298236,50,100,14066,1,10
2913.2747758608843,1062.259542845163,50,100,14067,1,6
3518.5995264570856,1095.9304600466728,50,100,14069,1,9
3365.638702037214,1096.7915721451052,50,100,14073,1,8
2976.619728273954,1120.355376894414,50,100,14079,1,6
2763.600453069603,1062.4141149772806,50,100,14080,1,5
3231.4310788439643,1099.67439134069,50,100,14090,1,8
3348.2599016791933,1092.5268821793848,50,100,14095,1,8
3573.795386188725,1126.116225779224,50,100,14096,1,10
3288.557978787353,1104.5074170680411,50,100,14097,1,8
3028.2454926654104,1078.5554952680195,50,100,14098,1,7
3480.2107731305714,1093.3151195234375,50,100,14099,1,9
3772.1446581593686,1111.8441078719354,50,100,14102,1,11
3201.501763295121,1087.9003886706173,50,100,14105,1,8
3504.6634162373207,1095.554492469814,50,100,14108,1,9
3184.5905991811705,1088.811384188026,50,100,14109,1,7
3502.4499297304064,1103.4705192142435,50,100,14113,1,9
3765.990074932144,1114.611935438479,50,100,14114,1,11
3198.397621133912,1018.9102236566016,50,100,14116,0,8
4125.083104805346,1109.3319813464632,50,100,14120,1,12
3248.0072592039137,1076.504865031444,50,100,14127,1,8
3990.3308161133514,1153.6837502260623,50,100,14129,2,12
3458.127525056954,1151.1283740014176,50,100,14130,2,9
3266.1712525578023,1106.2691998682003,50,100,14132,1,8
3502.6747181717624,1114.6854622692151,50,100,14133,1,9
3324.800026186964,1107.1477593455986,50,100,14134,1,8
3296.0685830710463,1142.1428290862204,50,100,14137,2,8
4582.9138901567685,1165.1283447335372,50,100,14141,2,15
4042.9679405957336,1104.630991053076,50,100,14142,1,12
3083.555910132943,1070.7334077091975,50,100,14143,1,7
3743.85645070942,1126.6670589767464,30,100,14351,1,10
4068.8867517358826,1114.7813007756192,30,100,14352,1,12
3864.216161945441,1105.719952745496,30,100,14353,1,11
3309.507170042481,1093.6674212142073,30,100,14355,1,8
4575.559692466328,1174.070753849859,30,100,14356,2,15
4006.0750916368593,1086.3335473769394,30,100,14358,1,12
4126.8156301544295,1795.090764466877,30,100,14363,8,12
3659.295719976807,1107.3923644703352,30,100,14365,1,10
4724.880159974028,1234.9085700000317,30,100,14366,2,16
4484.737146238172,1176.5114241348058,30,100,14367,2,14
3218.113264781436,1021.3767717722304,30,100,14368,0,8
2778.965484263028,1033.451053181773,30,100,14369,0,5
4346.234373369896,1127.2341815641569,30,100,14370,1,14
5179.334435098252,1236.0009930108365,30,100,14371,2,18
4569.782871664046,1195.704598452702,30,100,14372,2,15
3550.91084101603,1141.5590177917347,30,100,14376,2,9
4016.406486212774,1164.9783217009187,30,100,14381,2,12
3718.833035979761,1143.7757672546472,30,100,14382,2,10
3927.3792051800856,1147.996433025959,30,100,14385,2,11
4608.016075540293,1142.4723144597006,30,100,14386,2,15
3333.354310840603,1121.864756773527,30,100,14391,1,8
3339.5229544459025,1070.8908119612286,30,100,14393,1,8
3435.2370723973777,1171.72680220775,30,100,14397,2,9
3452.220592755172,1049.1025534090957,30,100,14398,1,9
3791.1992837498615,1063.1470764583628,30,100,14402,1,11
3703.71722166672,1155.2959741743357,30,100,14404,2,10
4146.584823319513,1095.0014842679348,30,100,14406,1,13
3781.020936885919,1131.8557126252383,30,100,14414,1,11
2702.673724621529,1060.5265071865342,30,100,14417,1,5
3717.500645154858,1094.067329240032,30,100,14420,1,10
3950.963649255477,1116.508506278459,30,100,14421,1,12
3388.3667435658217,1100.1680660780912,30,100,14422,1,9
4140.500016652213,1106.392594519161,30,100,14423,1,13
4544.589983905688,1172.853695117583,30,100,14424,2,15
3476.297147842691,1171.1984891352645,30,100,14426,2,9
3994.6266518436414,1167.6960171322814,30,100,14427,2,12
4091.973477222832,1172.465444479245,30,100,14433,2,12
4195.6771377709965,1185.030624688942,30,100,14434,2,13
4044.063707221369,1207.3271579168568,30,100,14435,2,12
3324.118857045164,1135.6532711830566,30,100,14436,1,8
3508.1914987755185,1173.2970642129874,30,100,14438,2,9
3197.6888546502164,1099.7650390298768,30,100,14446,1,8
3992.605121698101,1179.725909953406,30,100,14450,2,12
3240.1550131631666,1069.7164905946331,30,100,14451,1,8
3690.1626932168015,1140.9457012467517,30,100,14464,2,10
3903.749113918074,1110.2664293357195,30,100,14466,1,11
3624.53605740987,1147.2552207760457,30,100,14472,2,10
3794.96674991395,1206.374205142558,30,100,14476,2,11
3366.7191481241475,1077.1636286379555,30,100,14477,1,8
3592.8738360946945,1090.9337096811555,30,100,14478,1,10
3756.519754192416,1070.3186575997245,30,100,14484,1,10
3747.2445607310783,1091.063180508943,30,100,14485,1,10
3748.518968271895,1133.8610396069,30,100,14490,1,10
4437.1856335591465,1162.9419580155786,30,100,14491,2,14
3424.644968394282,1111.7621332891408,30,100,14492,1,9
3719.5198853366232,1157.728796793706,30,100,14495,2,10
3778.509728146856,1108.8281087023124,30,100,14503,1,11
3352.26572782224,1109.4663137485477,30,100,14504,1,8
3633.9467383766846,1124.0044662370765,30,100,14505,1,10
3118.957320226479,1113.6125549521264,30,100,14506,1,7
4028.667501518955,1055.699843440917,30,100,14510,1,12
3876.724697147157,1125.1705218225757,30,100,14511,1,11
4005.814980043648,1080.7046914023922,30,100,14512,1,12
4410.974586708745,1125.6219528188535,30,100,14516,1,14
3470.7959912006395,1095.0929686902211,30,100,14518,1,9
4806.974402285994,1125.7459618646303,30,100,14519,1,16
3232.475535871403,1042.1305918778166,30,100,14521,1,8
3789.112072468561,1101.4843948047414,30,100,14527,1,11
3426.6622054692866,1043.5535786823634,30,100,14528,1,9
3630.9129470218218,1082.8326972610664,30,100,14532,1,10
3136.5291932008754,1014.186258858987,30,100,14534,0,7
3243.8809947659865,1058.62246854753,30,100,14537,1,8
3891.8669123327422,1175.629343698922,30,100,14538,2,11
3033.5962808399668,1117.47903895609,30,100,14539,1,7
4310.262213296858,1136.371834504435,30,100,14540,1,13
3677.669617765155,1120.3277727031457,30,100,14542,1,10
3592.655296960326,1091.6483770696475,30,100,14545,1,10
3577.846365709807,1100.3113206837563,30,100,14549,1,10
3691.3795313438654,1133.613304317645,30,100,14551,1,10
3713.1351501900353,1163.8280159428898,30,100,14552,2,10
3511.0203264913903,1083.1117175518436,30,100,14554,1,9
4634.062158010114,1171.8722469170657,30,100,14557,2,15
4303.21755141723,1245.922669914796,30,100,14574,3,13
